state,specialty,services,source_rows,avg_charge_per_service,avg_allowed_per_service,avg_payment_per_service
FL,Clinical Laboratory,39367317.0,8713,68.29655839653583,18.67499849202494,18.255677816198055
CA,Clinical Laboratory,38614721.3,13973,112.84853580348744,42.93863413951482,42.51864351407222
NJ,Clinical Laboratory,35752578.6,5549,81.04296294603651,15.10490160309883,14.898246158394747
FL,Hematology-Oncology,35171900.0,15877,41.41226740751348,14.961841717398764,11.86671657459879
TX,Clinical Laboratory,30636630.7,10019,77.36537007217343,25.04386917848696,24.599133022498545
CA,Diagnostic Radiology,25993072.7,112669,118.5959548826438,23.116767448193738,18.201385030164026
FL,Rheumatology,21748974.8,5593,30.63577089574886,13.170635597953307,10.377084643546379
NC,Clinical Laboratory,21264814.3,2702,74.36973318186894,15.048309197341535,14.92975719004864
CA,Hematology-Oncology,20550344.4,14863,69.64891059001445,22.205918893021224,17.51247946434779
NY,Diagnostic Radiology,20414485.6,68114,116.18334327366814,21.808496001972863,17.273001211944734
FL,Diagnostic Radiology,19918087.6,70548,111.54912568415637,20.470788855247893,16.21376902067838
CA,Physical Therapist in Private Practice,18372125.0,36999,63.831650350180816,29.057978403687315,22.33687917973261
MD,Ophthalmology,18205644.0,6142,50.4675304932996,21.938290177457137,16.903147952351645
PA,Pharmacy,18128412.8,559,6.866189055985416,4.05779801693136,3.3129986007256447
FL,Nurse Practitioner,17143658.2,72111,141.69458260781568,63.852381586779224,49.54807111989634
FL,Ophthalmology,16513405.5,17828,128.62706749375627,54.00574482833619,41.59507194806733
TX,Nurse Practitioner,16299993.8,68609,118.27696742066694,45.17672874145953,34.861066258209796
NY,Physical Therapist in Private Practice,16208869.4,31942,81.87143750938257,28.101522541113354,21.841980790468956
CA,Internal Medicine,15583890.5,76286,197.18082350508104,86.51557610274004,67.15311303478771
TX,Hematology-Oncology,15190021.1,13505,52.53925654981848,15.137416582659863,11.998998350976983
IL,Clinical Laboratory,15019133.4,3982,52.72267769591819,17.515513937643696,17.368663540802054
FL,Infectious Disease,14652617.5,3535,14.96925126380466,6.16986083817268,4.8744233124325875
FL,Internal Medicine,14498817.5,59313,140.52558986279638,61.685609185062475,48.24087658391838
TX,Rheumatology,13497295.6,5030,38.1702844694315,13.786288635485157,10.839555723300197
CA,Rheumatology,13120545.6,6115,40.47169839720626,16.207476793497406,12.712054486514512
OH,Clinical Laboratory,12746173.5,3158,53.579026328177946,12.485282589344628,12.222083512380722
CA,Ophthalmology,11945710.8,26449,225.23819796556708,90.01936652357865,68.81460406693786
NY,Internal Medicine,11709506.1,66427,176.6879252439158,66.32059324861994,51.99503174945402
NJ,Physical Therapist in Private Practice,11604712.0,21997,95.84589397823555,27.345502086564483,21.317400629155973
AZ,Clinical Laboratory,11474840.8,1931,134.56694680989617,32.1863593916549,31.589185850892292
TX,Diagnostic Radiology,11252451.8,71507,153.2634954908169,24.229380847473337,19.144961479414558
NY,Hematology-Oncology,10984874.5,10653,52.35520902492303,16.170793643558763,12.856711605581607
IL,Hematology-Oncology,10899498.0,8068,57.46489514473815,17.967329743073844,14.19997165374109
FL,Physical Therapist in Private Practice,10818081.0,17836,73.17678639862827,25.155674144066534,19.288267938644985
TX,Internal Medicine,10698539.5,55032,156.13764515617936,60.20464792034185,46.8816453909706
CA,Family Practice,10625558.0,58792,136.96230881610273,61.38891387633074,46.59535545332823
PA,Rheumatology,10405985.8,3327,31.461849035981196,14.021289785922026,11.016197861809406
TX,Medical Oncology,10300411.1,9317,58.93478673289822,16.50639857471455,13.11891730418051
NJ,Diagnostic Radiology,9825135.1,32918,89.90904094642525,18.851447281368767,15.005494378390077
MD,Diagnostic Radiology,9714927.0,26203,71.11159166508457,19.265449303932172,15.319191677903502
NY,Clinical Laboratory,9528819.0,3628,110.60855879616291,21.242496953710997,19.763427337634415
TX,Ophthalmology,9462055.8,15670,215.96974357316978,77.63557419203536,59.78626305710571
VA,Hematology-Oncology,9406833.0,7510,66.47467153293542,20.429358395121515,16.258887407704098
TX,Ambulance Service Provider,9368471.0,2025,169.70182846280127,42.50679856400895,33.67039952196637
MN,Diagnostic Radiology,8934133.5,38141,90.23086883801875,15.38281454155629,12.03508934133836
FL,Neurology,8700978.0,10222,60.27070828012519,18.831732775331936,14.472912439269685
CA,Nurse Practitioner,8682143.7,36858,165.86468640229265,74.33597206166517,57.63167060913458
MD,Hematology-Oncology,8543579.0,3987,51.60870378095294,18.139491354855327,14.377330570709788
TX,Family Practice,8340603.6,60003,129.9969115556559,55.57333210029626,42.28998914296659
FL,Medical Oncology,8326423.0,3942,41.564142493182125,15.150619710280642,12.005530981304174
CA,Ambulance Service Provider,8195377.2,1002,385.4076085137158,67.73139927343713,53.46082259278445
NY,Nurse Practitioner,8186948.8,41120,132.16949410868114,47.86938340089203,36.948337976574855
CA,Cardiology,8144776.9,36754,252.92105897579367,86.86179333166488,66.43610987800993
AZ,Diagnostic Radiology,8106259.1,21582,98.36954988521393,16.52228616156049,13.01825476192985
TN,Nurse Practitioner,8084214.7,45284,96.70066082732527,35.6390323960644,27.17207265782713
PA,Physical Therapist in Private Practice,8013320.0,17798,63.61156738655724,25.274468498704174,19.56687611626857
FL,Family Practice,7969237.4,48593,163.69440027349265,77.52741309470416,60.25245419464157
TX,Physical Therapist in Private Practice,7930699.4,18527,69.0591539114456,25.12362285096245,19.27181255665411
FL,Orthopedic Surgery,7811833.0,20604,133.47889379737168,33.48113562720919,25.489172098276544
NJ,Rheumatology,7715812.3,2536,30.902848933982423,13.293418432434494,10.433044642618377
MA,Clinical Laboratory,7702490.0,2526,91.01775373169748,24.267103271838504,23.714789617432476
PA,Clinical Laboratory,7638746.3,3451,87.20237795829146,39.257400027745675,38.69743818819561
TX,Independent Diagnostic Testing Facility (IDTF),7457392.5,6884,123.17476189159949,26.323668326336822,20.528685113511294
NJ,Hematology-Oncology,7443704.2,4861,48.83620704060461,17.06449504267217,13.42325718290184
IL,Physical Therapist in Private Practice,7363810.2,18148,78.95181371863887,26.44743231431872,20.37326263243148
CA,Dermatology,7306694.2,25184,181.9577201491488,87.11458393172683,66.07817299504137
NY,Ophthalmology,7121711.3,18269,239.42642585364123,92.79972270150046,71.03660516822696
NC,Rheumatology,7066385.3,2837,36.850429377248545,14.461895872006197,11.395993507453507
AL,Clinical Laboratory,6988114.7,2178,56.88512924643601,10.788735272160986,10.718522175915231
AZ,Hematology-Oncology,6909827.0,4476,61.17559001846116,19.296824703411424,15.251904807439466
PA,Diagnostic Radiology,6848175.5,51621,118.46272645755052,24.19024194838941,19.14101144312643
CA,Neurology,6819940.5,12183,101.56984676476058,31.36316109796474,23.96615782646179
FL,Physician Assistant,6800246.5,39152,164.12895450779558,49.44579688103563,36.99352744495536
NJ,Ophthalmology,6723563.4,7560,115.34735811966434,46.82631796409508,35.91473805984927
CA,Urology,6714385.3,14256,93.24606649694519,28.539268042898804,21.803537178598493
MA,Diagnostic Radiology,6581242.0,34965,97.0943564026514,21.12612897534906,16.659319316931565
IL,Diagnostic Radiology,6459224.0,52096,152.3136527468275,26.022539517121224,20.476311570867285
VA,Rheumatology,6433245.0,1540,26.206474193032154,12.755954354320949,10.014748634634806
AZ,Rheumatology,6354431.5,1440,31.832231059523334,14.677929086174592,11.615369204932067
TN,Hematology-Oncology,6345142.0,5655,53.19627073429864,20.54402137571436,16.423825915930138
GA,Clinical Laboratory,6327887.2,1477,79.90293302946259,12.820874460284855,12.615446458975045
IL,Rheumatology,6236861.6,2582,36.74547979225048,12.621203048649267,9.892087629457658
IL,Nurse Practitioner,6145415.1,35885,146.30835345035624,59.419502472638456,45.561126998538036
VA,Diagnostic Radiology,6138549.4,30319,118.340236734125,21.445674860903317,17.061697353114944
CA,Physician Assistant,6131132.5,36255,209.55361837962465,89.09239418310409,68.59740803662454
GA,Internal Medicine,5941778.2,26442,118.31963069575879,42.339313587972775,32.85962117871777
NY,Cardiology,5939828.4,31648,308.2770044198628,79.9096373002842,60.930288721816
PA,Hematology-Oncology,5926789.0,5178,58.93415658803551,21.824414157494562,17.193334831044027
SC,Nurse Practitioner,5924023.4,24905,102.19065778165091,38.10939898549398,29.23449136948989
IL,Internal Medicine,5843883.5,35708,164.23834652418034,65.75528194394077,51.4234128828953
NJ,Internal Medicine,5775473.5,34550,196.84172996900787,77.41808898613517,60.17567891011772
VA,Clinical Laboratory,5773261.0,2348,28.081184427633445,9.9609847467207,9.411230280399035
FL,Dermatology,5766694.2,20944,184.57669003666396,93.58449556421601,71.05347118451984
CA,Orthopedic Surgery,5730924.0,21202,177.51513966688393,47.65387199514598,36.381611593511636
MD,Rheumatology,5727504.0,2707,37.425671931449294,16.28618251158411,12.850099203771805
TN,Ophthalmology,5677148.0,4485,127.67914868691786,45.22008538794422,34.99852215759671
FL,Ambulance Service Provider,5654237.2,754,115.05214043739838,59.19899681603546,47.00382314528558
SC,Hematology-Oncology,5629415.0,3065,49.16883024971062,18.257766245702673,14.527979546715445
FL,Cardiology,5605765.7,32127,226.55426054646225,92.36797076442188,70.80179850363216
AZ,Nurse Practitioner,5585137.9,25151,144.00407386734017,79.54129700348929,62.1871114212874
AR,Hematology-Oncology,5574196.0,3197,56.07671000973866,19.97837034076626,15.941752821392388
KS,Clinical Laboratory,5551774.1,2072,97.34668682019505,18.772848428716806,18.665966106179948
MD,Physical Therapist in Private Practice,5452413.0,12994,69.15120615588447,26.908077286153542,20.71186720999024
SC,Rheumatology,5442787.5,1478,37.43481895072299,14.017895675720094,11.060509812295543
VA,Physical Therapist in Private Practice,5309462.0,12763,69.8469309225745,26.135193441436346,20.05257795611365
MO,Ophthalmology,5237144.0,3849,84.81284256838205,34.59952533668635,26.636396551240306
GA,Ambulance Service Provider,5210802.7,798,130.47426705487666,35.90389723064318,28.27412843324399
KS,Hematology-Oncology,5188279.0,1903,70.20571981767219,20.756896088275987,16.47074099135536
AZ,Physical Therapist in Private Practice,5187228.0,11825,71.19379406688905,25.548530191850116,19.562639957224352
NY,Rheumatology,5118093.9,4401,53.26088706970566,19.683321609219252,15.504199872147936
NC,Diagnostic Radiology,5059726.9,38322,133.139568949828,24.108764897967486,19.294860175167823
TX,Physician Assistant,5038407.0,34054,148.4885972073598,42.86805457958297,32.30561658481757
OH,Nurse Practitioner,4945612.1,43794,161.05635380699718,53.90696287324038,40.122427238080185
NY,Ambulance Service Provider,4906027.4,1823,188.17539163148518,59.97024016628355,47.30699431877058
TN,Clinical Laboratory,4852986.6,2005,84.80330884495268,21.344764193293855,20.765239617656803
GA,Nurse Practitioner,4843921.3,31782,143.0099873070781,48.43554717318868,37.020184097424455
NC,Ophthalmology,4787497.0,6563,148.24449915273703,64.82628604671126,49.80653345789628
TX,Neurology,4774816.0,9121,115.75845449957231,34.45306530135255,26.605323840713023
TX,Orthopedic Surgery,4755158.5,19243,135.89716007151895,39.99136905109016,30.226050195824023
TN,Diagnostic Radiology,4752016.0,27470,108.56442374144099,19.516378320270643,15.343948799842654
FL,Pathology,4748372.6,9254,121.40922408659486,35.54231504921264,29.585826263937644
CA,Pharmacy,4584923.0,950,17.448562756683454,9.46349276968152,7.785961834061076
MD,Clinical Laboratory,4583340.2,2255,85.93390245829838,19.38206298538503,18.368031388971016
IL,Ambulance Service Provider,4496559.5,1685,265.43511554609074,55.299859846137494,43.84106479860342
NC,Physician Assistant,4482572.3,37903,139.6111475324217,42.39574341500392,31.172298128904618
WA,Diagnostic Radiology,4480143.5,24851,91.76077856213392,21.560238532541685,17.090990723851398
MD,Internal Medicine,4473837.0,22476,160.36208873948362,66.80288570640094,51.22341657730313
NC,Physical Therapist in Private Practice,4396427.0,13080,66.55757085015298,25.452969923071628,19.46798056694433
NC,Internal Medicine,4383429.5,28020,131.06042855260498,50.93587446999065,39.71057356344632
PA,Ophthalmology,4368417.9,10495,285.4890435070433,111.60882690731088,85.82965260035198
GA,Hematology-Oncology,4315087.0,3936,60.133218039475366,20.93453993394246,16.569067087173757
NC,Nurse Practitioner,4298226.8,38237,155.69050216239515,56.68628413926627,42.92123131091415
PA,Internal Medicine,4283723.3,32835,178.64985791684478,76.62861017890991,59.15430611031512
FL,Urology,4234560.0,12592,98.61418705136798,34.52779438004808,26.30915467960063
PA,Nurse Practitioner,4206441.9,33467,148.61438011538556,57.86656602582953,43.83308754839207
IL,Ophthalmology,4205677.5,8549,214.32836705374768,85.87850854707538,65.3955820577942
MS,Nurse Practitioner,4184758.5,22850,90.29347567129253,39.24863303815288,30.11846672632488
CA,Medical Oncology,4183919.0,3090,75.01215901398355,21.538228180336134,16.939184066424705
OH,Ambulance Service Provider,4174755.4,2455,112.61564058088476,44.82868027904109,35.488434608655105
OH,Diagnostic Radiology,4155725.5,36624,154.0442608757805,26.081240329758227,20.52213199836871
NJ,Nurse Practitioner,4140601.3,22708,171.64352367857805,66.7189426473544,51.5891846673679
NY,Physician Assistant,4131944.5,35035,196.47913358468313,53.46456782279451,40.502778737696644
TX,Cardiology,4112496.1,27479,277.39144020100247,92.20095594011325,70.1235764357262
NY,Orthopedic Surgery,4104596.0,14278,255.0719545602903,42.015758091668644,32.145125900345306
NV,Hematology-Oncology,4087502.0,2197,56.15453580946038,15.971700679309551,12.741322984066553
IL,Family Practice,4083035.7,27914,147.93404331005453,69.66494997823176,54.112056845252724
OK,Nurse Practitioner,4077059.0,13850,94.14062760926471,39.93025242205485,30.862128281713368
MA,Physical Therapist in Private Practice,4037045.0,11091,74.45031846065298,27.914869073793586,21.370750903194505
MA,Internal Medicine,4032771.0,35352,219.58608387885045,74.43077993019155,57.56811227068251
MA,Ambulance Service Provider,3984776.6,943,293.721724113898,55.83718686009102,44.175599628281496
PA,Ambulance Service Provider,3980826.6999999997,1913,141.89783759470987,52.01535873944184,41.25739531441729
NY,Neurology,3965942.9,11323,135.48563077396796,39.09745181655405,30.139232665212628
GA,Rheumatology,3963397.1,2046,46.31998334963762,15.69841771847885,12.328199445367979
OK,Clinical Laboratory,3957645.2,2098,45.83741164570176,14.938407990708932,14.663912528108792
AL,Hematology-Oncology,3951871.0,3073,67.82044421235362,24.0557889870606,19.26489735873839
GA,Physical Therapist in Private Practice,3947391.0,10607,64.82344969372974,25.151419400820803,19.319704615030748
NY,Family Practice,3937249.8,33215,164.28618543835046,64.98626104188247,50.36497819114326
OH,Hematology-Oncology,3929512.0,4081,57.903513578735826,19.184808172098062,15.002846875131592
NY,Urology,3873279.9,12152,137.02923383618193,34.813328925702,26.543440354004677
MI,Physical Therapist in Private Practice,3862613.6,12239,81.82174120651975,25.15027057845394,19.387541339891044
PA,Family Practice,3855772.1,37211,146.17490657705952,71.98667857989435,54.402516103049415
SC,Physical Therapist in Private Practice,3849762.6,7287,62.28937731901306,24.458749809665782,18.78987560947801
IN,Nurse Practitioner,3840127.5,29245,131.8744581840184,52.689750371602294,39.446435830588996
NJ,Ambulatory Surgical Center,3823889.0,2216,357.9673526119401,55.3130930866909,44.370082920876705
SD,Ophthalmology,3811507.0,710,25.39800746528739,13.130901058301625,10.25001683059236
NV,Clinical Laboratory,3794793.5,1233,50.61432014939558,8.938764992056864,8.768847611835497
TX,Dermatology,3785251.8,16082,174.55267108778426,73.07728276890562,54.29190709582382
FL,Ambulatory Surgical Center,3761684.5,5897,812.2773201050421,149.94902350261592,120.02500233075394
MD,Nurse Practitioner,3751930.5,24464,155.80612053449286,61.04493942520351,46.45513180213123
VA,Ophthalmology,3746670.9,6244,205.28225785976895,92.66441577511358,70.99781793483545
WA,Clinical Laboratory,3709396.0,2140,82.45150581971342,22.985452426740594,22.753018472533284
SC,Family Practice,3677070.5,19424,107.48487621051886,46.141720540874175,35.38062432853059
VA,Family Practice,3655408.9,26073,115.38342437419762,55.8375268331537,42.57766319384767
NC,Ambulance Service Provider,3644602.5,701,86.77244277799572,44.85224527228632,35.43872910695634
TN,Internal Medicine,3626464.9,23902,131.1656680945629,47.572587863726596,37.35130852363037
VA,Internal Medicine,3605611.0,19535,153.14220998877704,62.48031150891322,48.40512470147974
TX,Urology,3599643.0,11784,91.5250073743508,32.96904480803419,25.632959360136198
WA,Physical Therapist in Private Practice,3577877.0,12071,70.39157140672481,27.687974885665394,21.007337516060083
TN,Rheumatology,3561089.1,1368,31.909421252624337,13.52634235969782,10.614171378070841
VA,Nurse Practitioner,3559411.5,28599,148.457817001566,59.63048288177363,45.07726138715123
MI,Internal Medicine,3524434.0,28152,153.14453308813077,70.44158191642134,54.23592368876204
TN,Physical Therapist in Private Practice,3522629.0,9373,60.55430081623482,23.984747939678293,18.362524089253245
GA,Family Practice,3502077.5,24345,132.20964820737655,50.90114182793619,38.93623804164561
CA,Ambulatory Surgical Center,3468993.0,6615,1131.5307014890016,208.1473304589022,166.70895710952342
MA,Nurse Practitioner,3463869.0,29108,188.46050767510116,60.223476179377926,45.52018468076744
MO,Ambulatory Surgical Center,3451174.0,1023,141.7193599976226,28.408899412199776,22.66717439050392
TN,Ambulance Service Provider,3441100.4,570,164.71484354248355,40.2512984014615,31.840675165989694
KY,Nurse Practitioner,3413252.2,23195,108.3550974903837,42.622626329851265,32.39669024745758
CA,Podiatry,3405931.0,17016,167.32733262077198,92.62463343799824,70.53524490046075
NC,Family Practice,3381666.5,29041,122.2132330050866,51.45587501901379,39.30370272764409
AL,Ambulance Service Provider,3363900.7,537,375.861873828424,56.14885560106502,44.49261234124826
OH,Internal Medicine,3362978.3,28190,190.6237744293336,69.859759353788,53.16755651977542
GA,Infectious Disease,3358755.0,1048,12.928330854732435,4.830196953962047,3.8046753573627745
SC,Ambulance Service Provider,3343219.2,371,87.10360325747331,38.47394439167643,30.44629092825723
PA,Orthopedic Surgery,3281639.7,11748,138.40407345450348,37.11405064668657,28.060328481500864
NC,Hematology-Oncology,3250654.0,3574,54.6847726888206,19.853020496799783,15.57821566674492
AL,Nurse Practitioner,3249420.7,22821,91.22038347017971,35.460725762595004,26.60774881199496
MI,Ambulance Service Provider,3224116.5,841,101.50724646898489,41.82589276161674,33.06808879884201
AZ,Physician Assistant,3219493.0,16796,130.0309353459807,37.7349909349855,28.00846716242775
MI,Diagnostic Radiology,3218013.8,30466,128.30191953184385,27.196430226614694,21.37814466488351
AZ,Internal Medicine,3200903.0,15106,133.44140898364762,61.84132332032926,48.256870836120505
OH,Rheumatology,3198471.2,1973,44.668236531216266,16.87652476281438,13.157742251977037
GA,Ambulatory Surgical Center,3155782.0,2779,336.9735336026621,67.91661831202249,54.30608255570686
OH,Physical Therapist in Private Practice,3144160.5,8816,67.13205735523029,24.707681255463886,18.904492903592416
VA,Ambulance Service Provider,3139850.2,840,102.30969114415353,44.0679085135965,34.90651056224248
GA,Diagnostic Radiology,3118615.5,27764,165.84961619345023,26.83030992438887,21.190651883823257
PA,Physician Assistant,3117837.3,29146,168.30896916587795,49.803174697399996,36.62404322060556
TN,Family Practice,3078935.0,22044,99.58860796350154,40.70895705816907,31.329267711062066
LA,Clinical Laboratory,3051759.0,1892,28.526666257082848,12.01014186900999,11.790508267537225
NJ,Ambulance Service Provider,3031530.7,563,147.03059601516802,53.82836159300095,42.71034489939354
NJ,Orthopedic Surgery,3025563.5,8181,203.61666037740238,33.676594194772285,25.701586349100445
CA,Pathology,3018620.0,14665,180.46470942023973,48.07302529634684,38.201993682542785
CO,Clinical Laboratory,3008495.8,1975,63.52164107728435,20.137435046411877,19.883382230384584
NJ,Cardiology,3006153.1,17320,274.5837123398398,92.11655267990203,69.84329405580111
TX,Infectious Disease,2989241.0,2391,48.561054903237654,16.744865020936288,13.183714367631687
MO,Diagnostic Radiology,2975917.8,27341,138.34974205939656,27.360222621067297,21.737296127600967
IL,Orthopedic Surgery,2947345.2,10210,191.69595338543485,39.29525808174975,29.866594469504996
KY,Rheumatology,2940124.0,622,25.51973004196349,11.356748307231774,8.93340610805377
CO,Infectious Disease,2939779.0,642,7.498856550103641,2.146066602281984,1.6855752388231822
MO,Nurse Practitioner,2938893.0,21604,140.8022996107943,48.774242859447696,36.702669899898204
CO,Physical Therapist in Private Practice,2931807.0,9739,72.70366208962074,26.948735963857587,20.558040232535053
WI,Clinical Laboratory,2922871.3,1689,218.48407746152293,116.49898535979342,116.10702237805323
GA,Physician Assistant,2919581.5,18281,129.0481236917048,33.0558439933889,24.34052426006776
MO,Rheumatology,2913953.5,1151,42.8296944923513,15.423139696641746,12.142786235258814
KS,Nurse Practitioner,2862752.5,12110,92.01828098655437,33.796424479574846,25.471874180523148
AL,Rheumatology,2831410.5,1227,28.04380445361881,16.300301386862646,12.859822063936909
NY,Dermatology,2831311.0,12403,199.69209138108295,74.62622370345478,56.150728722484175
NY,Podiatry,2827625.0,15625,139.7572989556448,74.49145065563418,56.42618517656614
OH,Family Practice,2821720.1,28314,135.1771347377814,58.651045647650655,43.07464712747364
SC,Physician Assistant,2765047.0,12963,107.36693382064097,30.40263021929866,22.589642125449345
FL,Podiatry,2761828.0,15487,137.92047725638355,75.97775046812066,57.40386408567459
GA,Orthopedic Surgery,2752279.9,8719,130.02202131765657,27.249609808953206,20.497951269395738
OH,Ophthalmology,2740535.0,7399,278.0763215285156,107.20372621411637,82.11400761893572
TX,Pathology,2738816.0,10820,160.78259106861992,33.00825090112158,26.8935774108345
IN,Hematology-Oncology,2726668.0,2663,57.817908315120846,19.75189063721068,15.540421741826938
MA,Ophthalmology,2726462.6,7405,312.5029033115452,105.43796544650357,80.1555885051219
MA,Independent Diagnostic Testing Facility (IDTF),2686990.0,793,87.91251336620809,18.118594248594242,14.241499737632937
LA,Physical Therapist in Private Practice,2651912.0,5381,58.0399183381637,23.26550246765821,17.923193371433552
LA,Rheumatology,2635537.0,923,45.18363461027049,14.876057949474095,11.709038522333552
SC,Internal Medicine,2629925.1,13344,141.45180975308932,58.055312430754284,45.20085993322506
AZ,Ophthalmology,2624551.0,4221,185.2236771279923,82.04352032405647,63.157905527467314
WA,Ophthalmology,2622999.6,4837,195.23538824028947,82.42817107176484,63.395033388512836
NY,Occupational Therapist in Private Practice,2617319.0,5127,74.90094506631088,29.235675739172468,22.854622183987846
CO,Rheumatology,2613915.0,1116,36.30792201738605,16.539029287491353,12.977998760479059
NY,Ambulatory Surgical Center,2604331.4,1743,369.3992161599066,78.44154192133657,62.786717846146246
IL,Physician Assistant,2570121.0,16568,176.07610790695185,39.08170367856305,28.93185016190688
MI,Hematology-Oncology,2550987.0,3138,42.20138124966068,17.489883856722038,13.735974295410937
LA,Nurse Practitioner,2549911.0,16396,119.85244333631998,44.81504990566696,34.037407536960536
MO,Ambulance Service Provider,2542137.8,737,162.6212377198265,42.823430346684596,33.952888077085255
OK,Rheumatology,2537047.0,605,61.59374632407663,14.771206134524949,11.62787160426874
PA,Cardiology,2516806.1,19569,214.65194386645177,74.73319709850058,56.28850303564724
IN,Physical Therapist in Private Practice,2515029.0,6731,78.28765436104706,24.99939174458776,19.12093618006282
AZ,Family Practice,2513626.0,15127,100.9112033930062,48.42016029036668,37.24428597968735
MI,Ophthalmology,2483421.0,7703,194.8025782540884,97.77915893440971,74.69466087704873
CA,Physical Medicine and Rehabilitation,2477855.0,6582,196.95124271591348,57.39536368347443,44.70322908323435
ID,Centralized Flu,2474037.0,403,102.44895241263424,81.46280146158303,81.46280146158303
MI,Nurse Practitioner,2465479.0,19966,134.37588817842212,56.24373292155983,42.649255783566936
MS,Hematology-Oncology,2462659.0,1135,62.42503832239193,21.309851895864227,16.94297895486884
CA,Endocrinology,2455485.0,5089,106.18048431163339,38.6206270126132,29.27366943396574
CA,Independent Diagnostic Testing Facility (IDTF),2453162.5,2481,895.3277758439057,190.86114785606853,147.6103734216121
MD,Ambulance Service Provider,2449367.6,340,97.49369580149663,52.57246773825921,41.78647780356808
AR,Family Practice,2448872.0,14757,94.51446066595862,42.269132322956295,31.7504852683297
NE,Hematology-Oncology,2442737.0,1322,52.52412969959039,17.598071188187518,13.97931664766719
TN,Physician Assistant,2440563.5,16117,108.31548084291079,32.107442715599014,23.949701185836336
NV,Nurse Practitioner,2433530.5,9258,191.10974530640073,103.50571532944443,81.12553662687561
IL,Medical Oncology,2431957.0,1545,64.50309469695654,20.370168810545234,16.09825637131625
CA,Emergency Medicine,2424264.0,23719,648.2045226057301,113.3052695745978,86.97639155224482
AL,Internal Medicine,2416249.0,15515,107.60559323155137,48.881346218884744,38.04269689921206
SC,Orthopedic Surgery,2396928.0,5500,93.7265503469283,26.47951001032554,20.00716585979998
TN,Orthopedic Surgery,2394631.0,7459,101.7577812615141,28.23383962707873,21.28565929782312
NY,Pathology,2394047.3,9882,196.3929801427865,46.38043920019626,37.776039437489914
AL,Physical Therapist in Private Practice,2392634.0,7040,57.01540869601173,22.39289885121992,17.16207547414138
SC,Ophthalmology,2372588.5,3695,217.1645810976789,91.32885116408136,70.14771101680167
AR,Nurse Practitioner,2358522.1,14642,94.04394989132793,37.692513862763356,28.373547960369287
OK,Family Practice,2357185.0,12592,161.39598524512044,91.60321089419134,70.79243901508482
WI,Diagnostic Radiology,2341556.0,24789,225.9517760839228,25.26690298245689,19.871352604851396
NY,Medical Oncology,2311274.0,3964,99.88526263430255,28.172898358219186,22.145047354843857
NV,Diagnostic Radiology,2304138.0,9408,101.2738571387773,18.06742498930202,14.27068028478646
SC,Neurology,2294408.0,1899,30.474227613406253,11.586021662220968,8.813792233101424
MO,Physical Therapist in Private Practice,2291143.0,5635,67.73504801751413,24.38818274110314,18.72283197076745
CT,Diagnostic Radiology,2258839.0,15024,110.33614857899815,21.721195379566467,17.275548509645414
CA,Nephrology,2251295.0,9922,247.45995701136852,103.38826195585514,80.27461412652973
KY,Ambulance Service Provider,2237949.9,745,141.3098878082854,42.96376134690748,33.98090611410139
GA,Ophthalmology,2229947.0,5337,285.0893542581912,93.7857513743142,71.48541111066565
CA,Mass Immunizer Roster Biller,2229289.0,15151,86.3577116067588,79.50111113451483,79.50073030457308
IN,Ophthalmology,2219090.0,3356,212.7446570083182,86.10455307803419,66.42506891563282
AL,Family Practice,2214863.5,16169,89.7768824850733,42.2314046938037,31.94116100156612
IN,Diagnostic Radiology,2213460.5,20039,140.85544748142644,29.794954411883694,23.62111307158834
OK,Ambulance Service Provider,2208867.4,478,155.80418214792996,40.797578175057524,32.347473075990365
IA,Rheumatology,2192595.0,1171,27.804810482570037,13.821685733087332,10.92288932975096
NY,Physical Medicine and Rehabilitation,2189768.7,6931,155.9964497848857,45.0258200786485,34.97222094277816
CA,Allergy/ Immunology,2179854.5,2704,51.06571339964644,21.803455808627536,16.73819459508443
MO,Internal Medicine,2170700.0,12409,152.88157883154398,61.00153962313885,47.12472660432788
MI,Family Practice,2169117.5,22580,120.02595985228889,60.75951604283069,45.16457746068103
VA,Physician Assistant,2165709.0,19087,183.32308516516753,50.33559136065088,37.04764691377324
MN,Medical Oncology,2165280.0,2664,80.3187033917227,23.11797783655935,18.39928273016997
TN,Medical Oncology,2163453.0,1516,46.52090033844258,17.864373637901927,14.270598658728439
IN,Rheumatology,2160283.0,916,36.17551710590297,15.06919529524966,11.794688445909413
CO,Diagnostic Radiology,2151007.0,18775,164.9736610666395,31.315349085330304,24.712471200707252
AR,Ambulance Service Provider,2149196.1,300,145.36287514230352,37.62015497327512,29.75116085032457
KY,Internal Medicine,2130596.0,9696,115.24142501439853,45.27138442010418,35.56635859637147
IA,Hematology-Oncology,2124798.0,1378,41.22740818187662,19.33573061532491,15.363021835505238
CO,Ambulatory Surgical Center,2123528.8,1286,303.1829908592548,50.29266161586037,40.33701270263729
CO,Nurse Practitioner,2119063.0,13459,147.68847814324312,62.93073764663591,48.33408141258691
CO,Ophthalmology,2114688.0,3578,211.33979594626916,86.58573222618011,66.9874702508967
IN,Family Practice,2108834.0,18545,126.1075311807303,62.56207701029988,47.15920721116605
GA,Urology,2105886.0,5102,64.37118520659597,19.05717479005762,14.271889304541608
NJ,Occupational Therapist in Private Practice,2102154.2,4365,81.98006644331197,28.584948849146187,22.42938172186357
IL,Cardiology,2095049.0,14037,227.9197210804837,70.00375119627331,53.05666860301316
WI,Gastroenterology,2090401.0,2415,114.18069515850367,23.98182537233,19.069751377920397
IA,Ophthalmology,2088889.5,2032,137.45653977890188,61.510102396497025,47.752086943734334
AR,Rheumatology,2072453.0,794,49.4045439100662,16.631979721580173,13.141853137287823
LA,Ambulance Service Provider,2067262.3,149,197.43715268793903,39.92082921446132,31.68448804004722
CO,Hematology-Oncology,2044115.0,2168,86.01143775651457,23.090623903240203,18.36407040209513
MD,Medical Oncology,2036396.0,1341,55.17566037723591,20.861488045619986,16.47459446003088
VA,Neurology,2022857.3,3184,63.99990635516783,22.352972233852753,16.97137464911802
WA,Nurse Practitioner,2007738.0,16475,151.3928663300871,54.71306323830795,40.73652193172962
MA,Physician Assistant,2007150.0,17066,192.7265106643751,50.446286660184505,37.436654843926945
AL,Diagnostic Radiology,1992933.6,16558,106.88438327802554,25.489180241621177,19.968392223391724
NJ,Physician Assistant,1988136.0,13409,228.45235292254344,44.28944086823261,33.43089796672643
IN,Ambulance Service Provider,1980027.8,754,151.68269281379006,43.29067603999519,34.211241892688435
WA,Hematology-Oncology,1977804.0,2549,61.65625443668974,21.81301839314444,17.078434551679347
PA,Podiatry,1975984.5,10943,93.30373607180633,51.541069340380545,37.50318964546534
WA,Ambulance Service Provider,1966710.1,607,171.76416238468823,51.80853719113947,40.99628471426734
FL,Centralized Flu,1951984.0,10463,98.45894734267057,77.08336053474368,77.08336053474368
MS,Ambulance Service Provider,1946452.1,165,154.68600555374564,36.725610134382485,29.070578500248235
OK,Physical Therapist in Private Practice,1916071.0,3612,65.18938014821623,23.785170523424735,18.184192005412118
FL,Pain Management,1909092.5,4682,144.96528241036788,33.92106369388249,26.296803748368685
NJ,Family Practice,1903279.7,17251,189.0976834775816,79.11173359334343,60.24073206371737
MS,Physical Therapist in Private Practice,1900211.0,3534,58.108815389457085,22.980233995080546,17.629093705903763
IL,Neurology,1894912.0,5258,97.98623314426378,30.163970749030717,22.948561284108518
FL,Allergy/ Immunology,1884776.5,1732,50.032523177169544,22.255349040032,17.295231057918112
PA,Dermatology,1882576.0,8541,165.6886657324631,73.72497100770444,54.67431016862686
IN,Internal Medicine,1875128.0,12306,147.78442618852768,65.54202969079465,50.5892358121786
MA,Cardiology,1874000.0,11450,196.3443673532447,55.145758404492994,41.09147571505681
OH,Physician Assistant,1856746.0,17012,177.23158245122968,45.46691259327599,33.338692524414625
OH,Orthopedic Surgery,1850918.0,9995,150.49760916473997,46.057273115316136,34.855139455122064
OR,Ophthalmology,1850682.0,3295,191.92024412606023,76.34261990991233,58.682638508280334
GA,Neurology,1836219.4,3435,68.49542509465063,20.53659700470069,15.497822248241036
MD,Cardiology,1828764.0,8600,213.1385324679512,80.72879997639397,60.782027473179525
MS,Family Practice,1823525.1,9971,88.2243492782663,39.15053572337234,30.001189037658367
IL,Physical Medicine and Rehabilitation,1821527.5,3501,104.39586500904409,35.596050710225605,27.80246450850176
CO,Physician Assistant,1821473.5,13738,174.33579069873403,61.92683188660107,46.89987812593573
LA,Ophthalmology,1818248.0,3209,148.65832777479767,56.43455629266882,42.890530010213915
FL,Physical Medicine and Rehabilitation,1808877.2,5500,173.17899534589904,56.82823775987598,44.336014810710466
TN,Urology,1804706.0,4268,65.16955828261842,21.42224617750305,16.227968162114696
OK,Ophthalmology,1802516.0,2212,130.84145254197347,61.067340206669094,47.085613969495576
NC,Independent Diagnostic Testing Facility (IDTF),1802270.5,1611,63.609736612782065,9.355913976304919,7.415191665199878
WI,Ambulance Service Provider,1799712.3,996,142.19537645564253,42.98435566622965,34.03652833285873
NJ,Podiatry,1796802.0,10213,130.73097566678797,66.38871343641894,49.94826502861623
FL,Interventional Pain Management,1792762.5,4164,147.58975250769743,36.954919907102855,28.715912302922227
KY,Physical Therapist in Private Practice,1785582.0,5306,65.67872880662142,24.266478179102368,18.54966085008513
MN,Internal Medicine,1780343.1,15217,176.2282060519582,51.2976486161331,40.38600121513246
FL,Occupational Therapist in Private Practice,1778915.0,3134,65.223528111236,25.60403967588357,19.857421377642385
MD,Physician Assistant,1777038.0,15097,213.19957542260315,56.14469611789999,42.12813491888593
PA,Neurology,1772011.5,5859,88.37103770488145,25.656543368940117,19.34080923852959
KS,Rheumatology,1770950.0,625,37.06712898721554,13.121984737003867,10.357981478860621
AZ,Ambulance Service Provider,1766653.3,413,198.5633006321693,53.71545037165669,42.465252384170455
IA,Family Practice,1757844.0,13449,106.0877836713571,47.01346006241537,36.37912105396943
NY,Endocrinology,1748932.0,5882,131.43624870493466,46.39351710070955,35.78132177807454
TX,Physical Medicine and Rehabilitation,1743190.5,5508,169.74196370379914,54.28903997587907,42.60572341347683
NC,Cardiology,1738318.0,13317,193.3147094892737,54.57267903224873,40.73085263458429
KY,Clinical Laboratory,1735948.0,988,23.034785546558663,10.613358199675663,10.379879852395401
MS,Internal Medicine,1732960.0,7155,118.29738699681407,47.515332027326004,37.08584355091417
MI,Infectious Disease,1731513.0,1184,21.42521408156944,10.263220085531783,8.109061676132155
SC,Diagnostic Radiology,1730279.0,15992,160.8142700049139,27.293715984532152,21.72793706101735
MO,Clinical Laboratory,1723453.9,878,40.888705813442414,9.926886480702029,9.342918612463443
OR,Rheumatology,1723187.2,811,39.150151434461925,17.496679229015115,13.740392761760804
FL,Independent Diagnostic Testing Facility (IDTF),1719488.0,3166,166.92987516633227,32.95560415075743,25.767061392729858
FL,Emergency Medicine,1717081.5,12494,778.1420816890669,100.9460756288854,77.96778992727363
TN,Ambulatory Surgical Center,1716392.0,1699,450.18764709927507,103.7103748387172,82.78343978532605
WA,Physician Assistant,1712088.0,14393,178.4942098419414,67.69771999502534,50.72833540061391
IA,Medical Oncology,1708952.0,814,45.2588576156601,21.656058555143108,17.211205417146456
TX,Podiatry,1699531.0,9972,163.67241027120716,100.10303857980655,77.23574152000458
IA,Diagnostic Radiology,1699277.0,11366,97.7279880149171,21.228586334078653,17.01095489437078
CT,Physical Therapist in Private Practice,1695460.0,4880,71.79327861467782,27.30087764381942,21.093852517890213
TX,Emergency Medicine,1689885.0,13606,702.2167491219635,95.21833954980993,73.26769865403445
VA,Orthopedic Surgery,1689093.0,7137,187.07549748886305,53.26694628418791,40.29197100454384
WV,Ambulance Service Provider,1677083.2,470,80.49015358924478,31.661732172940308,25.02006763290956
IA,Physical Therapist in Private Practice,1676684.0,5319,70.44079431186952,25.473035169420587,19.45744973410973
OK,Physician Assistant,1671311.0,9314,131.50229305021963,36.516028141913054,27.171985405474253
IL,Dermatology,1668685.0,7723,214.9924070150077,79.658827226151,59.471362647830624
OR,Diagnostic Radiology,1667317.0,12546,95.39946671208818,22.760263771068526,18.061623380545882
NY,Emergency Medicine,1663333.0,15933,603.271520729478,107.74606675274758,83.42019508421365
MD,Family Practice,1660171.0,11638,132.7807118182282,58.68903714735168,44.58507425438391
LA,Urology,1657981.0,2743,40.35912200440913,13.393417349175815,10.08082994918928
AZ,Dermatology,1655400.0,5727,171.5961623172845,71.76196918569691,53.41795539444373
DE,Rheumatology,1654564.0,157,24.706998623285145,12.12547329690385,9.587637957771314
NV,Physical Therapist in Private Practice,1639096.0,3384,73.70405087929578,25.447005105247037,19.500510775461834
MS,Ambulatory Surgical Center,1633798.0,1052,315.19321395904234,79.81752032998268,63.757103228196236
AR,Diagnostic Radiology,1632472.0,10595,100.73170750860932,23.60827943144177,18.61015886950496
MI,Clinical Laboratory,1630431.0,2123,49.164280598198516,19.92591561983396,19.749743981784434
FL,Gastroenterology,1630005.0,12825,298.6845180106829,83.58323865268568,65.21027406665686
VA,Cardiology,1629012.0,9632,203.89699476124483,78.00227139514618,58.969174751320445
AL,Urology,1627132.0,2671,25.445337563281054,12.098351713323853,9.10913911102184
NE,Physical Therapist in Private Practice,1617834.0,3704,66.30727703831572,23.97698177933674,18.38342276154543
PA,Physical Medicine and Rehabilitation,1614354.0,4895,108.14532449512801,36.8767555381256,28.551120850822016
TX,Nephrology,1611721.0,8868,275.86578648509357,145.11429247909774,113.39306234695717
MS,Neurology,1608457.0,794,28.083776719148847,9.394743595871045,7.2321839129156
KS,Family Practice,1606123.5,12556,101.69858510257417,42.86406709070694,32.59121664679734
NJ,Neurology,1601590.1,4096,147.4081849656147,42.07529846745672,32.352356648564395
MO,Hematology-Oncology,1599074.0,1883,73.01185509262466,25.179682572528534,19.655723231042508
MA,Rheumatology,1598671.0,1705,51.98652919840213,17.1997081763379,13.22815632487444
NE,Ambulance Service Provider,1598084.2,467,115.3836213768982,34.42443873129539,27.188358873513266
AR,Physical Therapist in Private Practice,1597729.0,3528,57.14177940688846,23.002207176566902,17.663872020854736
NC,Orthopedic Surgery,1595197.5,9268,177.44800758525497,52.265828325334084,39.384359629435096
IN,Clinical Laboratory,1592616.9,1057,47.094338205254225,21.512246736797177,20.686455305095937
TX,Ambulatory Surgical Center,1588709.5,4753,1903.0298040722635,296.2353620341391,237.3120645466153
OR,Ambulance Service Provider,1585666.0999999999,394,312.267680829872,63.61955669609899,50.291361995981894
MI,Physician Assistant,1584325.0,16899,157.75073375090423,53.07836474207073,39.344625881750396
IL,Urology,1581349.0,6433,145.5866190954581,41.78102319599381,31.906652257016933
MI,Rheumatology,1580824.0,1088,37.01888156428435,16.43319141159657,12.707547437280846
KS,Physical Therapist in Private Practice,1580482.0,3895,61.34728925731328,24.721373182366573,18.904463783833254
OR,Physical Therapist in Private Practice,1579423.0,5572,74.80140348088433,26.927408908187942,20.361157251740458
AR,Internal Medicine,1574323.5,6578,103.80502545381778,44.21818932385457,34.260154879204094
LA,Internal Medicine,1573919.5,10649,176.54453332579877,66.5168943964378,51.231289344865274
FL,Pulmonary Disease,1569476.4,8844,207.33952693396446,87.42576830728423,67.62546950691272
GA,Cardiology,1565365.0,11296,256.8483766533553,72.67281320972839,54.35660968527983
VA,Independent Diagnostic Testing Facility (IDTF),1555934.2,803,76.97121310144833,9.402801815153497,7.2018195435068115
NY,Nephrology,1552992.6,6877,206.16006711809456,76.85222408014081,60.231330522718444
NJ,Urology,1551232.0,6789,178.19436264210302,48.56650117455595,36.80240689335454
IL,Podiatry,1540030.2,8984,135.57253461658874,76.55936058892398,57.163142456768604
DE,Physical Therapist in Private Practice,1539779.0,3083,76.00591614121959,25.759211886915992,19.85823233074888
OR,Hematology-Oncology,1538759.0,1786,61.31541880170426,18.66371552659327,14.76263876931572
NY,General Surgery,1536059.0,7127,175.4966406107837,39.87309935362879,30.967064455204063
MN,Physician Assistant,1535615.0,16092,148.21462874487656,37.89731418356871,28.31115013202308
MI,Orthopedic Surgery,1532763.0,7381,114.6073029229347,37.69661029791078,28.6564916298274
MN,Nurse Practitioner,1521687.0,17528,197.1310247179422,60.80931437939555,46.05955419866591
UT,Nurse Practitioner,1519786.0,8039,94.93269718887359,40.199774961773194,30.701302841374865
CA,Hospitalist,1518223.0,8288,301.36529980769683,87.91209761671998,69.29247621728055
MN,Family Practice,1516350.0,22888,162.11075373755847,51.57527260855016,39.833465565337036
CT,Nurse Practitioner,1515814.0,11358,140.1728623828584,56.35396013627788,43.03695500898833
CA,Pulmonary Disease,1506764.0,9767,297.8744050096733,104.90463636641522,81.48089444663562
WA,Family Practice,1503747.3,16993,157.4923941210003,62.08278688181649,46.36198462333692
AZ,Neurology,1500257.2,3128,116.30775494351877,32.75143796674177,25.026302549990504
MD,Orthopedic Surgery,1499029.0,6211,169.69746688022622,53.102960309655344,40.180012754949885
FL,Endocrinology,1497718.0,4043,84.13090135794599,41.92439652858979,32.02209666305769
NV,Internal Medicine,1490156.5,5559,164.10976236393904,61.21037381634539,47.18956741119655
IA,Nurse Practitioner,1485022.0,12281,141.51934965274157,49.54193720369034,36.95588593970197
WI,Physical Therapist in Private Practice,1483344.0,6224,96.18091922708744,26.16692076821517,19.926911377259053
HI,Clinical Laboratory,1482092.0,834,39.198709155730306,10.878377381416337,10.878043326580373
NE,Family Practice,1475748.0,8973,77.52435974840691,32.67025475893908,24.906456739225494
MA,Neurology,1474690.0,4768,106.50285615289849,33.51681427960201,25.437674134923817
VA,Dermatology,1472246.0,6330,174.594474985836,79.20376128033107,57.93509936517124
OR,Clinical Laboratory,1471124.6,1439,45.753734727986895,12.10132646139804,12.000811250109306
AZ,Medical Oncology,1470155.0,992,56.53105116120704,18.86393152423862,14.863118052170101
TX,Allergy/ Immunology,1462655.0,2259,44.96168211927026,19.472047947066127,14.838411846937426
MN,Clinical Laboratory,1460051.0,1885,99.05705219880362,18.90265577707423,18.21850876439145
MN,Ambulance Service Provider,1454307.6,454,187.24029277566376,44.15994291036139,34.901774817123
WI,Nurse Practitioner,1451182.0,17064,232.10229746509464,57.0159040767978,42.43880482943668
NE,Medical Oncology,1443793.0,934,58.72433103638122,20.036974081485216,15.899743695922833
LA,Family Practice,1442156.0,10816,139.623884066645,52.57817223657056,40.0141049442502
NC,Dermatology,1441972.0,6669,169.99814544942063,71.13677694156006,52.088684766414055
OH,Cardiology,1441309.0,13402,187.87325027460642,60.35269391227233,44.50658316849775
NY,Hospitalist,1438431.0,7308,248.55282461232775,74.17176671670379,58.51352264380554
NJ,Pathology,1432324.0,3731,158.78433457087985,43.114627458588075,35.96012612371404
IN,Orthopedic Surgery,1430633.0,6139,168.96789516252997,36.19418517539465,27.320270125185864
CA,General Practice,1427509.4,5027,177.10079198812414,113.29457340832685,88.4218550715679
AR,Medical Oncology,1427103.0,760,52.46907211329309,18.27257064136625,14.5863283098606
CT,Ophthalmology,1424065.6,3094,181.74601258555836,74.95444262537968,57.31413790209015
MA,Orthopedic Surgery,1423925.5,5709,222.4407359865219,47.743835312962794,36.35526734368314
MO,Family Practice,1421299.0,12405,128.8160288933211,53.978150930958016,40.675553166486864
VA,Urology,1403704.0,4712,90.14544857748677,34.386844612570336,25.92917937828825
CA,Occupational Therapist in Private Practice,1397193.0,3490,60.60851183050904,27.79616272055354,21.536926874091595
UT,Physical Therapist in Private Practice,1396053.0,3801,56.37027278334192,24.45634432216477,18.744562147716472
OH,Dermatology,1387417.1,6735,163.89586996582548,69.18349569144478,50.54101778770869
CA,Anesthesiology,1382434.5,19700,613.6004428637708,93.29306871316383,73.39107267653068
NE,Rheumatology,1377103.5,365,28.025763967613965,11.645772376629289,9.172230475034409
FL,Interventional Cardiology,1376070.2,10603,275.85323968935194,108.47285286763434,83.75954500720074
NY,Pulmonary Disease,1375000.0,8812,295.79108623266967,80.95033855274556,62.92276221812214
OR,Internal Medicine,1371639.0,8404,122.81077827332437,39.93783894300407,30.23033128250999
AL,Orthopedic Surgery,1361729.0,5035,98.76579403100064,27.9416978855758,20.986167445951157
MD,Ambulatory Surgical Center,1360598.0,2704,800.0672800486883,183.98408622546484,147.06008908582743
CT,Ambulance Service Provider,1358731.0,452,160.78165266010873,55.14849370475526,43.597672033708434
CO,Independent Diagnostic Testing Facility (IDTF),1351781.0,1552,78.23280427081319,13.172557943946089,10.207724720210113
NJ,Physical Medicine and Rehabilitation,1351341.0,4437,249.36474521234416,52.524090396096305,40.822289333321535
CO,Ambulance Service Provider,1349218.6,510,257.44835150448944,57.60316620302925,45.603061742466004
CA,Chiropractic,1346408.0,2977,63.86629774930814,40.44181490305724,29.315349403758894
CA,Gastroenterology,1345501.0,15307,558.7580172739339,115.01555091373245,89.00390766711512
AZ,Cardiology,1337271.0,8111,257.99573311618667,92.68614598687975,70.08382560456874
KY,Family Practice,1332407.1,11106,133.43324289553087,53.30952574479726,40.47466803500897
MD,Portable X-Ray Supplier,1332198.0,461,111.97955143288306,47.30379170368466,36.186666989358976
IL,Pathology,1330659.0,6496,195.2542180829267,39.49135405086239,31.99733510234574
AR,Clinical Laboratory,1329285.0,602,59.06105904311104,27.969327390264496,25.569728861713877
AZ,Orthopedic Surgery,1329260.0,5499,172.33908540840963,47.95674020886328,36.49964812754385
FL,Nephrology,1318233.0,6184,209.53437703345625,99.0686265250364,76.87762345503857
FL,Radiation Oncology,1317853.0,6771,682.4905398629836,181.1121505508531,144.39853419157185
KS,Diagnostic Radiology,1312162.0,10875,100.11000056397526,26.792923792945746,21.25797831365509
TX,Interventional Cardiology,1310019.0,10985,304.40408043693077,97.74805675339586,74.56245631559645
WI,Family Practice,1303693.9,17359,216.35997425466044,64.28469736643669,49.237678614588276
FL,Otolaryngology,1300659.3,7425,201.30495624027876,81.64200833384191,61.232928776951354
NH,Ambulatory Surgical Center,1300032.0,320,155.65845253044253,26.852861844951878,21.412698395104517
MS,Rheumatology,1298512.0,421,36.48424034584594,14.344276102205352,11.224645779157049
NY,Anesthesiology,1295480.0,15235,763.7941868495527,68.58594811187352,54.457960593724245
TX,Radiation Oncology,1295012.0,5586,582.7268903841214,123.45464696077381,97.97017579760455
TN,Cardiology,1293226.4,7380,171.12774422946129,54.13020403848089,40.553683322559436
VA,Ambulatory Surgical Center,1292523.0,1103,496.50226744121215,115.82944547184988,92.23909104905786
WI,Physician Assistant,1292204.4,11663,229.42309645440326,37.39042922310551,27.49229451624361
MA,Dermatology,1291990.0,6707,276.56724029592715,85.37088602850808,63.19519281879009
NJ,Dermatology,1290125.0,5836,188.95891008231013,87.15643091159971,65.7941845325184
NE,Ophthalmology,1289984.5,1237,127.00765890592001,61.2659178853328,47.25412334783892
TX,Anesthesiology,1285987.3,16112,652.5844255073252,67.71984037480652,53.667666049270075
WA,Internal Medicine,1279104.0,11834,212.53652022042107,77.52993497011862,59.3647718715442
CA,Infectious Disease,1278038.5,3051,140.5142214495396,59.70344243159039,47.18323818106454
PA,Pathology,1275188.3,6644,172.21015575499817,46.30904533862947,36.99536409643672
TX,Pain Management,1273054.5,4495,183.8613731853996,38.60268940569156,30.197156209736857
GA,Dermatology,1272295.8,5474,204.17878199391313,79.11879749194345,58.8953582885254
NC,Ambulatory Surgical Center,1271084.0,1545,468.8007113933428,116.528707984753,93.81534793921078
MN,Ophthalmology,1270227.0,3505,313.6922148245965,96.12177010105296,74.03381533379485
CA,Hematology,1266611.0,953,108.4148283172901,18.46405770202874,14.566890987050893
KS,Ambulance Service Provider,1263691.6,451,130.5416814434341,43.004263207870174,34.08213325939936
AZ,Allergy/ Immunology,1262021.5,597,47.846619078775895,19.56596778257937,15.281225589261906
PA,Medical Oncology,1261988.0,1538,52.64343120536676,20.34593945423727,15.813007041273524
OR,Physician Assistant,1260863.0,10603,154.79747238988776,41.81586221501785,30.43021524144745
CT,Internal Medicine,1258479.0,12473,197.62825697545964,84.96261967821424,66.15836288089884
VA,Infectious Disease,1256845.0,804,45.88304708212624,24.77144528560755,19.606772824017987
CO,Neurology,1256531.6,1808,84.0167404863073,18.128384793493304,13.86379069972282
MO,Orthopedic Surgery,1255890.8,5097,152.19865747882278,36.77941882368359,27.901882759260303
MA,Hematology-Oncology,1254195.0,2752,87.04888400921564,26.37750818652562,20.22489511599658
WI,Ophthalmology,1253806.8,3873,381.2805617982184,84.38905687864047,64.0918010812576
NC,Neurology,1253274.5,3750,108.58684771769255,30.818306675835,23.350344613262468
MI,Cardiology,1248431.0,12375,170.5094646640009,69.6301545059648,52.51436069755509
IL,Ambulatory Surgical Center,1247527.0,1642,706.8557346097135,137.0438906811305,109.41823125275201
NE,Diagnostic Radiology,1242995.0,8841,96.84650476470406,21.498455947111967,17.080561072252163
WI,Internal Medicine,1237757.0,10127,229.4450539888107,62.40700979271309,48.70580255251898
CA,Pain Management,1231733.0,4097,200.5054943157421,49.60964047402218,38.33841300832518
TX,Endocrinology,1226778.0,4410,95.44931279337763,43.92075493688416,33.15034037128661
CA,Otolaryngology,1226470.0,8184,309.30246127504677,107.81898361979836,81.10734622115741
KY,Diagnostic Radiology,1224077.0,12213,128.2278344172898,27.50494837335012,21.768520517899926
FL,Anesthesiology,1223873.1,11783,430.4189488436406,55.9402804996237,44.076461146201055
AL,Ambulatory Surgical Center,1221157.0,826,198.71869053696585,46.01256352794422,36.61491123580904
TN,Pathology,1219923.6,4179,135.94551041570617,40.580134870726184,32.23315767478212
NY,Mass Immunizer Roster Biller,1217073.0,8675,84.05005873103981,77.54613043760934,77.54613043760934
MA,Physical Medicine and Rehabilitation,1215579.0,2183,91.76076918074173,23.785605205437914,18.33982545764419
NJ,Infectious Disease,1208860.0,1810,87.04123543676286,36.22504165084871,28.610991396873878
KY,Ophthalmology,1207896.0,2231,200.9404829555594,95.74087269110383,73.75709551157348
SC,Independent Diagnostic Testing Facility (IDTF),1201900.0,1312,110.21788003157225,11.611042532663596,9.108863324736049
TX,Gastroenterology,1200954.0,11803,322.6832549289862,76.78959320673668,59.58078551715662
LA,Diagnostic Radiology,1200673.0,14007,148.8067738510581,28.084903416670358,22.201110627127143
IL,Optometry,1198301.0,7037,72.73989893191691,40.80718030778259,27.61220752549166
ID,Physical Therapist in Private Practice,1194347.0,3160,53.86421695704204,23.874419594986822,18.19922796307043
KS,Ophthalmology,1191579.0,1943,258.99475961691434,97.6755643310402,75.3774033781964
FL,Psychiatry,1191566.9,3856,131.51497547461517,71.11624067431006,54.631513094277274
CA,"Psychologist, Clinical",1175742.5,4146,186.1196052962701,100.16440130388426,78.36726962743869
DC,Diagnostic Radiology,1170145.0,3833,88.4527178682985,18.31477071645666,14.776704263152729
ME,Ophthalmology,1167569.0,827,63.604765893883794,30.31350073537393,23.427414593906363
MS,Diagnostic Radiology,1166924.0,9591,135.45011258667816,25.605660360081277,20.04566889532203
MN,Physical Therapist in Private Practice,1162335.0,6581,96.06960944993227,27.8067353732015,20.999430310537992
WA,Rheumatology,1156604.0,1126,55.48232679470512,19.952425142953757,15.451928162118035
OK,Diagnostic Radiology,1156241.0,11947,188.61975522413937,35.841585906354105,28.341628899200316
OH,Neurology,1152736.0,4765,139.06810939370146,35.004992201154614,26.51737731795451
AL,Medical Oncology,1150428.0,899,66.29495426946579,22.201268606121594,17.623790415421947
DE,Diagnostic Radiology,1149394.0,4278,78.92442301771199,18.76609425487719,15.118742363380564
OR,Nurse Practitioner,1141036.0,8765,127.03384415571774,40.62275437413393,29.962212077453373
TN,Neurology,1140931.0,2727,95.58024187258752,31.00783685426371,23.776420975492492
OK,Internal Medicine,1139688.5,5706,158.9002834721468,59.76122806366238,45.58416714746372
OH,Ambulatory Surgical Center,1137277.0,2009,695.5493972622331,156.71474879023998,125.22242401802026
DE,Internal Medicine,1133187.0,2866,89.89248362356481,40.91831523830397,31.681731488255963
NY,Gastroenterology,1131352.0,13042,523.7374089231198,107.72760491876589,83.28098092373611
MA,Family Practice,1129836.0,12361,200.46154705638284,69.79536053908862,53.7297566106905
OH,Pathology,1125561.0,6700,147.48258439127704,31.479067984746802,24.971042608970418
RI,Diagnostic Radiology,1120245.5,5127,88.3372588598057,17.80272677728886,14.261351578735326
IN,Physician Assistant,1117703.0,9233,161.1164733743647,40.27438813350523,29.436201316447033
TX,Mass Immunizer Roster Biller,1116736.0,12953,78.46841711023308,74.85676620976898,74.85483163436348
SC,Urology,1115677.0,3167,89.7800223362204,30.293452199843536,22.859248581794983
FL,Interventional Radiology,1110948.0,4827,146.88325958553966,29.581226313058817,23.161222127394367
IN,Cardiology,1110481.0,7794,155.37574833786528,52.961819806004236,39.03851330190026
NJ,Medical Oncology,1106786.0,970,52.70701781557684,19.23355252957365,15.153611619605476
CA,Psychiatry,1106556.0,6180,276.28421563838987,99.70058802261077,75.77830343871562
CA,Radiation Oncology,1106408.0,7729,728.9203824633366,172.58103939961515,137.05577510287867
MS,Orthopedic Surgery,1100212.0,3098,110.02817504262354,26.4697685536655,19.90761860440834
GA,Independent Diagnostic Testing Facility (IDTF),1100160.0,962,107.69592802866254,18.950100112557017,14.907258098831937
KY,Physician Assistant,1096983.5,6740,114.78353788364814,33.857243048778535,24.948948648747255
IN,Neurology,1094832.0,2541,53.34881834837064,23.285364439450028,17.53252913687475
MI,Neurology,1092763.0,3863,83.36283823691738,36.716513379390946,28.089944223954202
LA,Orthopedic Surgery,1092238.2,4453,131.6813016977361,33.476982456749326,25.090348771900235
MA,Pathology,1088751.0,5670,175.4567492750256,43.338824368469545,33.52956238844161
MS,Clinical Laboratory,1084432.2,949,63.556832736927475,22.153271942691415,21.812721081145387
UT,Ophthalmology,1076194.0,2204,221.88918134634193,97.39425468831224,75.16760919504847
MI,Medical Oncology,1075542.0,1020,42.96986099095199,15.446862484226418,12.199868354757006
TX,Pulmonary Disease,1072095.0,7579,228.73311050792978,85.4593560365913,66.05596765212496
CA,Interventional Cardiology,1067654.0,7598,346.9532254364104,112.37389425776499,86.14529594800447
ID,Rheumatology,1066687.0,252,31.02023479239631,14.159689890298889,11.189116619955259
PA,Mass Immunizer Roster Biller,1065914.0,8235,85.35192849518366,76.97473047541447,76.97473047541447
MN,Rheumatology,1060552.0,1213,51.96353941153638,18.209167395825727,14.321940819507063
NE,Internal Medicine,1057150.0,4694,85.05885378613189,38.01778170551072,29.953404767554073
CO,Family Practice,1056665.0,12449,167.50359993940768,68.97302738329354,51.39778911953003
SC,Dermatology,1052453.0,3376,153.85798505961097,67.78384428570124,49.52406860923813
CO,Internal Medicine,1044982.0,8622,192.36917058853123,71.2260666978004,54.07072217514198
CT,Geriatric Medicine,1043062.0,474,124.90034060324041,54.22885616589904,42.34240856252082
NC,Optometry,1042748.0,5921,68.80823306305363,40.86946895125376,27.105159530395706
IA,Internal Medicine,1041991.0,5177,97.13282550423327,38.197963082205916,30.111693632659126
IN,Ambulatory Surgical Center,1040984.0,1618,850.0095504160536,137.8004104579785,109.97935764628764
TX,Otolaryngology,1039072.5,6989,204.24988765469325,74.87998266717665,56.10933206297699
MD,Urology,1034482.0,4375,140.8103678652136,47.035408310618735,35.99353497692131
IL,Emergency Medicine,1031589.0,9166,703.9075391453731,126.28540661067446,97.21921498781626
MN,Hematology-Oncology,1030851.0,1877,89.74062745255537,23.99054343450783,18.892395545090174
CA,Interventional Radiology,1029443.0,7262,275.44779484636433,61.80598858802131,48.650034309814146
IA,Physician Assistant,1028776.0,7112,118.26186753967137,31.50210214855924,23.11282436604114
FL,Optometry,1022369.0,9212,151.7327392262276,87.40098088851978,60.825678311831155
OH,Emergency Medicine,1013861.0,8658,680.1180806046868,94.72526890768388,72.6186700544002
NY,Vascular Surgery,1013027.0,4883,303.3364315857005,73.19494849595179,57.12069410786529
PA,Emergency Medicine,1010341.0,10741,673.8068287836406,127.65255463255362,97.82374080625577
NC,Physical Medicine and Rehabilitation,1004195.0,2923,105.39444618832658,33.26832657005896,25.63421762705778
TX,Interventional Pain Management,1004096.5,3308,195.86883781583833,37.674979904854425,29.858671462370143
MD,Neurology,1003157.0,3125,147.25538168004425,52.56937920983193,40.28985844685535
GA,Pathology,989706.3,3478,162.06119838782962,54.04408303758178,41.87935521882614
MS,Ophthalmology,988116.0,1843,258.9211502298237,98.39149690950923,75.23541912099343
CT,Physician Assistant,974686.0,8690,163.16084924791434,45.283153395065455,33.951076480023765
SC,Cardiology,974358.8,6203,264.5956921926697,70.75140952179635,53.1898508229121
OH,Podiatry,971435.5,7275,142.93990338012208,91.31155857463446,68.26197462427551
NE,Physician Assistant,970947.5,6841,112.45600984606475,30.331180882571957,22.281310462209245
KS,Physician Assistant,968293.5,6020,138.36881634535703,44.30263150584977,32.97792829344676
MD,Dermatology,965327.0,4124,176.96004869854528,78.10757780529565,57.25371958934899
WA,Pharmacy,961883.0,433,8.373946145204426,6.786303614921067,6.603988769960681
AZ,Pathology,960154.0,3172,146.78676924731823,41.058397840382355,32.65719424181163
AL,Ophthalmology,950515.0,2383,191.96635114645844,95.96942493269508,73.12681647309168
OK,Medical Oncology,950512.5,657,49.407345647730025,20.262146873429607,15.981951126355593
MO,Physician Assistant,949568.0,7239,141.00943542758174,32.99791909584159,24.233691331203744
MA,Mass Immunizer Roster Biller,942905.0,4189,83.74544639174323,78.71862909838406,78.71862909838406
CA,Optometry,938175.0,10600,175.8082077650318,95.63695294585001,67.82425924802062
PA,Urology,937241.0,6544,163.63421742106237,55.87034873636707,41.66169790904563
FL,Chiropractic,929969.0,2351,69.30350737497965,36.313996756889004,25.684677983887017
AR,Orthopedic Surgery,929484.0,2936,83.4861227842326,29.03647281714851,22.03919894262931
NM,Nurse Practitioner,925286.0,6651,136.92676142304256,56.71943982713144,42.66222671686441
AZ,Nephrology,921392.0,2968,104.73420169700947,47.68595247191089,37.728396306900066
MN,Neurology,919926.0,2782,97.25957309589258,25.416875759583814,19.516826049050334
MO,Medical Oncology,919091.0,1560,83.3950639490769,26.854404329954157,21.081239496406155
OH,Physical Medicine and Rehabilitation,915298.0,3007,89.07920221609763,32.88945254983321,25.385795981221595
NY,Allergy/ Immunology,914790.0,1721,57.02847327805035,21.576988270510228,16.621000885464348
NY,Otolaryngology,911233.5,6084,355.7929099621543,100.40551823432759,75.45423483665091
KY,Orthopedic Surgery,911004.0,3882,121.11145218900093,37.808171489923055,28.66759231571792
NC,Urology,910705.0,5156,124.511121493786,40.6584141407158,30.095080942787312
IL,Occupational Therapist in Private Practice,910473.0,2534,65.53327696704254,26.28935504952024,20.382332798450822
MO,Dermatology,906751.0,3742,166.25330775487922,67.47102943357679,49.3884998307666
LA,Hematology-Oncology,906175.0,1207,72.59281860565802,27.314775159271992,21.240507109549576
WI,Ambulatory Surgical Center,905621.0,776,360.43926926390213,69.24674487445633,55.24214111643144
PA,Occupational Therapist in Private Practice,900973.0,2265,65.85838293713034,26.940863055838108,21.039154736030795
TX,Optometry,900953.0,11746,155.29628997294765,87.36973205046183,59.86807723599868
NV,Ophthalmology,895469.5,1666,212.5213657082139,85.07419318020536,65.19754704094407
NY,Psychiatry,893696.0,5163,227.12403018478295,104.04770487945869,79.64842801136035
UT,Rheumatology,893551.0,346,27.729845996457037,10.979042248266856,8.57065386306764
IA,Ambulance Service Provider,889848.6,651,105.917269140004,43.03962898859939,34.06798040697471
NV,Infectious Disease,888836.0,225,22.52450381172969,8.354875083823632,6.5944546125839
VA,Podiatry,888281.1,4322,99.82375438364525,51.911089642772524,37.97619258135577
CT,Orthopedic Surgery,887478.5,3699,142.7314444912683,34.9959621331492,26.38374712177354
NM,Physical Therapist in Private Practice,885271.0,1817,64.06974805453142,24.850969962883212,18.83385340761358
CT,Hematology-Oncology,885110.0,1066,47.02239449332533,16.886335879131597,13.041303453798964
IL,Infectious Disease,884231.8,1769,89.4767949423432,38.344981021947035,30.22512609251444
CO,Dermatology,883337.0,3892,153.9216057517981,64.07649448629483,47.029579231912855
FL,Hospitalist,878379.0,6053,312.725790416233,109.08634197774843,85.57113285947642
NM,Diagnostic Radiology,877320.5,5551,141.7038340720929,24.316998622532612,19.324169582278017
WY,Physical Therapist in Private Practice,876308.0,1893,73.48310146658805,25.74488456113861,19.656731605785218
IL,Interventional Cardiology,875427.0,5702,249.26309207963914,73.83323190849107,56.172153863207825
KS,Internal Medicine,874640.0,4855,171.1287587350763,58.22312406250124,44.50316793198428
AL,Cardiology,874367.0,5340,167.9706250807884,66.92747711203182,50.4364341060214
MT,Physical Therapist in Private Practice,873967.0,2500,63.56400057439245,26.73656984761996,20.32197671078985
KS,Orthopedic Surgery,865408.0,3216,144.5962070490822,37.886460756119426,28.83617962857492
AR,Ophthalmology,862146.0,1605,212.704654026103,83.22935804385513,63.649744498043944
AL,Neurology,857285.0,1774,81.79858453160773,39.71555116450771,30.608069685374947
NE,Nurse Practitioner,857200.0,6611,130.4791622841882,43.68819294215104,32.74057708815225
MI,Dermatology,856629.0,5244,164.6822868126455,75.35329037426973,55.328769350544476
CA,General Surgery,855092.0,10300,619.4559225640589,312.97421629535995,246.97465928675274
MA,Urology,853189.0,4524,193.8687485422805,54.354597879188034,41.49387288160802
CO,Orthopedic Surgery,850397.5,4880,209.73950205643254,54.92977979122059,41.93815133507058
WI,Rheumatology,846974.0,1016,60.339751952244875,21.860315110055122,16.987220504982876
IL,Chiropractic,846423.0,1897,54.033087699644895,35.71858334427319,25.48597919714714
NV,Physician Assistant,844242.0,5242,196.7608293593341,50.856804245769965,37.83295311064487
CO,Anesthesiology,843466.6,2882,156.4887421029063,31.95018469010489,25.279266802069454
WA,Neurology,842183.0,2541,93.41570656257169,26.597784543238692,19.782290939145085
MO,Cardiology,838621.0,7155,185.42339714841037,58.668301735842526,43.2559500060314
MI,Emergency Medicine,837487.0,9504,803.8645623036263,120.13169200234256,92.43003533188698
CO,Centralized Flu,836435.0,1033,82.23616066973919,78.94603149082006,78.94603149082006
ME,Hematology-Oncology,835090.0,648,43.98043929409174,20.243233304177835,16.094778263420867
SC,Ambulatory Surgical Center,833043.3,1046,654.5113211998276,151.97428994401653,121.70597230653921
OH,Mass Immunizer Roster Biller,829559.0,7138,79.4370973854819,74.45337801167383,74.45337801167383
FL,Clinical Cardiac Electrophysiology,828578.0,6362,254.05081406942472,94.00604919516324,72.52347368625396
NM,Ambulance Service Provider,822876.9,235,201.09607809007483,51.565725638938105,40.81036198724304
MD,Podiatry,819445.0,4636,113.43269558054243,63.18498537428003,46.48702823252269
NY,Chiropractic,819044.0,1719,51.2185570860517,32.17898895540578,23.650144522150917
NY,Independent Diagnostic Testing Facility (IDTF),816505.0,741,152.48545165017123,56.466253360392294,43.3787233022709
OH,Medical Oncology,814627.0,1262,69.75112595090316,25.052204714567267,19.501681530316837
NM,Hematology-Oncology,812499.0,812,64.47071672696207,20.922918206655396,16.52223189195812
VA,Pulmonary Disease,812271.0,3335,150.58959776971625,56.330241988196036,43.36899254063761
NY,Optometry,808115.0,8096,150.7264747591515,79.09913382372352,57.14150874566552
IL,Independent Diagnostic Testing Facility (IDTF),805111.0,1224,480.2982363428679,79.65647521944751,62.89525034486962
WV,Physical Therapist in Private Practice,803776.0,2014,57.71408404830346,23.714052907798408,18.070047724724063
NJ,Endocrinology,803355.0,2819,117.15514163725702,52.856240068256376,40.517642661109555
TN,Dermatology,798031.5,3694,172.71685764268003,74.6363058350243,55.12783204673258
AK,Ambulance Service Provider,793289.4,147,176.25409465909172,43.765401037849166,34.7572421491037
NC,Podiatry,790398.0,4037,92.57835780201609,41.6427420488657,30.059741876913534
SC,Physical Medicine and Rehabilitation,786692.0,1408,94.84124729881489,31.549330652907543,24.417216153234314
PA,Chiropractic,785598.0,2031,54.660713341941744,36.686377218377665,25.938021418064576
NM,Rheumatology,785006.0,350,51.85692894067454,13.969610117637153,10.962152123697894
KS,Infectious Disease,780973.0,383,25.51752543301939,12.050263965541568,9.52646726585864
OK,Urology,780418.0,2636,79.30238390196848,32.406613455843036,25.0971585483465
MO,Urology,775635.0,3446,112.35413867350105,37.86294126752555,28.837359105793237
MO,Neurology,775412.0,2384,71.68410987965174,25.77267535192925,19.421955515262564
NJ,Chiropractic,774222.0,1670,76.74867408829148,41.23552655440383,30.586318872362625
FL,Mass Immunizer Roster Biller,772678.0,7496,79.66036236309724,76.40576923376216,76.40576923376216
LA,Cardiology,772127.0,5119,232.05169944845653,77.15706445957012,58.21164435384839
AZ,Ambulatory Surgical Center,770702.0,2264,1582.615455598446,341.4594535631101,272.5043666942358
PA,Hospitalist,769155.0,5434,227.27445655292195,90.73167914141176,70.83880047583149
NY,Pain Management,768968.5,2764,210.53263596610486,43.03568811983413,33.25665389418749
TN,Allergy/ Immunology,765690.0,722,38.36862743411341,18.394227219872718,14.182367172144316
VA,Medical Oncology,761917.5,1083,83.2682207983451,25.062192232114615,19.761388273657378
AZ,Urology,760430.0,3911,164.19593310365073,54.64428807390516,41.14717554542947
UT,Diagnostic Radiology,760242.0,6890,102.23217783285975,25.31867190972,19.79844927008824
SC,Emergency Medicine,759453.0,4861,481.01214305547677,79.17043842084654,60.96688562687502
WA,Dermatology,755535.0,4319,209.19017870761803,87.86431498211348,65.06915845062747
OR,Family Practice,751845.0,8640,165.27056844156567,58.82814431167099,43.3580332249523
OR,Ambulatory Surgical Center,749838.0,776,416.5304754892739,123.97640667713931,99.0300093754183
CA,Clinical Cardiac Electrophysiology,748478.0,5152,295.7262837518742,94.35231165109055,72.73473941786987
IN,Dermatology,745868.0,3423,192.10224571902776,78.26574608370115,57.64164353479101
UT,Physician Assistant,744095.0,7374,138.29742265441325,48.394913189725415,36.018913391383876
PA,Optometry,743164.0,8824,144.16661442160486,84.89561676833432,57.71114182061729
MI,Podiatry,742838.0,6292,117.77744599774506,69.187049289259,50.71811219949481
NV,Ambulance Service Provider,741778.9,171,381.1489585905243,75.37830558391965,59.60677416147172
TX,Chiropractic,741475.0,1791,58.56407026535187,37.197035045011695,26.309702012869625
RI,Physical Therapist in Private Practice,737061.0,2182,75.4004618613518,27.25881985343973,20.855929821274728
NC,Pathology,736051.3,3714,158.41498460768847,46.6329429076452,35.926592602982815
VA,Optometry,734512.0,4803,90.40398957399408,53.79114420179093,35.742627976112225
AR,Physician Assistant,732847.0,3506,106.65743643644745,40.73551671775304,30.55952492113546
OH,Optometry,730510.0,6842,106.15528607411,56.64268783454853,37.49817535693743
IL,Nephrology,730286.0,4197,240.84674716475925,103.82066358939507,79.94942677252664
WA,Orthopedic Surgery,729149.0,4933,192.4762130511135,62.30572579811392,47.37473320269173
PA,Gastroenterology,727705.0,8364,305.31600212993453,78.1761527954454,61.61402353972635
MA,Podiatry,727454.0,3885,139.8216883678128,62.41405459313748,45.42517361921099
UT,Clinical Laboratory,722350.0,1031,246.03682622040543,114.09952031692868,112.5945712894815
ID,Physician Assistant,722237.5,5822,130.76826122991747,39.9148497828245,28.90261135705759
IL,Anesthesiology,719819.5,8812,475.4144719196833,52.73624915690202,41.35472205184786
MD,Pathology,719451.6,3042,159.9269790075213,50.97482197549751,40.56805462664234
NM,Ambulatory Surgical Center,718634.0,199,145.3809269113521,35.85835742551734,28.612249490060453
UT,Family Practice,716795.0,8940,132.94856505697368,59.996814947044584,46.296698609739266
ID,Diagnostic Radiology,715381.5,5848,144.3730483665135,24.58955634162176,19.20236756190872
IL,Hospitalist,711009.0,5766,301.6662006105475,109.11065765695962,85.64850240993374
IN,Urology,707394.0,4094,157.53629752312418,50.2584264638723,37.847798299119006
CT,Cardiology,706477.0,5570,231.19246850222743,70.10109856374417,52.31906553222432
UT,Internal Medicine,704007.0,4027,119.11734107762675,48.7493333730395,38.148839471754705
OK,Infectious Disease,703421.0,202,12.129489267410387,4.898546574563375,3.84162710527767
VA,Mass Immunizer Roster Biller,702154.0,4733,82.61105348679968,75.93336282356123,75.93336282356123
VA,Physical Medicine and Rehabilitation,700749.0,2050,134.49454281056848,48.16586050061969,37.25385722986595
NJ,Pulmonary Disease,698094.0,4749,274.5310526376555,93.95704867830021,72.69479448327155
PA,Vascular Surgery,697909.0,2841,101.0265821331052,35.455030971100975,27.387713097246728
AZ,Podiatry,697096.0,4535,130.67557722328655,71.9932139330995,53.533834149193765
NJ,Mass Immunizer Roster Biller,696867.0,4922,85.01423752304852,78.2759255926931,78.27580396259725
MS,Urology,696029.5,1803,85.91095453567588,27.273739920514718,21.51401745182873
SD,Ambulatory Surgical Center,695710.0,163,95.85119245094829,30.867358712502686,24.57032474737626
MD,Physical Medicine and Rehabilitation,694962.5,2007,139.11279250322107,49.56187388533205,38.89256662051792
MI,Physical Medicine and Rehabilitation,693370.0,3346,105.48904635332913,44.4602969121836,34.28428152359671
PA,Anesthesiology,693336.0,10833,513.6501423120231,63.6344073291795,50.24568125699808
WA,Pathology,689757.0,3555,120.80611387796002,39.15156036110538,30.56378843564117
NH,Nurse Practitioner,686270.0,6647,181.75882951312565,62.100299590502395,46.20731879579999
FL,General Practice,682252.0,3933,263.8085908876093,172.1394862458963,135.6864997979181
ID,Nurse Practitioner,681169.2,4899,136.81118111299014,56.71604097776832,42.65978630537844
KY,Dermatology,680106.5,2667,182.0668375023526,87.33253536047732,65.96181474568306
PA,Ambulatory Surgical Center,679470.0,2262,1255.1255417171365,315.2465407309659,252.89594065972426
NM,Clinical Laboratory,678119.0,601,58.81572619273419,15.562334000450686,14.927472493848668
NH,Physical Therapist in Private Practice,674746.1,2120,73.9210934305522,26.55008113420125,20.269591984299673
DE,Nurse Practitioner,673402.0,4261,146.7694914925408,56.03327600750439,42.54813604649641
KY,Optometry,673088.1,3422,54.500241275965095,33.339076370561784,22.745837402260282
WA,Medical Oncology,667358.0,947,61.641586914552974,24.155848285298017,18.85569115830063
WA,Cardiology,663095.0,6279,192.1967716239083,65.21382863696792,48.217225028080215
NJ,Nephrology,662867.1,3430,268.00186507971614,103.25928996934289,79.8624413098904
NJ,Allergy/ Immunology,662387.0,1095,41.01735807006376,20.091977741103104,15.455196176917084
OK,Orthopedic Surgery,661918.0,3567,157.37835713797918,56.92475027110189,43.547969582425594
CT,Neurology,658580.9,1544,83.54739101914626,21.128860934156297,16.16139932088644
MI,Pathology,657939.4,4481,147.41918929008511,35.95478162579855,28.1633069550051
NM,Ophthalmology,657626.0,851,152.10269213812023,77.6601348638439,59.74437079721909
WI,Hematology-Oncology,655410.0,1750,115.93120831237124,34.10036361970435,26.408471506365625
NJ,Gastroenterology,652775.0,6383,477.5311568918046,99.15948294594163,76.70409059783874
TX,Clinical Cardiac Electrophysiology,652549.0,5035,270.7820707256983,82.9663338537806,63.36237606674616
KY,Infectious Disease,651353.0,426,22.683107884655257,8.667868037744807,6.796752221920513
CO,Medical Oncology,650927.0,1136,114.80112210781624,33.211220382583235,26.29763059453917
WI,Optometry,650668.0,3934,103.3829751578602,35.909752515865904,22.827352367101284
IL,Gastroenterology,650597.0,7168,445.0175037697256,85.66307322349006,67.50524339954404
CT,Rheumatology,646132.0,518,47.291278407525894,17.395334513708217,13.459600128165745
SC,Anesthesiology,645009.5,5210,316.77731833424684,37.37037054493862,29.29012399043
SC,Clinical Laboratory,644484.6,744,74.45575835318834,20.43577948959338,18.737365082162484
OH,Urology,641837.0,5825,226.0287510224502,65.52319846011011,48.9540324412397
OK,Neurology,641748.0,997,62.50007697729509,25.02535822474215,19.078470147169064
IA,Chiropractic,639901.0,1405,49.800836269987194,34.8769685623211,23.867896221438166
LA,Dermatology,639877.0,2847,133.61965759036727,60.49080087278732,44.16439428210241
MI,Chiropractic,638603.0,1811,55.834577444828426,37.778649176419336,26.427139881894412
NJ,Emergency Medicine,637383.0,6843,876.4216308875413,133.0757287220109,102.82374454605231
AL,Physician Assistant,635840.0,4453,139.61001612045965,33.98016294982675,25.087509106074652
NH,Diagnostic Radiology,635457.0,7109,224.34266905563075,28.917098072721476,22.645318141125454
KS,Cardiology,635215.0,4139,222.04838837252825,68.00053111152192,51.23414771377665
TN,Optometry,632464.0,4879,86.45913411670433,51.145293834919805,34.730991329153895
IL,Mass Immunizer Roster Biller,630742.0,4766,81.81819698073596,75.26813272303872,75.26813272303872
MN,Orthopedic Surgery,628212.0,4066,218.5803412383235,44.278908521331694,33.720212364615605
AZ,Pain Management,628195.0,2020,156.51856805610797,40.674519297368654,31.54218600912057
MA,Emergency Medicine,627673.0,6943,520.9206088043346,122.606205683564,94.16513874265894
SC,Pathology,627460.0,2114,149.32357288152738,32.577684457938986,26.262009673973186
CA,Obstetrics & Gynecology,626932.0,6732,167.48858249380905,66.87452730122413,50.97471494518663
AZ,Physical Medicine and Rehabilitation,625813.0,1785,138.7426069287543,42.35077989752614,32.88735320293967
AL,Independent Diagnostic Testing Facility (IDTF),625449.0,933,84.72075213163939,18.659699799657773,14.69545758322392
NC,Gastroenterology,625224.0,5336,297.87196020943964,58.50768985195952,45.85653325846699
CA,Sports Medicine,621299.0,1722,116.81723171937146,34.08052795835585,25.77827305371198
NY,Clinical Cardiac Electrophysiology,620492.0,3917,718.336186285492,90.59589841624296,69.80158666025142
IA,Orthopedic Surgery,618569.0,2620,160.03173068804975,38.33815716595542,29.279925052810682
PA,Obstetrics & Gynecology,616309.0,3371,73.05849215249981,29.581406550775043,23.27147203759076
HI,Physical Therapist in Private Practice,615596.0,1966,57.91548798238854,27.32672803266754,20.911670852305896
TX,Occupational Therapist in Private Practice,612726.0,1532,67.28718995113884,26.213617897721864,20.39966885685446
IL,Pulmonary Disease,612000.0,5413,256.3008053105456,87.0358613889207,67.34105986930415
GA,Nephrology,609375.0,3423,208.66333697643705,86.53978568212986,67.17103407592778
WV,Diagnostic Radiology,607751.0,7055,135.06304203535774,26.828552927112472,20.481677364583216
NC,Mass Immunizer Roster Biller,607299.0,5803,81.45486857379251,74.10827808040715,74.10827808040715
PA,Allergy/ Immunology,606706.6,1114,59.35790253463284,26.81374420519498,20.585038089251565
TX,Hospitalist,606449.0,4550,332.96377062215635,107.89849047487871,84.6964378702691
NV,Cardiology,605812.0,3245,302.5107167733506,114.04317303061423,87.61056596799195
ME,Ambulance Service Provider,605144.3,485,109.98016218605476,46.75671751352799,36.72862237980733
WI,Orthopedic Surgery,604548.2,3987,347.1077184917617,44.373665110522566,33.58044314745957
CT,Clinical Laboratory,602702.0,696,140.12911186595298,42.400639038722495,35.7242252223434
MO,Physical Medicine and Rehabilitation,602619.0,1326,84.60795344991475,30.747868719652267,23.985083361113634
DE,Clinical Laboratory,601525.7,221,9.879961571070792,6.654691279129916,6.652475629823532
DE,Hematology-Oncology,601337.0,430,118.80693734095526,34.11893908081601,27.043200318625992
NC,Hospitalist,601312.0,4260,262.6485899832635,83.955262126804,65.49405558180042
WI,Pathology,600014.0,2949,300.51880699464084,38.07648446532173,29.543822244099577
NC,Emergency Medicine,597934.0,6020,685.8416504833131,107.03767399074383,81.89080035586905
NY,Portable X-Ray Supplier,597088.0,736,85.72904886733559,49.47725330269968,39.122069711711674
WI,Cardiology,596634.0,5310,356.25930947615626,45.635983232622195,33.73871618111725
MS,Cardiology,596113.0,3101,207.77039856547347,56.680382444355985,42.87257949412389
CA,Interventional Pain Management,595436.6,1619,178.01165534667447,41.445115365758745,31.75803758123832
ND,Hematology-Oncology,595105.0,232,38.2422003173685,17.618329353621395,13.875901580289607
SD,Hematology-Oncology,593980.0,315,79.73311890995484,19.208982053285204,15.122943112517365
LA,Independent Diagnostic Testing Facility (IDTF),587839.0,499,63.07582608503867,11.993983199478215,9.319092268436515
MI,Urology,586885.0,4543,159.4037357574518,60.1277520297977,45.09704558815732
MN,Pathology,586031.0,3680,140.45239843973255,29.46338207363236,23.47648658519064
MA,Anesthesiology,583831.0,8241,482.9877892061545,67.59734340924737,53.397918661368564
KY,Anesthesiology,580761.1,2385,125.03041524316608,22.10129208031785,17.206878559882018
AZ,Interventional Cardiology,579664.0,3951,271.770087912986,108.18044650004406,82.55747331212184
PA,Pulmonary Disease,578888.0,6040,205.24904924609055,85.3667265170448,65.49891146472918
KY,Hematology-Oncology,578147.0,1163,70.04951266724669,30.78594974981593,23.702372562692858
OH,Chiropractic,577464.1,1537,55.062047389610065,34.76556504550791,24.11254822591817
PA,Hematology,577258.0,588,43.1505150902814,20.493745482961966,16.108491419765485
NH,Ambulance Service Provider,574893.8,361,147.7853512071048,44.6949989197529,35.240075123404985
WV,Nurse Practitioner,574046.0,6478,165.9203841502683,61.58996068260121,45.354521641122
NC,Nephrology,574019.0,4101,170.92881965578357,68.95104346716492,53.541456014549205
NH,Ophthalmology,573914.0,1114,188.65227833773807,70.02395517441535,52.96306033665774
AR,Cardiology,570293.0,3861,180.1856085206007,62.16393876487314,46.26483747829345
NM,Internal Medicine,569613.0,2888,144.19710605266073,55.02786060010149,42.05226760974328
VA,Pathology,569470.0,2990,183.63362213973855,42.602405815914004,32.93688477007348
CO,Physical Medicine and Rehabilitation,567405.0,2057,133.1368223226907,38.38013478914569,29.771578414004406
IL,Endocrinology,567390.0,2202,108.60331807047358,46.73445101250867,35.3054110752507
NV,Orthopedic Surgery,567022.0,2186,211.33806857588968,39.02811188985528,29.596825114383794
AL,Physical Medicine and Rehabilitation,564296.0,1053,59.43596984562248,22.47562040132878,17.400900679757637
MD,Occupational Therapist in Private Practice,563959.0,1482,63.20391870686475,27.462119037031812,21.33158887434766
NV,Neurology,563626.0,962,236.99716060071265,57.79429153364011,45.11093281710911
WV,Family Practice,562921.0,4395,135.08361382859744,55.094463645900525,41.33270874596793
NY,Radiation Oncology,558231.0,4730,688.9399620945336,159.60230230852096,126.69082145197824
MN,Cardiology,556517.0,6548,260.97645698135676,50.98350727834852,38.2511002898322
OK,Hematology-Oncology,556441.0,771,68.73478307673193,27.348280482592102,21.25503819809078
GA,Podiatry,556385.0,4025,145.28161451160543,66.55342971150282,48.904841126163475
LA,Physician Assistant,556378.0,5401,189.23375345537755,40.50866784813692,29.81211737345208
ID,Ophthalmology,556319.0,884,198.67300277366851,93.31839593818242,72.09278117418931
AL,Dermatology,552297.0,2909,253.73670103236554,103.86187143896771,78.72523379624066
SC,Podiatry,550388.5,2121,88.46374395544444,49.9961436694804,36.632261629668704
PA,Sports Medicine,549806.0,1351,88.85494792702909,24.080127790508623,17.988201911204282
UT,Dermatology,549561.0,2355,146.08803015495909,69.90833423392614,52.02152334322872
GA,Emergency Medicine,546738.0,5064,828.7070075245371,104.67177040922687,80.81336927375072
NJ,Interventional Radiology,546722.0,2378,158.3331985177755,41.9027271813231,32.9385388917302
WI,Dermatology,543679.4,3386,366.01280640757614,68.77413449907581,50.06876973820823
ME,Physical Therapist in Private Practice,542185.0,2190,70.62183072198154,25.924389866897343,19.7859691618054
SD,Physical Therapist in Private Practice,540535.0,1539,68.21307854257503,25.320787220054736,19.34150861647161
PA,Otolaryngology,540038.0,4016,177.03318362772248,76.83537506620446,56.3761319573963
IL,Clinical Cardiac Electrophysiology,539428.0,3880,247.90505579988914,70.20251716631434,53.257542378225914
VA,Allergy/ Immunology,538750.5,864,47.757839612204975,20.18751288397682,15.319681466644848
NC,Pulmonary Disease,535239.0,4046,179.52941655971415,57.288063892880416,43.95225409580987
FL,Nuclear Medicine,534826.0,476,168.25678430002642,58.96707039273304,46.90056035065592
MN,Optometry,534009.0,3958,92.32191496774884,41.291496154546316,26.722618570106057
FL,General Surgery,532993.0,8296,476.6910696576173,152.0888624429568,118.54866365982217
MN,Physical Medicine and Rehabilitation,532894.0,1495,75.29642617486977,17.707160204487042,13.691816984239017
GA,Physical Medicine and Rehabilitation,532809.0,2359,208.96755261269055,50.08595410352542,38.892012878954986
KY,Cardiology,528160.0,4315,163.69646377983264,60.1719081718624,44.66929154044196
MN,Ambulatory Surgical Center,526235.0,841,575.1729958095243,149.5058324321589,119.49087432419307
ND,Ambulatory Surgical Center,525233.0,148,104.22812170970361,30.335759272632146,24.140457872966465
RI,Clinical Laboratory,523742.0,323,53.76088879638321,15.373238808575827,15.373238808575827
NY,Obstetrics & Gynecology,522272.0,7294,230.27833033366483,67.58354573862219,53.486790810174895
WI,Chiropractic,521084.0,1660,64.78781833639694,34.32795984908344,23.845352534347303
NY,Licensed Clinical Social Worker,520896.0,1965,167.1426939158576,87.42669008782548,67.6779665038711
NC,Endocrinology,518174.0,2069,87.56189583038514,37.71160025405296,28.640576138548777
NY,"Psychologist, Clinical",516213.3,2204,197.51821677198063,103.4038602258864,80.79673253280693
AL,Emergency Medicine,514565.0,2563,305.1465300207354,46.43567131466395,35.51435824432879
NJ,Hematology,513673.0,311,47.83751873273689,14.06753911539675,11.097321720255856
FL,"Psychologist, Clinical",513539.0,2529,192.5383776109662,100.28535353704675,78.25493199170091
ND,Clinical Laboratory,513283.4,506,56.33608628293684,19.347334961680648,18.836743191152042
SD,Physician Assistant,512297.0,3170,83.48471751731881,28.30358139909255,20.841857067282326
SC,Medical Oncology,511656.0,357,59.180899764680184,19.300645961338226,15.20346617643837
MA,Endocrinology,510431.0,2680,153.49921188173514,48.22731093920244,36.35942305619523
MT,Rheumatology,509514.0,126,28.459164851207387,12.154042263793391,9.510617627771813
OK,Ambulatory Surgical Center,509480.0,483,478.61137499013813,133.06980531150901,106.32129261205071
VA,Emergency Medicine,506594.0,4829,759.3356886578111,121.04932640341042,93.32913390216804
FL,Obstetrics & Gynecology,505825.0,6276,201.0366897839938,67.5699539959547,52.82589152375293
NJ,General Practice,505144.0,589,60.56210031195796,23.137927383166595,18.064001175851562
DC,Rheumatology,504781.0,367,34.79824066277917,13.989094438999812,10.90172407443768
IN,Podiatry,504557.0,3423,123.00059806917638,62.94278337254369,46.33819923203762
NC,Occupational Therapist in Private Practice,503935.0,1406,57.68751827119211,25.10990943279098,19.466948197696162
ND,Nurse Practitioner,503781.0,3755,130.58210700678887,41.163197460703095,30.29218501694756
OH,Allergy/ Immunology,503715.0,797,47.601810230025464,21.725378438208853,16.754831482031246
DC,Internal Medicine,502620.0,3149,175.1640334845069,68.18462534316805,53.40639664159565
WA,Chiropractic,500238.0,1326,64.90725328742383,38.256856356373476,26.76375569227692
NV,Family Practice,498543.0,4360,219.83638179640937,109.37404940011251,83.4185395643078
NV,Rheumatology,498403.0,178,46.95735396844927,13.68126564243689,10.697352423638828
MS,Interventional Cardiology,497900.0,1819,200.10697033531056,59.64066649924301,45.674361277365946
MI,Mass Immunizer Roster Biller,496305.0,5077,81.85165164565491,76.74172023252638,76.74172023252638
GA,Medical Oncology,494695.0,573,91.3403694397901,30.542039499047082,24.103435510668554
IA,Clinical Laboratory,494620.0,1054,63.93535095635712,14.623881929590015,13.636715903123575
SD,Ambulance Service Provider,492777.3,270,119.27182922258324,39.7302414092409,31.42570390313864
OH,Gastroenterology,492678.0,6013,345.3087772540796,76.16856317924987,59.5636267095463
MT,Ambulance Service Provider,491110.4,260,134.455190421575,41.10602850185427,32.446675818673555
MS,Physician Assistant,490252.0,2278,99.4634858399188,28.007357338674066,20.65079481573799
MN,Dermatology,490112.0,3685,241.29342097310138,73.18259320319069,53.98817517218648
DE,Family Practice,485738.0,3026,148.17575268966942,77.25651832885902,59.02591228195284
MT,Physician Assistant,484464.5,3863,135.97387649664975,41.0975074540501,29.4366310844193
PA,Nephrology,483548.0,4023,226.63200445456664,109.92724474092653,84.5336059294928
NY,Hematology,483234.0,751,74.16293065056688,19.65892788997792,15.324678168351506
PA,Clinical Cardiac Electrophysiology,483179.0,3493,197.8959186346604,67.97684951127631,51.697122412205566
IL,Pain Management,482756.5,1427,150.43122404364706,31.27928672112286,24.13851268703806
AZ,Chiropractic,482321.0,878,68.07935783431056,36.41599816305319,25.759035704458064
HI,Rheumatology,481091.0,139,35.918891145352895,16.180779644638786,12.597293214727573
KY,Physical Medicine and Rehabilitation,480793.0,723,69.13335454135351,25.899926538002354,20.26124269696393
NJ,Optometry,480609.0,5150,161.96049645347253,91.8801071557639,66.24385165487861
NE,Gastroenterology,480082.0,1109,137.87980640811588,34.19296209821125,27.247715723583447
AR,Dermatology,480054.0,1837,176.4070687882827,84.99522147502542,63.64432170126059
NH,Physician Assistant,479381.0,4475,193.34061454244576,50.17612521148198,36.68010584485645
FL,Hand Surgery,478544.3,2344,179.72511949263912,49.634627640515056,37.261702521591666
NE,Orthopedic Surgery,477482.0,1930,156.4705933835996,38.227275855332714,29.092334684850922
MD,Mass Immunizer Roster Biller,477218.0,3118,85.05131614898825,78.01784073521698,78.01736908494391
IA,Mass Immunizer Roster Biller,477083.0,2268,80.12224384429213,74.46113856490906,74.46113856490906
AZ,Optometry,476717.0,4154,155.89486999624518,85.4152763800092,57.930740753958375
KY,Allergy/ Immunology,475400.0,613,32.590846697518266,12.403911989874862,9.168745561626777
VA,Occupational Therapist in Private Practice,474977.0,1340,67.30750867937762,27.097111102235033,21.102812009848666
VT,Ambulance Service Provider,472239.0,238,90.12911513038976,40.164195248613325,31.522183428307855
PR,Clinical Laboratory,471126.0,5131,13.144066512995051,11.022332369668122,10.963420656030918
VA,Interventional Cardiology,470767.0,3078,194.552352012887,74.4242530381094,56.56991722016461
LA,Ambulatory Surgical Center,469461.0,848,663.4397382744172,145.1772738307449,116.32679195926394
IN,Optometry,468857.0,5713,121.93860053281456,79.38172884265165,52.65152138073262
MO,Pathology,468825.0,3076,176.73931129958396,37.33098548496954,29.043289969622776
IL,Centralized Flu,467504.0,3378,83.4468477274873,80.30448030389023,80.30448030389023
TN,Gastroenterology,467340.0,3399,267.45275568106547,60.36810568318968,47.77635117896589
GA,Optometry,467301.0,4117,110.16351272524852,59.24282336222712,40.170440123182495
UT,Ambulance Service Provider,465463.0,250,224.58078010430938,49.47265761190396,39.08502228958448
NV,Medical Oncology,465071.0,297,50.315127582563676,13.750651664000099,10.931012942043171
VA,Interventional Pain Management,464685.0,1092,215.8575322423218,41.62293672059223,32.39458486934512
TN,Nephrology,463322.0,2136,219.70324230234493,71.03193886755018,55.19817088327133
LA,Neurology,463286.2,1562,98.81672950762794,35.85762399135811,27.127590202366513
PA,Endocrinology,462620.0,1985,114.97614891264514,56.403183779491265,41.78003134321754
VA,Hospitalist,462467.0,3057,285.1886874953652,101.1629797154152,79.26726049638468
SD,Family Practice,461618.0,3436,91.04875994862576,40.651917472919685,31.434256463189755
CA,Centralized Flu,461237.0,4070,82.56358984642806,79.53644692426037,79.53644692426037
MO,Endocrinology,460198.0,1203,82.34006256001486,34.8180611823901,26.377247141410365
NC,Allergy/ Immunology,459974.0,859,42.5388933070142,16.42406888211507,12.28285203075771
CA,Vascular Surgery,459758.0,5563,873.519264200432,226.82833373187225,177.77347980893632
ND,Ambulance Service Provider,459374.8,236,108.86607454323399,32.65837446901232,25.84428116214445
UT,Hematology-Oncology,458227.0,734,44.275620598506954,22.464614917907447,17.716262769255103
NY,Interventional Cardiology,458198.0,3564,453.05979388833225,108.3334907398763,83.34758517058523
TN,Physical Medicine and Rehabilitation,455823.0,1564,150.9677642417791,43.01668347145092,33.242380704787465
VA,Anesthesiology,455399.0,5939,583.6883853276652,56.860036495522344,44.952798710589526
OK,Cardiology,454131.0,3101,165.18505558988176,59.176336938049715,43.60472471600776
MD,Endocrinology,453913.0,1464,115.01945718677483,52.722501360415926,39.56106831042997
VA,Otolaryngology,448546.0,2173,128.53488444888086,53.09847393579792,39.054473944684965
MD,Hematology,448276.0,212,67.57593959968828,19.995740771371487,15.927300546959666
WI,Physical Medicine and Rehabilitation,447993.0,1727,168.36414026569943,27.274604804075484,20.960107814182194
MD,Gastroenterology,446380.0,3719,331.20951310535577,85.54339078818401,66.38916320173334
AZ,Radiation Oncology,445719.0,2152,631.5491176952996,167.2356459338536,132.66421723117116
OR,Dermatology,443107.0,2402,232.1295714355148,78.95362047994365,58.17428111043717
CT,Physical Medicine and Rehabilitation,441373.0,986,75.46025352711597,25.78266860456338,19.92847097579908
AL,Allergy/ Immunology,440123.0,207,9.997697689045095,5.101164969772774,3.914912467649248
MA,Allergy/ Immunology,440006.0,931,74.73282068887862,27.21991902389556,20.85865747281569
AR,Neurology,439953.0,836,76.3650298784032,22.238186624471382,16.94481144576459
MS,Dermatology,436927.0,1506,159.37030698477633,70.2158597661544,52.524256843816495
PA,Radiation Oncology,431928.5,4271,422.0875124934043,113.06919390595635,89.44718563372714
OR,Neurology,431654.0,1200,70.91691697515746,23.14585596334185,17.288534103699646
SC,Occupational Therapist in Private Practice,431112.0,941,60.72154609475634,25.195059682871438,19.591400285771098
AR,Urology,430949.0,1590,97.02382829524883,32.75853771560478,25.130539205362343
FL,Sports Medicine,429238.0,1539,145.16660950329867,38.5540273694537,28.909678732983764
WY,Diagnostic Radiology,429026.5,2454,98.09528984806217,16.464510700400762,13.000884653972538
FL,Vascular Surgery,428464.5,4306,481.83703305658344,154.60400534938677,120.27327675943965
VA,Nephrology,427478.5,2519,209.0352546618668,93.75101695174668,71.90442216392893
OK,Independent Diagnostic Testing Facility (IDTF),427403.0,606,100.54746976493941,19.125554991384348,14.78512640296673
SC,Mass Immunizer Roster Biller,427393.0,3204,78.94693188704797,74.14712545601148,74.14712545601148
IN,Physical Medicine and Rehabilitation,426338.0,1404,126.92760999477188,39.580747435112336,30.690441105411065
OK,Dermatology,425736.0,1837,197.29300742717948,82.32168761870855,60.78986599672789
IN,Mass Immunizer Roster Biller,425167.0,3392,79.0692351240351,74.58229740316145,74.58229740316145
IL,Sports Medicine,424656.0,1193,112.31727438233779,26.10784401965309,19.607417109369866
KS,Chiropractic,423812.0,844,53.89556444840347,35.25878214867216,24.506477046454393
WY,Infectious Disease,423637.0,92,8.353400269596998,1.7777542802137727,1.4062809905793656
DE,Physician Assistant,423544.0,2551,219.85821888642147,88.05364627888596,67.63853625514949
GA,Occupational Therapist in Private Practice,423420.0,1374,66.79429797838148,25.80965693640017,20.004674885435488
MA,Optometry,422504.0,4207,152.49292648114024,74.02755353806168,49.48512915857454
IN,Emergency Medicine,422072.0,3986,693.5974087357786,111.89687221598972,85.57400377181143
TN,Podiatry,421961.0,2619,114.07067072548726,50.666173390412574,36.82846315181985
MI,Nephrology,421324.0,2656,191.54698725906636,93.59568396298597,72.50491094741233
GA,Endocrinology,420769.0,1722,109.04670346428772,38.95875798833149,29.242522880729165
UT,Neurology,420530.0,849,57.20379868273987,26.57664183299961,20.59184081994725
TX,General Surgery,418419.0,7344,533.6291864133733,159.0504914216961,124.21273154458204
NM,Family Practice,417697.0,3854,170.2806269856335,67.72758205118103,50.33850800937492
AK,Physical Therapist in Private Practice,417469.2,1434,101.02791295751857,34.09658767640386,26.151441495564075
CO,Cardiology,415643.0,3619,172.78080766423543,58.748412483856775,43.77018727609685
MA,Chiropractic,415567.0,869,65.31999812303734,38.77514179422784,27.943109991878003
SC,Otolaryngology,415517.0,1918,141.6505210856976,53.617534276645586,39.54850487461804
NJ,Sports Medicine,415075.0,649,108.12885972412056,23.693620935963814,17.88653992653612
LA,Interventional Cardiology,414225.0,2824,247.98717291324488,84.30416882141229,64.54306227298238
CT,Dermatology,413440.0,2283,195.72316626356678,81.55296662147813,60.49134067824383
MD,Allergy/ Immunology,412431.0,741,68.1870755835213,27.03469108772755,20.82399664426348
MD,Independent Diagnostic Testing Facility (IDTF),411709.2,614,117.26526230171805,36.02344730201934,27.849066112821582
VA,Chiropractic,411665.0,868,53.113130385142014,37.05227738574707,26.327222158777058
AL,Pathology,411426.1,1696,169.32756670016857,51.41670261081663,39.42711935383352
TX,Psychiatry,408959.0,3116,225.34934311262256,98.68139982253895,74.05316339777121
TX,"Psychologist, Clinical",408888.0,2211,173.65312696884308,87.70061610995225,67.9512218015781
SC,Endocrinology,408273.0,758,59.32902503955577,25.485840895713427,19.321958983334103
WV,Physician Assistant,408095.0,3272,137.01122748390085,41.89047949616867,30.231326088302236
PA,General Surgery,407704.0,6244,330.48138519628105,107.46722352507153,83.50712595384594
NY,Infectious Disease,406496.0,2828,374.9429535588997,107.0524302329621,84.25285341060315
MT,Ophthalmology,405374.0,759,215.32379289248698,109.96996748699597,84.7368427675839
MO,Podiatry,405316.0,2724,115.21538621731834,57.03737049605628,41.1295838802161
ID,Ambulance Service Provider,405067.7,229,83.87768326124677,43.29666038544309,34.197689966421855
NJ,Otolaryngology,405029.0,2604,271.0624619225117,98.68739959360691,73.73476356015243
IN,Pulmonary Disease,404913.0,2965,157.42811117450543,64.30638798954617,49.722330549977116
TX,Centralized Flu,403976.0,4266,84.25054631951933,78.14187798284138,78.14187798284138
WA,Urology,403766.0,2876,145.02787245584364,51.000930093199145,37.824830471136835
NE,Urology,403661.0,1476,91.38690284672411,26.46650526059732,20.243722579052502
AZ,Pulmonary Disease,402951.5,2437,186.82855619104998,77.9997650586467,59.81635817212546
AL,Optometry,402800.0,3111,70.63224793943934,42.29616988582109,28.60612651439972
WV,Internal Medicine,401402.5,3377,219.55388175194938,85.61350970664101,65.78447727655848
DE,Ambulance Service Provider,401212.5,128,137.03990583514735,52.16475451295837,41.10537650255031
PA,Independent Diagnostic Testing Facility (IDTF),400269.0,721,659.9083779422822,67.20930364401266,52.51591367275947
MD,Emergency Medicine,398664.0,3643,814.5307354066399,138.34044180047468,106.60920765354959
IN,Pathology,398399.0,2655,188.7043097749776,37.293208893607805,29.021217121530125
NC,Anesthesiology,397378.0,7090,684.3870847909845,60.8112380403608,47.985245307982105
MO,Gastroenterology,395796.0,3298,272.10434168090086,62.55701384040943,49.51633169611693
VA,Gastroenterology,395619.0,4515,402.09550185897797,98.6161556446706,78.03979495419806
NV,Dermatology,394180.0,1295,153.38603990580089,73.12909947248954,54.96465198658065
IN,Medical Oncology,393184.0,604,52.66374542185515,20.02379654312527,15.345312245688639
GA,Mass Immunizer Roster Biller,392741.0,5101,77.46280006418964,73.16417190972916,73.16417190972916
OH,Radiation Oncology,392576.0,3256,559.0259957563757,123.7406364625863,98.13978498428402
DE,Cardiology,392267.0,2045,252.8972488381104,98.25086979022596,74.2243337573022
GA,Pulmonary Disease,392098.0,4041,222.0603148192571,81.69498020901402,62.324880693115006
AZ,Occupational Therapist in Private Practice,391959.0,1103,73.39213292715839,25.785285986527125,19.991251789081726
MO,Mass Immunizer Roster Biller,391854.5,3470,78.41318974261601,73.05406034636898,73.05406034636898
ME,Rheumatology,391014.0,318,23.847734173182005,13.947245878678945,10.889610448739543
NH,Orthopedic Surgery,390488.5,1677,263.1322473518801,47.17551538652501,35.75127459581762
ID,Hematology-Oncology,389177.0,272,71.40537351926409,27.940289071566074,22.031239924302568
IL,Radiation Oncology,389090.0,2973,658.2925108585428,127.032251869637,100.63957362051941
CA,Geriatric Medicine,389024.0,1723,234.15693964881427,104.81119547848436,81.77120761113967
MO,Chiropractic,388535.0,971,51.140571480062995,34.94438982330302,24.380294181971724
WA,Optometry,387820.0,5087,171.75426543239718,90.22954398953347,59.32370777681071
WA,Mass Immunizer Roster Biller,387024.0,2647,89.63729660189529,76.51763404853735,76.51763404853735
GA,Hospitalist,385200.0,2825,298.92006477147925,101.62020101241849,79.9757688214195
SC,Optometry,384683.0,2780,100.47952729910021,56.18106134147151,37.713935916065076
AL,Anesthesiology,384374.0,3432,263.49584373537033,36.650805179375375,28.806610150534077
FL,Portable X-Ray Supplier,384343.0,630,72.04076249587101,44.5544264366361,35.066811051578135
OH,Nephrology,382264.0,3261,229.1394361749481,105.70139314708833,80.8488566540369
DE,Orthopedic Surgery,379859.5,1097,212.18237074484554,49.28335808365795,37.50640202501485
ID,Family Practice,378825.0,3954,138.23135468883328,64.81215487362262,48.894426159838694
MA,Nephrology,378310.0,2447,285.9534133911601,87.49581459652676,67.62327971771279
ND,Ophthalmology,378059.0,569,197.17657773024268,79.41809365731719,61.5301967947853
AZ,Endocrinology,378044.0,1167,98.92107262638113,40.8310804826649,31.180752610790734
MI,Allergy/ Immunology,377248.0,812,33.936037275204654,19.288620695103607,14.518282403094988
TX,Hematology,375095.0,388,76.66734901871496,19.34047076076468,15.285059278371811
CO,Urology,374480.0,2860,176.87485168764542,55.314020588591525,41.53015733816144
IA,Urology,374013.0,1802,107.91667802998654,32.867674145013154,25.06247895127241
TX,Obstetrics & Gynecology,373721.0,5039,149.0907050981749,55.828704220499766,43.054365609658895
CA,Portable X-Ray Supplier,373603.0,1025,128.36959705874642,72.94667320655992,56.20333027312464
OH,Pulmonary Disease,372599.0,4960,266.64853228262245,87.1019770585198,66.65146752943306
TN,Independent Diagnostic Testing Facility (IDTF),372495.4,529,120.67398136991815,27.408899760835315,21.47492570379035
HI,Diagnostic Radiology,371580.0,3107,119.39247642499332,26.045226411548548,20.492712336510426
OH,Independent Diagnostic Testing Facility (IDTF),371341.0,602,103.59089510710112,14.174365583086551,10.925508117861893
ME,Diagnostic Radiology,371239.0,4548,116.28454936051877,26.245272290901557,20.4736789777063
KS,Dermatology,370621.0,1467,213.87785103897707,77.32792505013884,57.348925883907484
SC,Sports Medicine,369339.0,631,58.56120057730985,18.578547675707224,13.9018077701069
PA,Psychiatry,369288.0,3000,174.23250655305287,92.0113718561605,69.10385471493906
WI,Radiation Oncology,369074.0,1942,390.36255162912107,43.58289405371734,34.44699686243906
MO,Optometry,368214.0,4487,135.09450458153717,77.27459686483392,51.314841885427995
KS,Mass Immunizer Roster Biller,367609.0,2307,79.76719419276394,73.95782100010054,73.95782100010054
AK,Hematology-Oncology,365836.0,294,70.4178447446374,30.740457308782513,24.343594370157692
MO,Independent Diagnostic Testing Facility (IDTF),365318.0,516,92.82636763042846,14.12386446882466,10.931004823222228
IA,Cardiology,363413.0,2942,199.083779859199,59.424188457746425,44.36364150426956
AZ,Anesthesiology,363325.0,4874,660.4416622857614,79.85395439345679,63.12264160185876
GA,Gastroenterology,362553.0,4427,427.2568285187547,93.44122139379138,72.60968377039926
AZ,Mass Immunizer Roster Biller,362030.0,2883,78.63273615437136,75.07626185673129,75.07626185673129
OK,Emergency Medicine,361895.0,2911,676.9153489542298,136.24327711076128,105.17081990668942
TX,Portable X-Ray Supplier,360772.0,1101,132.5610503031256,87.55049460595417,67.68325041855658
NJ,Anesthesiology,360769.0,6138,1072.6984643083283,99.16797587935834,80.02013060990122
KS,Neurology,359782.0,959,84.7927813786989,27.552063527357753,20.771713009513427
GA,Anesthesiology,359398.0,5684,568.5280472345726,67.09141659107416,52.988852609087694
TN,Emergency Medicine,358849.0,3392,860.1830390222116,109.9457518065269,84.22459945552434
WA,Physical Medicine and Rehabilitation,357443.0,1945,126.72394381758541,40.982518275652396,31.27144347491406
VA,Interventional Radiology,356532.5,2607,178.47424195588383,35.28403654644749,27.414626296280733
OH,Occupational Therapist in Private Practice,356510.2,1052,63.29457953797375,25.848603209670518,20.080419297937155
GA,Otolaryngology,356382.0,2923,204.5062064862937,68.21431295632974,49.80645108336373
NJ,Clinical Cardiac Electrophysiology,356319.0,2205,275.56231539712,94.52351937438262,72.50338592659614
PA,Interventional Cardiology,355943.0,3440,254.70557302703222,77.55525235776177,58.5773199922425
MN,Chiropractic,355765.0,1397,59.43338487486823,35.60715843323201,24.7775670737644
MA,Psychiatry,355637.0,2714,251.63344241457227,103.98876388006082,79.03012479008484
OH,Endocrinology,355394.0,1758,110.98984504514642,45.2050174453286,33.302534088979655
SC,Chiropractic,355264.0,710,52.01525676679319,35.548037684658276,25.32650997570453
HI,Ophthalmology,355121.0,1175,224.4780684048691,87.50834932309853,65.19302888319541
GA,Chiropractic,355016.0,930,56.95325759967099,36.018130450431386,25.53505244835034
TN,Infectious Disease,354900.6,702,56.5456231406456,24.97618981198986,19.673731179920757
FL,Certified Registered Nurse Anesthetist (CRNA),353868.0,10146,1414.9690688613834,134.1570635659544,106.6138783953559
VA,Endocrinology,353110.0,1436,96.13732649885671,48.20219942794458,35.636614765924755
MA,Hospitalist,352915.0,2733,349.4438633098637,110.4314315062404,86.21247280508095
WA,Allergy/ Immunology,352081.0,488,48.477319508860504,20.186722685986386,15.685053070193309
NY,Sports Medicine,351860.4,944,154.1810116457177,32.48444684311331,24.54706005563596
MI,Ambulatory Surgical Center,351705.0,1088,1332.5974314551574,299.34171803099736,239.84216550818923
IA,Optometry,350717.0,3662,164.84024204691923,80.66201447323319,52.75426021550376
SD,Nurse Practitioner,349707.0,3896,136.36607148273907,51.85047431129479,38.653913990857475
AZ,Emergency Medicine,348824.0,3886,941.7875466714517,116.7982025606063,89.58074103269446
TX,Sports Medicine,348132.0,1108,86.19993037119434,25.944779135495384,19.37239001297636
AK,Physician Assistant,347800.0,2598,203.53735865467183,42.60296316848341,31.15840615298582
NM,Physician Assistant,347499.0,3097,156.16071568555608,52.04594700985813,37.49811210968219
MI,Anesthesiology,347143.5,6390,624.1218534695303,60.368265630798234,47.29393080959424
IL,Allergy/ Immunology,346948.0,957,51.838666514857834,22.338954050752985,16.792601369667373
MO,Allergy/ Immunology,346728.0,529,71.26388638930838,26.904654282266563,20.90706625945895
NC,Chiropractic,346254.0,1003,55.962784458804215,35.43223558428316,25.013642788243434
GA,Allergy/ Immunology,346054.0,651,58.70924049437117,20.114713859646148,15.280111976762534
NY,Interventional Radiology,346003.0,2912,362.8269803438503,78.72605841575745,62.083558466162316
OH,Hospitalist,345565.0,3346,332.40114001699845,103.97922908854022,81.3543294315151
WV,Ophthalmology,345029.0,1009,228.7933268796388,116.63448469553937,89.22909225031708
NY,Centralized Flu,344583.0,2795,82.52769152862342,79.63773874517341,79.63773874517341
OK,Optometry,344341.0,4071,146.1482328564233,84.43176879895701,57.83164883066726
VA,Gynecological Oncology,344111.0,304,56.520139605693764,19.625525833299236,15.48802014466961
SC,Allergy/ Immunology,343987.0,478,39.15966652809119,16.349158194890347,12.14832723328781
SD,Internal Medicine,343954.0,1478,79.18134657542733,38.10761247148056,29.506941742211364
TN,Interventional Cardiology,343341.0,2962,195.49678165428958,64.96434005845549,48.734106296670085
DE,Physical Medicine and Rehabilitation,343323.0,422,87.33130439850174,21.832205823683665,16.970259697158596
IN,Occupational Therapist in Private Practice,342942.0,1123,71.25815831831767,25.332564631909282,19.57395964917239
TN,Occupational Therapist in Private Practice,342333.0,1084,63.149641168101724,24.500670808839583,19.063658104820277
MD,Nephrology,341453.0,2364,286.1393267009157,127.75300735378212,98.10091913079647
VT,Physical Therapist in Private Practice,340980.0,1147,61.969130770134186,26.44099029269288,19.712606252560537
KS,Optometry,340605.0,3611,134.91085985236916,82.32632175106282,52.89002583638661
KS,Medical Oncology,340592.0,263,61.90542340991354,18.964615023248083,14.878574482058184
OR,Orthopedic Surgery,340576.5,2348,212.66628654645152,60.6711857982894,46.28389469030455
WI,Mass Immunizer Roster Biller,340498.0,2628,80.98819070888564,73.45377887668724,73.45377887668724
OK,Interventional Cardiology,339428.0,2712,256.9040814248506,81.35911987221948,61.16157871475196
TN,Mass Immunizer Roster Biller,339420.0,3559,77.01770959288011,71.80055238351635,71.80055238351635
TN,Endocrinology,339158.0,1374,76.7301662941736,33.211525424881955,25.71398693233239
NH,Hematology-Oncology,339154.0,339,43.57717986522282,17.180619158231284,13.352287220480441
PA,Pain Management,338930.5,1716,191.4840157495411,49.777920252115216,38.528523664890535
MI,Pulmonary Disease,337743.0,4091,209.35361677372802,95.85042055652295,74.15546539823097
WI,Neurology,337699.0,1830,202.20775989855946,34.20895694093468,25.707498630471886
NC,Medical Oncology,337337.0,754,64.78275306311536,23.543044403703192,18.060953586454865
ME,Ambulatory Surgical Center,337119.0,104,75.29515263131067,27.56867658027155,21.957624547994886
SD,Rheumatology,336587.0,158,21.308269511226108,12.593131107209539,9.776098037003333
WA,Podiatry,335008.0,2745,151.348707672703,72.58131555056534,52.55644133874231
IL,Psychiatry,334980.0,2499,200.78515854661347,91.86865905421253,68.64927888233748
ME,Nurse Practitioner,333887.0,4129,157.2622383621553,56.57068163778508,41.468114571684474
KS,Urology,333349.0,1732,121.7062870745017,41.795658754088045,31.473450017864767
NH,Internal Medicine,333030.0,3021,283.588241329715,88.39088004081457,68.31768948740967
TX,Certified Registered Nurse Anesthetist (CRNA),332842.0,9229,1302.0219551920432,108.64620955289092,86.83633991504024
CO,Pathology,332729.6,2083,173.15998865135376,48.39684260137255,37.65365356734715
FL,Hematology,331063.0,472,69.88595040787246,24.336453394036347,19.165726553582054
MN,Mass Immunizer Roster Biller,329563.0,2521,80.63429256319058,74.51169554833469,74.51169554833469
IN,Endocrinology,329516.0,853,66.92549751756314,33.46528120026957,25.097119168688906
MO,Hospitalist,329402.0,2827,253.4343935375213,97.22379636428441,76.19834882605811
LA,Otolaryngology,328948.5,1979,111.74347303601415,43.424033336491746,31.79596873067508
NC,Otolaryngology,328658.0,2930,199.24664885691655,70.61440019718611,51.234534805185234
AK,Diagnostic Radiology,328237.0,2630,230.4664981707209,35.523375000306906,27.585819849693543
NY,Interventional Pain Management,328105.4,930,176.505893533008,48.53799986222186,38.82098795080235
CA,Hand Surgery,327537.0,2026,197.75088093865585,58.42653272759106,43.83188522215302
IL,Interventional Pain Management,327444.0,974,184.59259882593452,33.62840455163785,25.844345506443577
TN,Chiropractic,327394.0,711,53.02537899290101,34.76265606577286,24.339637531517894
NJ,Interventional Pain Management,326899.0,746,322.30644306101624,31.87911929991928,24.975618004319422
TX,Gynecological Oncology,326859.0,714,64.58688838318409,17.085748441990642,13.377652657601459
NH,Family Practice,326759.0,3846,183.1192614434779,73.68098543572457,55.55966847125534
MT,Nurse Practitioner,326635.0,3258,156.5304937009414,55.145901572101614,40.54642279609785
MO,Emergency Medicine,326111.0,3532,723.2754555962013,123.39759468411975,94.42279601116664
TN,Pulmonary Disease,325216.0,3061,213.35286302022595,74.27717178720684,57.060427562058216
NJ,Psychiatry,325121.0,2043,222.68475967404973,98.3452510604136,74.63518077885495
NJ,Radiation Oncology,324273.0,2007,815.4726495586258,170.0877778602556,135.13506887697656
RI,Rheumatology,323557.0,153,31.963606536089944,12.997474571726459,10.075490006431835
CT,Family Practice,323393.0,4520,188.08210539485606,83.97023445160175,65.04648724614653
IL,Otolaryngology,322951.0,2984,353.1509422169753,121.56391985166486,91.36812785845478
MA,Ambulatory Surgical Center,322940.0,666,919.5873791413646,289.9506510804329,232.32872511914883
AL,Gastroenterology,322286.0,2179,177.67144855815033,53.36368672552035,41.43963706154068
SC,Nephrology,322190.0,2064,182.78657819932067,79.25539650509283,61.43441671066184
RI,Internal Medicine,320190.0,3456,203.4162601267576,79.44704737815812,59.426173303353714
MI,Interventional Cardiology,320029.0,2950,283.00650731656043,95.80418515199067,73.55946807940833
MT,Diagnostic Radiology,319655.0,3738,125.0121209742743,30.027188969367,23.694343370208074
VT,Diagnostic Radiology,319069.0,2437,132.24383362223384,22.621782905891603,17.78537911864328
WA,Emergency Medicine,318702.0,3725,717.7308851523933,112.88902812031982,85.84239496453675
MN,Gastroenterology,317487.0,2612,239.36391027032732,47.843383256644614,37.58402218044837
OK,Anesthesiology,317443.0,2425,284.5314667831162,53.56834864849605,41.8243764707588
WA,Ambulatory Surgical Center,316709.0,1372,1331.850065106947,452.40521633380575,362.5536728040214
ND,Physical Therapist in Private Practice,315638.0,1143,77.33717429459078,26.217762309998754,19.997751348059566
WA,Radiation Oncology,315599.0,2124,407.873338635516,119.87627077395727,94.87763107605487
TN,Interventional Radiology,312785.0,1321,95.04761938710497,17.66743469159866,13.704079639354608
MN,Emergency Medicine,311842.0,4195,527.6713825913158,95.3955950770206,72.99003966756409
MA,Otolaryngology,311702.0,2237,298.592394210029,81.2721310097876,59.66005123484028
MO,Infectious Disease,310920.0,614,62.80161565668498,27.976771130924348,22.02959770996995
GA,Interventional Cardiology,310874.0,3015,296.47759963848915,80.49474697149762,60.53744841963709
IN,Chiropractic,310734.0,739,49.06964400419992,34.86511006194836,24.19054686646139
MN,Urology,310616.0,2318,193.69377156989574,43.35586074126955,32.6883950279512
TN,Radiation Oncology,310297.0,1850,555.1755553229741,141.4045289513409,112.00308623670665
KS,Ambulatory Surgical Center,310065.0,913,1337.3866275765447,252.657267347588,201.57863547960926
AR,Interventional Radiology,309562.0,954,131.23864876831607,27.17895164772768,21.457235416543465
SC,Pain Management,308973.0,671,125.58650435470015,25.88437332709022,19.865477177618406
AZ,Gynecological Oncology,307840.0,262,56.62565547057018,14.145265982330777,11.139716313644476
NJ,Licensed Clinical Social Worker,304741.0,1378,177.5149991960109,86.75442037669539,67.42993456739177
NJ,Interventional Cardiology,304472.0,2061,322.6966669184398,108.95652257020362,83.58496712341069
MA,Gastroenterology,304178.0,5396,654.0730144519337,124.06613180439706,97.70237084868907
ND,Diagnostic Radiology,303526.0,3333,135.0327364048214,29.58632851880585,23.4272147031848
AR,Pathology,302343.0,1471,118.48436603470182,38.524734523310485,30.26627820056321
MA,Occupational Therapist in Private Practice,302202.0,857,68.27288839916747,28.578077875073774,22.26885679113146
SD,Clinical Laboratory,301321.0,705,70.70828793876684,14.032047517462932,13.040526680870679
DE,Dermatology,301256.0,619,135.80431374000366,79.28908825040457,60.46328239093345
NJ,Independent Diagnostic Testing Facility (IDTF),299874.5,716,340.9856983837781,66.37579450714351,52.4992417827007
MI,Radiation Oncology,299642.0,2325,513.2799047528354,118.69532976015498,94.04053480472069
ND,Family Practice,299517.0,2582,128.42682315199332,47.140578898641905,35.212055175508745
VA,Obstetrics & Gynecology,299465.0,2916,155.51818703356616,53.68418700023363,42.37958569449524
FL,Licensed Clinical Social Worker,298918.0,1490,181.4267024735666,94.32819780004402,72.96653409965515
IN,Nephrology,297812.0,2011,203.47203205383144,95.9398249566551,73.29150185357322
DC,Neurology,297424.0,682,86.50830410470448,32.02505527458019,24.62337356765721
CA,Critical Care (Intensivists),297300.0,2946,534.10933474604,141.410278069357,110.94517662292266
NC,Radiation Oncology,296765.0,2452,482.0789393626863,115.67926746749346,91.74925978465244
AZ,Clinical Cardiac Electrophysiology,296251.0,1935,249.28236174728232,86.97672574951847,66.57367674714743
CT,Podiatry,296014.0,2062,116.41529623600155,60.53818748436741,44.414985574988386
OR,Cardiology,295918.0,2958,216.78542535429665,58.03208902467855,42.90021532993592
IA,Physical Medicine and Rehabilitation,295557.0,549,68.65052791859998,23.456802376572405,18.022890136233986
IA,Dermatology,295037.0,1537,233.60551090196637,71.70192765657623,52.580232309841726
WY,Physician Assistant,294961.0,1661,122.46236129510673,31.96595607553904,23.538250344953266
OK,Chiropractic,294862.0,517,57.30711573551163,34.06579806825446,23.73464512210723
NV,Physical Medicine and Rehabilitation,294630.0,766,216.05947452724874,50.77049258383121,39.55188592474259
OH,Anesthesiology,293928.5,7148,586.8846373181799,78.70769187062876,61.27625493956478
IN,Sports Medicine,293896.5,618,86.3603214737579,23.789685008247464,17.984253980602894
RI,Ambulance Service Provider,292711.1,148,215.622641506098,58.41985302237131,46.32111645226156
IA,Podiatry,292371.0,1924,137.71996600207177,66.40069545168772,48.51099189018077
KS,Allergy/ Immunology,291969.0,235,45.93028472200945,22.027279026218388,17.13579140253935
NE,Chiropractic,291416.0,656,56.08760174458896,34.84912959481409,24.239857111470073
OR,Emergency Medicine,290816.0,2603,377.52842085753116,72.07156311895751,54.39408498840923
UT,Hematology,290663.0,101,40.67076081234621,23.64139539607497,18.83402572746228
IN,Anesthesiology,290554.5,4901,536.3139514274383,66.03365778191977,51.67355790393105
AZ,Otolaryngology,290077.2,1715,268.6737712924225,102.67786492699562,77.96966500650201
CO,Mass Immunizer Roster Biller,289706.0,2362,75.63403081061023,72.31298751148562,72.31206861439686
MD,Hospitalist,289401.0,1936,335.2636979829644,112.76788894996487,88.35856178797555
CA,Nuclear Medicine,289350.0,1343,510.318912493411,152.06777812355415,120.26080428521402
WV,Nephrology,288857.0,465,64.77919178001791,30.450198056532738,23.803045174673418
NC,Interventional Pain Management,288546.0,735,99.4435538874961,27.793475771624156,21.385075135329657
WI,Podiatry,287705.0,2227,164.96694582983673,52.08560987819703,37.08178620462463
MO,Interventional Cardiology,286891.0,2620,209.37695368627968,63.054769964900075,47.024582158356566
OH,Clinical Cardiac Electrophysiology,286217.0,2751,213.34199921733804,64.95816974533109,48.667868505383574
VA,Clinical Cardiac Electrophysiology,285940.0,2263,221.1298125830194,75.08101185562414,57.36576655939617
MA,Pulmonary Disease,285548.0,3854,339.50139416139547,99.52990831662949,76.2946590415503
SD,Diagnostic Radiology,284889.0,3594,130.06360392993005,39.42289396921301,31.589321735809115
IL,Obstetrics & Gynecology,284240.0,3193,143.1676057908594,49.023883373163244,37.56416901211497
RI,Nurse Practitioner,284009.5,2923,186.98024583687453,67.71857043515159,51.04061036691948
OH,Pain Management,283432.0,1710,179.70378323550045,46.53343888479426,35.35441499191657
KY,Podiatry,282869.0,2041,181.3358395577432,118.17462337753823,90.12396819767612
UT,Orthopedic Surgery,282181.0,2341,196.9470780809605,66.55691775848325,50.706154347775495
KY,Plastic and Reconstructive Surgery,281950.0,194,22.222125767105172,9.684759212566048,7.505625359137462
UT,Medical Oncology,281946.0,635,42.12852489484218,16.081541642737488,12.635482681109927
OH,Portable X-Ray Supplier,281229.0,295,86.65873487439777,47.84546124312753,37.26186296566296
TX,Vascular Surgery,280949.9,3989,592.0690289622136,168.56460685671544,131.92196679908324
MO,Occupational Therapist in Private Practice,280903.0,794,62.87321662637951,25.49800457809887,19.788300908136765
SC,Gynecological Oncology,280234.0,188,40.00709478506777,14.367010070180795,11.310540762365028
TN,Anesthesiology,280082.5,4005,491.78616632578024,57.0384994064567,45.39000937226167
TN,Pain Management,279607.7,826,99.62890464038692,26.753606070310923,20.821347015821985
WV,Orthopedic Surgery,279583.0,1112,108.52277960392183,31.780238998801583,23.8160075898791
AK,Independent Diagnostic Testing Facility (IDTF),277922.0,238,123.99894491977626,14.816914637941995,11.891258410587945
IA,Pathology,277279.4,1812,182.9506179683681,39.99792343027524,30.837808722920272
MS,Gastroenterology,277096.0,1747,314.3422040014961,56.78951089154967,44.99273450354031
WI,Emergency Medicine,276548.0,3673,831.9420721898713,113.92035657472687,86.11261600164366
MD,Radiation Oncology,276516.0,1778,721.8051080952373,171.73585434449092,135.79171849011942
IL,General Surgery,275714.0,4980,555.8450851242679,131.5764822244135,102.13527506766427
CO,Occupational Therapist in Private Practice,275379.0,1021,69.71628348567134,27.304053831274626,21.091479924032626
LA,Emergency Medicine,275363.0,3177,1185.4871755100453,122.28653566381308,94.0117052399568
VT,Hematology-Oncology,274823.0,174,61.05270366747741,24.74060726362102,19.56658878637897
MD,Optometry,274699.0,2647,178.53195301027284,90.82727458054326,62.01278770576971
NE,Clinical Laboratory,273226.0,378,43.89634866369384,13.016989891123725,12.690410905235893
KS,Physical Medicine and Rehabilitation,272120.0,487,73.8596997648347,24.930154049758613,19.266879795704014
MO,Pulmonary Disease,272068.0,2762,222.8099003924617,77.73879287530849,59.50415256479254
MA,Licensed Clinical Social Worker,271467.0,1423,179.66926248872784,88.93689420808741,67.66620038530527
CT,Endocrinology,271404.0,871,90.92313691032136,42.453120919382314,32.00891637554089
AK,Rheumatology,271031.0,76,73.85648792956364,24.507873084635126,19.416086978985895
CO,Emergency Medicine,270847.0,3601,691.5371217700198,113.5399248283911,86.5118511187739
KY,Pathology,269146.0,1816,158.64635183125986,36.227896903566005,28.05248701449677
IN,Hospitalist,269131.0,2039,266.98408700603005,100.8071090657775,78.7966061509344
IN,Allergy/ Immunology,269086.5,539,46.47102797798995,18.17009080726747,13.643985224093695
WY,Nurse Practitioner,269057.0,2341,155.6314673470424,51.69733108595758,37.67193661567182
MS,Occupational Therapist in Private Practice,268837.0,568,60.30535967889411,24.133208338087698,18.729539981450415
AZ,Gastroenterology,268653.0,3161,382.75134013028656,97.48939040329772,76.06234975968358
KY,Urology,268439.0,1624,128.8213201136468,42.271148752600055,31.409688048294875
HI,Internal Medicine,267690.0,2097,200.05390380647313,97.54377746638094,71.1407680525837
CT,Pathology,267654.0,1918,192.67399762383795,44.85652106818947,35.42304008157416
NC,Sports Medicine,267526.5,977,104.36502955785552,31.055032267869198,23.149988094641518
VA,Radiation Oncology,267439.0,1752,763.0264291293906,161.68257737234183,127.95010219169735
KY,Emergency Medicine,267151.5,2517,709.718938804299,114.6827088749765,87.96644918696732
TX,Interventional Radiology,266562.0,3662,376.9933251552009,74.35047591182143,58.439562915926416
AL,Infectious Disease,266511.0,439,55.45014674815296,23.727237975164606,18.627948565051696
TN,Otolaryngology,265539.2,1949,170.5951691125158,57.3988550089513,42.21283554365487
CO,Podiatry,265503.0,2041,172.65887910821334,112.76757976390694,86.39168182700477
KY,Interventional Cardiology,265319.0,1846,154.45201628985458,60.09004202486374,45.61828123881575
OR,Nephrology,264977.0,1117,143.40365873260953,50.67231231388476,38.84674209458982
MA,Radiation Oncology,264558.7,2455,400.0746724639473,97.22130963753624,76.64379186923978
MI,Psychiatry,264129.0,2010,163.24723990915163,87.56598457558329,65.44833445023346
SC,Interventional Cardiology,264056.0,2136,334.4566448784561,74.88912351920077,56.453879063502995
KS,Independent Diagnostic Testing Facility (IDTF),263899.0,304,97.64099359976464,15.172804671509072,11.79448163875637
DE,Ophthalmology,263828.0,591,184.0081964765107,91.72861352855533,69.27763595987288
NJ,Obstetrics & Gynecology,263756.0,3406,181.94517360743677,61.3986282775771,48.71792846421663
GA,Clinical Cardiac Electrophysiology,262204.0,2005,269.0741018824416,72.1724475218726,54.59432541077515
FL,Critical Care (Intensivists),261681.0,2385,448.6530369799777,131.7344216811922,103.76264761298667
PA,Infectious Disease,261217.0,1702,161.46177737289523,75.0582030264716,59.30273102434092
ME,Internal Medicine,260729.0,2664,176.90026456594362,62.441477281064635,48.083438781247196
MI,Pain Management,260432.0,1039,106.25934984947632,28.738163397769636,22.000016933407377
IN,Gastroenterology,260375.0,2954,400.32831811808427,80.4660681325206,63.35764482004595
MT,Family Practice,259662.5,2751,170.91768268423007,68.56898231361909,51.04878536567438
NE,Physical Medicine and Rehabilitation,259353.0,462,70.63404591413484,21.67612420137344,16.74108886343488
AL,Otolaryngology,259148.0,1777,132.4739044098721,57.062451649211994,42.10220526492568
VA,Sports Medicine,258772.0,699,80.8678454778896,26.97950918184287,20.186446292461834
MI,Gastroenterology,258330.0,3760,297.400624317752,91.70066728605417,72.0077293384387
NE,Cardiology,257911.0,1862,210.73894669084322,62.10718639379168,46.325394418982654
MI,Occupational Therapist in Private Practice,257581.0,1027,71.17786463287948,25.9689947239974,20.211003063119083
DE,Urology,257548.0,852,100.72357583827477,46.72768742142469,36.68214526996632
LA,Radiation Oncology,257497.0,994,408.1573929403235,101.62006007839928,80.8462938987079
AZ,Interventional Pain Management,257456.0,826,180.9628827451703,44.9148565193095,35.00610267384546
NC,Pain Management,257300.1,947,197.58419553664393,37.807717019837995,29.299932413549126
LA,Occupational Therapist in Private Practice,257294.0,677,63.60428027858009,23.706496420433762,18.368899741151
CA,Opioid Treatment Program,257236.0,266,204.69266708397078,164.23048150362987,161.53656494423916
MD,Centralized Flu,256960.0,1515,88.97711188518028,82.31304280837011,82.31304280837011
MS,Emergency Medicine,256722.0,1945,790.738137168127,100.64954137177322,77.66124356303978
IN,Interventional Cardiology,256607.0,2594,215.88999329711945,68.9183635286819,51.22867751076413
SC,Hospitalist,255836.0,1568,214.78294845150043,94.87152984722812,74.22543672511624
WI,Hospitalist,255801.0,2713,408.9922899831543,96.95929969001536,75.87599243166676
OH,Otolaryngology,255189.0,2761,210.92695202376746,78.01492607445407,56.62410382106418
MD,Otolaryngology,254776.0,1902,232.46872884417124,98.90288072669627,73.37525379161482
LA,Gastroenterology,254106.0,2467,294.7458671970625,69.406414763925,54.37929151618531
NC,Clinical Cardiac Electrophysiology,254075.0,2135,235.9925915182515,59.35950199739593,44.90457856932363
NH,Cardiology,253502.0,2265,278.0756429929779,53.12295954269636,39.67845157039185
IL,"Psychologist, Clinical",253213.0,1611,194.49137358673903,97.5042120665487,75.60051482348351
CT,Urology,252539.0,1761,185.27972095408828,56.329219684876655,41.90482535372437
WA,Occupational Therapist in Private Practice,252124.0,1193,70.06859930035402,28.510931803407843,21.88119270676008
WI,Occupational Therapist in Private Practice,252030.0,979,73.52351716065598,25.710686743650356,19.939662817920805
IL,Hand Surgery,250359.0,1456,163.8690498045172,44.75445372441169,33.31626116896474
TX,General Practice,250123.0,1472,142.68195307917878,62.683531622353755,48.08050435182778
NY,Nuclear Medicine,250003.9,1006,625.2229273222628,187.11368130655308,148.45708498999176
OH,Interventional Cardiology,249798.0,3105,252.71405735833923,81.07598063242477,60.63726531035183
WI,Centralized Flu,249564.0,1472,81.73023669280855,78.1848577117873,78.1848577117873
WI,Urology,249197.0,2010,304.5521102983891,44.85480278659035,33.078646492526275
MA,Pain Management,248629.0,688,109.71585973470978,28.136576143537596,21.519612957407592
NH,Dermatology,248494.0,1235,254.72710681114125,76.58826040063138,56.01695473533944
TX,Licensed Clinical Social Worker,248423.0,982,157.41938588615434,72.07168285546742,55.46278251209602
CT,Mass Immunizer Roster Biller,248073.0,1927,82.85222382121727,77.30212167386966,77.30212167386966
GA,Vascular Surgery,246198.0,2579,336.0726921825574,97.32077583927519,75.13781712291544
MD,Pulmonary Disease,246117.0,2129,291.9483969007734,98.01316422667398,74.58890994932892
KY,Pain Management,245757.0,846,170.06099594316035,48.0790461309374,37.17755815708527
OH,Sports Medicine,245243.0,1119,102.81971098057143,32.11302479583707,23.822358232468293
MD,Anesthesiology,245142.5,4394,738.4762723721138,101.40151732137383,79.87062639077725
ID,Ambulatory Surgical Center,244278.0,392,382.5134069782583,131.92957065323898,105.33740226306331
MI,Optometry,244178.0,4284,137.31369689329176,86.58528847806235,58.12029765169868
NE,Dermatology,244100.0,1234,198.3214758705347,68.29419721421263,49.27922429334859
CO,Radiation Oncology,243531.0,1346,308.59655390904504,84.77154731850173,66.9698068007205
OR,Urology,243124.0,1697,166.09326779760445,48.159997943456716,35.83457194681423
ME,Family Practice,242971.7,3212,141.50434289255534,54.747823306200814,41.0409209796791
CO,Certified Clinical Nurse Specialist,242830.0,122,14.459308569774864,7.946576864534823,6.23154807889383
WA,Hospitalist,242440.0,2649,351.2291181736057,109.51002214974784,85.5789216713828
IL,Hematology,241195.0,315,90.73260005364293,26.673370094868552,20.899339538554102
AZ,Interventional Radiology,240332.8,1201,229.71605744188702,46.02973917832961,36.168861137564576
GA,Radiation Oncology,240260.4,2131,616.9212110693986,141.02930803417865,111.73765710042788
NC,Interventional Radiology,240230.5,1880,248.64927825555114,55.44147737277001,43.77849981576921
DC,Physical Therapist in Private Practice,240000.0,789,72.62136529164202,29.14901679166667,22.538636333323694
CA,Plastic and Reconstructive Surgery,239297.0,1874,840.7754222559983,337.71665946312146,267.3622504242152
CO,Allergy/ Immunology,239265.0,470,45.38075230401565,18.92482080534567,14.217415501592983
AL,Pulmonary Disease,238872.0,1994,146.71568337858818,73.7863279496286,56.48857371312973
GA,Pain Management,238327.0,1438,291.83758579596196,64.02519093509957,51.43064633883226
MA,Centralized Flu,237386.0,1762,83.78141196198226,79.56749505035182,79.56749505035182
SC,Gastroenterology,237207.0,2679,466.5546261703206,101.59922148161104,79.53930491090266
AK,Medical Oncology,236711.0,178,99.95386750067169,35.794531179341334,28.402435839610362
VA,Centralized Flu,236069.0,1687,84.13121553440988,78.81588560965146,78.81588560965146
RI,Physician Assistant,235982.0,2450,177.71347556166432,50.60664715955669,36.655308794746986
SC,Clinical Cardiac Electrophysiology,235846.0,1563,282.5598237831894,74.52091797192789,57.09423941891828
OK,Mass Immunizer Roster Biller,234172.0,2136,81.12436064100417,72.5399421365421,72.53829377550828
WA,Nephrology,233509.0,1754,220.59468632907857,92.46353999202812,71.20428120541872
WY,Ambulance Service Provider,233390.1,80,256.7690813357429,50.69453250165074,40.195265994581135
AR,Optometry,233268.0,2719,137.8258176861471,79.25664784721755,52.19159678994912
KY,Pulmonary Disease,232913.0,2353,227.5574564751622,93.68795640434236,72.76266545880954
KY,Occupational Therapist in Private Practice,231826.0,638,59.297511366296,24.618977465857018,19.104848722716746
TN,Clinical Cardiac Electrophysiology,231650.0,1616,199.86972825383907,65.47027899852169,49.06996684656366
UT,Physical Medicine and Rehabilitation,231159.3,1102,113.8488253771819,41.19176100637676,31.480494273843988
MD,Chiropractic,231159.0,487,58.339696572533455,38.476825994229095,27.739082363204805
KS,Pathology,230916.0,1532,189.74075499326324,45.533927748636266,35.26247652830424
AL,Nephrology,229432.0,1386,153.24458323170813,77.7543553209047,59.828034537520146
NH,Mass Immunizer Roster Biller,229032.0,1166,81.01485403781928,77.63584018826234,77.63584018826234
AL,Interventional Cardiology,228886.0,1759,187.98610570332312,72.16273354416641,54.70406088624069
PA,Certified Registered Nurse Anesthetist (CRNA),228867.0,7132,957.1858114540775,102.5642951146443,82.71964215027963
LA,Physical Medicine and Rehabilitation,228750.0,935,183.51032830597995,50.972098360635876,39.53300642625095
NC,Interventional Cardiology,228269.0,2760,351.7297449500663,92.26507221739669,70.3666282325131
MD,Vascular Surgery,227381.0,1885,498.5782150665024,190.06904376399885,148.98653937674055
PA,"Psychologist, Clinical",226545.0,1395,179.7681365734083,111.25917517474947,86.49224727982553
SD,Orthopedic Surgery,226001.0,1195,196.25671284640222,48.69909602166473,37.239784248717655
MI,Hospitalist,225898.0,2148,321.93290037999384,104.09734464227496,81.59853455990338
IL,Licensed Clinical Social Worker,225779.5,1296,173.7168878486083,88.17350197857502,67.45755394091137
NY,Audiologist,224694.0,1684,124.63347708441907,31.60832211807552,23.101531460551232
CA,Audiologist,224606.0,1517,143.9267970580279,37.77236316042322,27.416850573875053
PR,Physical Medicine and Rehabilitation,223943.0,295,21.158589596424804,12.691059644760196,9.709922480279689
NJ,Hospitalist,223900.0,1640,347.3558915585612,109.67690701205458,86.26349669496251
NJ,Vascular Surgery,223656.5,2505,748.7002712637557,280.69494747773723,221.2700623525288
MT,Ambulatory Surgical Center,223450.0,273,412.2231739089252,131.65710069411827,104.76692159308926
SC,Pulmonary Disease,223363.0,2358,214.92982253122196,82.46499178454566,62.52573667082519
HI,Ambulance Service Provider,223064.7,29,309.64980720808273,65.64734276630826,51.985957616866436
NY,Critical Care (Intensivists),222593.0,2318,556.7712572721047,140.28153351634117,110.59889291221504
NV,Pulmonary Disease,222183.0,696,135.03285017312268,53.21244582164307,41.24182435198395
KS,Podiatry,221928.0,808,81.10200456902814,40.50721418664413,28.902427273696077
CA,Undefined Physician type,220158.0,826,202.5105925745015,62.56033307896247,48.45345442826583
NM,Orthopedic Surgery,220050.0,1107,149.1487002499467,44.559964053700924,33.25000772550561
AK,Family Practice,219260.0,2719,243.95430716941885,80.05684155794287,58.46462656199214
WA,Interventional Cardiology,219244.0,2658,263.56608221885193,85.97182363032823,64.38898806807197
TX,Critical Care (Intensivists),218297.0,2090,415.03038420137165,120.26266393946369,93.95054590748651
NJ,Hand Surgery,218238.0,912,157.03906537813333,39.96970962896219,30.05492448608107
CT,Ambulatory Surgical Center,218229.0,526,936.9519934561574,190.57076172275922,152.9159210738058
ND,Internal Medicine,217809.0,1103,159.13350063580162,56.22392688094846,43.126661524577166
OK,Gynecological Oncology,217400.0,296,47.271604875797216,18.557554783785047,14.726768215247777
WA,Gastroenterology,217008.0,3432,454.40268510845107,98.12865723842893,77.3305514543391
MT,Internal Medicine,216792.0,1677,196.29544448139646,69.40758012296415,51.66903335920119
NJ,Pain Management,216596.0,1418,652.6268429233752,65.82940866875482,51.681221167510245
IL,Gynecological Oncology,215790.0,342,83.16707419234764,27.681721627551337,21.768287501741494
MS,Medical Oncology,215538.0,196,73.2115924797373,26.524699542480025,21.041210784169476
LA,Podiatry,214968.0,1428,135.9586348200429,63.46929073141886,47.31099126400179
NV,Podiatry,214841.0,1123,109.65072458269158,54.236741078223304,39.73658463702761
MS,Independent Diagnostic Testing Facility (IDTF),214164.0,298,251.11752119854455,19.533058590666332,15.259963159050024
KY,Mass Immunizer Roster Biller,212896.0,2392,76.7546593172433,70.99486777581603,70.99423201939035
OH,General Surgery,212720.0,5120,409.26039394507734,132.29367389044418,102.281865879983
ND,Physician Assistant,212570.0,1792,142.3053608692425,38.08137479420026,27.576863009846893
IA,Ambulatory Surgical Center,212347.0,536,989.0035679335546,219.4363337842168,175.7891553447946
WY,Family Practice,212131.0,1759,150.07706209839378,57.83793212681187,44.0506131116849
CT,Occupational Therapist in Private Practice,211185.0,623,69.12261893600729,28.58951956817304,22.287882235951194
GA,Obstetrics & Gynecology,211137.0,2806,150.29225038724064,49.67560190774231,39.7425759578239
CO,Gastroenterology,210612.0,2208,317.9962289899499,73.86220106170367,58.751860340339086
MO,Nephrology,210489.0,1728,275.93063480763175,115.09607034091161,89.06794184016606
NY,Hand Surgery,210065.0,1371,299.09057391768084,59.34404898482196,45.10552452808529
LA,Pathology,209928.0,1610,142.12647464848033,36.65270554668093,28.597983165649197
GA,Centralized Flu,209925.0,2572,77.4193451470861,74.07597475286862,74.07597475286862
NE,Neurology,209011.0,616,64.45607235988226,24.106784331928203,17.986031644284772
NM,Podiatry,208543.0,1174,113.27082457733651,62.90184973851539,47.33880384392573
MA,Obstetrics & Gynecology,208542.0,2555,180.2616983629725,54.78114984025655,41.939603916683964
MD,Psychiatry,208459.7,1484,200.5464590037847,104.64674682918978,78.6275490179568
CT,Emergency Medicine,208381.0,2559,836.63643244937,137.89042153555866,106.52838468965945
OR,Medical Oncology,207799.0,562,92.27468375694463,27.66279433497402,21.644784479240744
NJ,"Psychologist, Clinical",207685.0,1018,189.51970633397266,111.05663191845332,87.0754261502539
NC,Centralized Flu,207406.0,1912,80.04356667601097,76.45758059070486,76.45758059070486
WI,Endocrinology,207027.0,914,126.40314466221767,34.67435943152247,25.723975858208483
AR,Mass Immunizer Roster Biller,206580.0,2203,91.45178274759319,71.9712149771887,71.9712149771887
AR,Physical Medicine and Rehabilitation,206249.0,524,145.1348092840861,48.60845031979747,38.236530843773
CA,Licensed Clinical Social Worker,206127.0,1033,194.47098977828193,102.96063475417336,79.28139152072062
IN,Radiation Oncology,205499.0,1530,487.5466453849916,119.51100847209977,94.22694757633778
NC,Obstetrics & Gynecology,204541.0,2857,146.3236191277148,49.06441935841269,38.2178587177416
OK,Interventional Pain Management,204200.0,408,79.42284074427945,29.21665553375139,23.25496287949288
FL,Neurosurgery,203755.0,3549,933.0095778753836,190.63808809599877,149.47160010789162
MA,"Psychologist, Clinical",203275.0,1247,205.36102152269115,99.00138905418638,76.58979805682272
NJ,Centralized Flu,202973.0,1653,82.28674976472576,79.1283355915048,79.1283355915048
GA,Interventional Pain Management,202306.0,1049,377.2433523963379,65.5236748292016,51.69305991908126
MS,Allergy/ Immunology,202003.0,223,47.64849705205266,25.909540353322154,19.961588936795653
NE,Mass Immunizer Roster Biller,201979.0,1113,83.12562256469222,73.8834504081818,73.8834504081818
NJ,General Surgery,201635.0,3289,772.1414813899945,198.04745574981754,154.7489390232136
NY,General Practice,201600.0,1065,248.35732996020712,86.34181324430702,66.39204528776011
UT,Cardiology,201472.0,1660,193.9656702667246,71.96168246698196,54.63621545426883
WY,Neurology,201401.0,130,46.18711793842368,14.723439804180126,11.226606223452436
MI,Vascular Surgery,200944.5,2197,265.96961479420924,98.0251837696674,76.37536085833018
GA,Interventional Radiology,200258.0,1320,167.82158555446773,37.37200346550841,29.2845896293972
NE,Pain Management,200205.5,488,116.18040828039089,23.344636735754403,17.731821153767477
MO,Pain Management,200054.5,927,153.4317585958138,34.72967911247024,26.117299036012795
KY,Nephrology,199503.0,1214,189.86099782964286,97.4001490704862,74.62064540386234
IN,Pain Management,199348.8,963,248.30572423793484,47.71955276383742,36.480488119318835
WA,Anesthesiology,198932.0,3413,442.7764931230968,68.56778029673204,54.00739725130929
OK,Hospitalist,198884.0,1100,274.6575592808676,99.26998396049584,77.42680074820406
IN,Clinical Cardiac Electrophysiology,198830.0,1654,237.28425715433505,68.36627802642167,51.149979479974725
CO,Optometry,198822.0,3216,153.36088943880117,92.53103705830668,61.38392008931185
OK,Allergy/ Immunology,198642.0,204,34.80272152921748,16.997053946310935,12.795724569829128
AL,Interventional Pain Management,198204.0,419,84.21333060893235,26.612702972735303,20.99234283870125
MD,Obstetrics & Gynecology,198159.0,2136,159.88797147747178,63.447807820966496,49.41345131949505
OR,Pathology,198119.0,1412,170.98189557805125,45.192395883238305,35.08333097782903
CO,Chiropractic,198092.0,613,59.7323115017595,37.13389596750914,25.973639773441228
AR,Occupational Therapist in Private Practice,197882.0,472,63.46178697405956,22.926741795643927,17.717837044278546
SD,Neurology,197545.0,407,48.31948021972534,18.853135741265604,14.369708522085599
OH,Psychiatry,197491.0,1917,190.741193117583,93.17167227891794,68.52103898405066
MA,General Surgery,196837.0,3273,472.32284661918084,162.24006350420478,126.41284540000576
GA,General Surgery,196829.0,3749,490.9581027186399,143.6104659376314,110.53221608612226
TN,Hospitalist,196748.0,1428,294.5112578017091,93.95565591527934,73.89640951875482
NY,Speech Language Pathologist,196619.0,748,150.6414828680448,72.9952095168333,57.045294249296205
UT,Podiatry,196379.0,1703,130.87839784296284,63.556850477840385,46.243661949582496
AR,Emergency Medicine,195739.4,1727,699.162516131197,105.29174611746281,81.04421496133398
OR,Physical Medicine and Rehabilitation,195144.5,950,121.37380167000708,35.53886309887269,27.16162238750514
SC,Radiation Oncology,195101.0,1215,485.99475907265344,136.4721205939774,108.41991117426196
PA,Hand Surgery,195031.0,1210,202.29335367186468,52.76423430115556,39.09802800578756
TX,Plastic and Reconstructive Surgery,194500.0,900,141.28645187660945,34.62305542417308,26.705297686351734
WA,Centralized Flu,194471.0,1030,83.72167325721102,78.02625532855537,78.02625532855537
RI,Orthopedic Surgery,194216.0,1096,211.24920083824244,46.894484903375414,35.55230634957384
MD,Pain Management,194019.0,849,247.3769578750825,56.48955313660489,44.92336977320567
IL,Interventional Radiology,193701.0,2621,405.0055385361998,86.2047354430593,67.30000531754075
AZ,Centralized Flu,193197.0,1449,83.49804981442493,79.82300392875092,79.82300392875092
NV,Nephrology,192952.0,1086,268.4573114555774,101.03590478464157,77.78318618098946
WV,Infectious Disease,192952.0,226,26.060537387562942,9.461416725367044,7.433013962026463
CA,Neurosurgery,192939.0,3882,1121.6765286435445,210.98142366229544,164.64246082956998
UT,Ambulatory Surgical Center,192883.0,511,1238.6629925906004,246.16869521927364,196.74238486504026
TX,Neurosurgery,192672.0,3385,753.0323624085339,175.28829020302334,137.05150872985536
MN,Endocrinology,192269.0,1193,104.33962125978073,36.72283066955995,28.005350004408918
OR,Mass Immunizer Roster Biller,192198.0,1453,78.22808796136474,74.37097009337961,74.37097009337961
IA,Nephrology,192014.0,877,155.1559941461526,57.97461836107819,45.08541767787996
DE,Podiatry,191454.0,880,96.23455822285182,50.3948390735937,36.4467735852741
OK,Pathology,191210.0,1079,139.82909413731824,40.73175200046228,31.317841064775372
TX,Hand Surgery,190984.0,1251,150.59138090106222,44.31586918282907,32.86575262849747
GA,Sports Medicine,190881.0,537,70.11299296421691,17.49193780420612,12.879184570481078
MT,Orthopedic Surgery,190848.0,1104,187.2148091152447,60.34856451214867,46.133790451018875
VA,Hand Surgery,190840.0,1019,159.66348103121064,47.78365243138818,35.396530339557835
KY,Chiropractic,190720.0,593,51.319061556200836,32.29664403314507,22.593949769308747
NC,General Surgery,190207.0,4203,479.8370923256753,135.61147938809935,104.33783299245417
ME,Optometry,190042.0,1307,69.39492196458566,43.93991207204063,27.63372465033618
AZ,Hospitalist,189886.0,1550,315.22518690152384,108.66152986530807,85.38224956029757
IL,Certified Registered Nurse Anesthetist (CRNA),188947.0,4490,824.7760728671143,77.08289271597529,61.52011140686882
MS,Optometry,188411.0,2186,126.70260462493994,80.87818911851957,54.65574244603519
MI,Otolaryngology,188161.0,2271,181.31454488448432,85.9747659186268,62.63589027481484
ME,Physician Assistant,187820.0,2842,199.58682978373645,59.691500532431576,43.6941902353172
MD,Sports Medicine,187608.0,301,34.15561708457578,12.894440269098736,9.551986589046143
IA,Occupational Therapist in Private Practice,187500.0,606,64.04838720002445,25.852065759959057,20.00435647999122
MI,Interventional Pain Management,187472.0,483,76.29411720160724,22.754966395018975,17.488471345067115
MT,Dermatology,186778.0,785,228.0950298219469,130.97119162803344,99.55062710771105
MO,Otolaryngology,185870.0,1674,196.03345408080332,70.19332743316168,51.73972163340809
TN,Centralized Flu,185808.0,1924,79.09894299493645,75.14163819643147,75.14163819643147
MA,Clinical Cardiac Electrophysiology,185761.0,1631,305.45977993214234,75.50602591491717,57.19448780954139
ME,Clinical Laboratory,185587.0,312,36.51673403851936,12.913702576188292,12.547808736639249
GA,Psychiatry,185510.0,1346,203.89713939952185,87.17444294126929,64.66201671072528
SC,Interventional Pain Management,185350.0,446,133.47228254644685,33.53704451041906,25.533859562996966
ID,Dermatology,184884.0,998,164.256663475452,66.87703792651018,48.947800458629246
MN,Hematology,184242.0,511,63.715928018621156,23.059535447934998,18.110150671410594
MN,Occupational Therapist in Private Practice,184086.0,1216,91.90521517119207,28.607706235125857,22.00194984951167
OK,Podiatry,183812.4,1335,129.01995670595986,64.60812866804076,47.00167447902937
OH,Infectious Disease,183744.0,1283,216.63610512456407,79.94422119899617,62.82235060736286
FL,Audiologist,183559.0,1560,91.47194613176927,32.092570889980344,23.223011620224362
AK,Nurse Practitioner,183402.0,2086,287.2383953283261,81.1826625663977,58.8682653405898
HI,Independent Diagnostic Testing Facility (IDTF),183090.9,156,85.03074800524858,30.168173459524322,23.894905699935677
CT,Pulmonary Disease,182242.0,2210,280.00831806065673,95.66406552818724,73.70870896937902
WV,Rheumatology,182214.0,176,39.73637338513935,19.391300888028354,14.832762301443257
AL,Radiation Oncology,181904.0,1210,557.4912374650543,144.92308860717304,115.7950245185262
AR,Chiropractic,181528.0,405,58.70277560484327,35.13328268919574,24.627206436452568
ID,Internal Medicine,181260.0,1633,219.46204656297945,79.28053232928241,60.16930012134458
SC,Obstetrics & Gynecology,181178.0,1697,141.5093095738654,48.8600942718035,37.80359381380626
CT,Independent Diagnostic Testing Facility (IDTF),181084.0,169,129.83324412958083,33.60066742525438,25.149442523874168
WV,Cardiology,180903.0,1405,208.1042301123505,63.08567668869136,47.636460368260856
NE,Optometry,180877.0,2095,161.53283242211586,82.82096562847342,53.57052438951184
OR,Podiatry,180522.0,1555,154.0226425033625,67.32130294366887,48.32348771893563
SC,Centralized Flu,180396.0,1312,78.79274745558585,75.07774989471255,75.07774989471255
TN,Portable X-Ray Supplier,179492.0,200,76.39044046500085,45.75472227167765,35.9451305903926
MD,Clinical Cardiac Electrophysiology,179438.0,1075,234.8753950667568,86.25174823621813,65.69923773121032
NJ,Geriatric Medicine,179229.0,945,180.76549090829508,96.9127674652834,75.54778936447923
MS,Pathology,178643.0,987,187.5403457731587,41.84331476740115,32.29194387691456
IN,Otolaryngology,178478.0,1598,196.0870455741202,74.75604281754035,54.97151413625109
CT,Gastroenterology,178159.0,2252,372.50274114702705,81.27302336678635,62.89562778193121
LA,Nephrology,177959.0,1356,217.65821970226878,105.17424946180617,81.31756398942507
OH,Obstetrics & Gynecology,177883.0,2901,145.2024025904719,55.34822135900761,42.96307724741559
NE,Ambulatory Surgical Center,177608.0,595,1152.116410128608,331.94752072054456,265.5480209227568
MN,Podiatry,176728.0,1570,161.00138976281923,60.42238456835558,42.98424250827646
NV,Emergency Medicine,176521.0,1671,868.1338100850602,106.84940573643344,82.53771217016894
KS,Hospitalist,176082.0,1189,290.4810413899873,102.91636856703376,81.16719403463266
NH,Rheumatology,176057.0,325,71.15874330489501,28.241461856119983,21.435677990640315
RI,Ophthalmology,176040.0,709,328.4527595434445,135.4490918541971,103.27737355158412
KS,Nephrology,174839.0,739,171.46124571742425,67.83925165437283,52.52074131057418
PA,Portable X-Ray Supplier,174641.0,366,97.21055645620456,49.16368979774748,38.21262298112691
MI,General Practice,174617.0,784,81.26882680391518,35.74386125065076,27.03947880210476
NE,Occupational Therapist in Private Practice,174128.0,447,71.2492537099332,27.107641332820105,20.995794702735544
NE,Pathology,173653.0,1111,161.25711752748583,40.18918607799743,30.728168704245032
KY,Ambulatory Surgical Center,173575.5,460,1641.1088270519178,319.2330769038069,255.01122975266068
IN,Interventional Pain Management,173251.0,433,166.9169232501542,39.68307086239071,32.178585000817705
OK,Nephrology,173072.0,960,219.69962622489894,98.47565660525663,75.87994718961411
KY,Neurology,172955.0,1295,140.46674452891634,56.23101084091367,42.152851955741006
KY,Interventional Pain Management,170932.0,371,85.97157033206234,23.40097834228153,18.179292233175747
LA,Optometry,170829.0,1977,151.26020505880933,80.19771578594134,54.05691305338587
OH,Centralized Flu,170745.0,1447,80.98579536729665,77.22558569788525,77.22558569788525
SD,Dermatology,170696.0,885,163.96437256880137,72.12993432770898,53.5826316375686
NC,Psychiatry,170654.0,1789,215.14614612027265,91.42323309160572,67.53341890613613
AL,Podiatry,169998.0,1282,117.6798883517416,61.73454852408432,44.66077665624659
SD,Podiatry,169769.0,397,40.72420630377432,18.443530149785396,13.477828402125272
WA,Otolaryngology,169720.0,1786,222.10912921273737,85.31082989640069,62.5704295899503
VA,General Surgery,169006.0,3457,362.7888813414827,129.9425388447637,100.2447348023428
DE,Medical Oncology,168591.0,109,73.29722820344692,20.90243886098581,16.580526303368266
NM,Neurology,168484.0,435,74.19785682917208,25.292606300848842,19.077166140421507
UT,Urology,168404.2,966,99.56373154593446,39.62789063452816,29.648521117633052
NM,Dermatology,168358.0,700,198.1928156668547,74.93156577047169,54.81308734961076
MO,Radiation Oncology,168170.0,1501,433.1722066362143,102.58560088008865,80.90707676753586
AL,Chiropractic,168149.0,511,46.828227524386406,35.103119138396025,24.463095825698524
MI,Centralized Flu,167907.0,1488,82.77548398816688,79.23935339204643,79.23935339204643
TN,Certified Registered Nurse Anesthetist (CRNA),167688.0,4816,1097.9825694743522,119.67971876338243,95.3629535208131
AL,Occupational Therapist in Private Practice,167651.0,727,65.08611478612221,24.46909365283919,19.017320266506744
WY,Orthopedic Surgery,167466.0,937,209.76035846035606,44.5583321390285,33.26544659811055
MD,General Surgery,166259.0,2658,454.5830017626475,155.95898050610944,121.72772180767433
SD,Chiropractic,166244.0,473,50.444137292169096,36.08780719906263,24.692733091107154
MN,Centralized Flu,165988.0,913,78.80625027109761,75.78058594618429,75.78058594618429
WI,Infectious Disease,165909.0,580,115.77449957507156,28.900484783775767,22.630390816689896
AR,Hematology,165534.0,111,69.97560036069338,24.179586127270344,19.30456927280258
MS,Endocrinology,164824.0,543,67.40108491479009,29.811306241711744,22.983566228206822
AR,Allergy/ Immunology,164605.0,223,31.59617204813454,14.028934114992046,10.454963822512555
MI,General Surgery,164039.0,3724,437.0776045331245,207.83316900312929,162.98735447192283
OK,Physical Medicine and Rehabilitation,163431.0,544,134.70491742700972,54.079501930413,42.55400970443272
MI,Pharmacy,163316.0,349,60.38745242315722,54.247247483498974,45.36198088385655
KY,Hospitalist,162965.0,1200,274.723544994333,105.0578829809373,82.38296652655653
VA,Vascular Surgery,162209.0,2070,327.35599713940087,103.99743565402802,80.1083952800721
GA,Hand Surgery,162152.0,846,137.7173566776504,32.219926550416886,23.650370393167922
RI,Psychiatry,161672.0,413,56.98001515380364,25.719197634691884,19.584747760903895
KY,Independent Diagnostic Testing Facility (IDTF),161495.0,241,102.9554508808398,13.889697204197912,10.673965571671102
AK,Internal Medicine,161000.0,876,220.15297472065853,69.78826913028463,52.55444267086656
TN,Vascular Surgery,160804.5,1542,412.93512849412605,136.01624276704374,106.34602856267718
KS,Pulmonary Disease,160365.0,1270,199.85387940017407,72.20021476008554,55.50430998022469
NY,Pediatric Medicine,160295.0,451,89.29734595606658,32.40538532078837,25.58758270686674
IL,Portable X-Ray Supplier,160288.0,339,108.34675658839889,56.65404615457435,44.83528430083152
DC,Ophthalmology,160207.0,708,294.7732514182475,108.18693708735395,80.30283608093819
TN,General Practice,159858.0,683,63.51960633812317,25.541925771561484,18.81874338474024
TN,Undefined Physician type,159823.0,40,32.16626880991293,8.52120833671431,6.720722674437803
MD,Licensed Clinical Social Worker,159769.0,958,167.0402807803305,93.59734885972036,71.39549199156637
AR,Pulmonary Disease,159528.0,1154,190.8610304146443,76.10615985895805,58.63726756437688
MA,Hand Surgery,159467.0,883,211.1800660950896,54.219211937283234,40.72872895332242
NM,Medical Oncology,158885.0,177,67.093302702898,18.479673096908538,14.48832954653278
GU,Diagnostic Radiology,158424.0,313,19.86481189712621,14.855726783851122,10.846414179643569
SC,Hand Surgery,158339.0,766,132.70895603730338,44.551573901625225,33.124988284676704
OR,Optometry,157900.0,2403,172.82329797338247,87.81168803033917,57.33156953768196
NY,Geriatric Medicine,157582.0,1649,288.32027941008784,96.76518707727197,75.24612011520588
UT,Allergy/ Immunology,157418.0,200,37.91403867405957,22.36707231714536,17.389922944117295
CA,Osteopathic Manipulative Medicine,157340.0,621,202.09644457900512,84.0529246217059,65.29850330497138
NV,Pain Management,157259.0,613,302.00278362463456,43.5985336928903,33.269758869111485
AZ,Obstetrics & Gynecology,157222.0,1377,140.6812211395951,59.01595431924116,45.03305491593123
RI,Cardiology,157200.0,1469,201.0709923027166,67.19140388037958,49.977321119607815
WI,Clinical Cardiac Electrophysiology,156815.0,1599,462.18168230066846,62.80099008375416,46.970225297335524
NV,Urology,156711.0,927,167.40962395739402,59.50837248184119,44.805643254076045
AZ,General Surgery,156587.0,2671,756.0534902650659,356.54793699467655,281.06473826162716
ME,Independent Diagnostic Testing Facility (IDTF),155902.0,104,76.72252466296514,16.86644404813895,13.080244320175254
MI,Endocrinology,155823.0,1107,121.19649865551072,72.59095698311842,53.90198860243209
OH,Certified Registered Nurse Anesthetist (CRNA),155769.0,4924,913.8935266964477,115.34926012242856,92.39523955345207
PA,Centralized Flu,155731.0,1395,85.13977204286259,78.0619920246502,78.0619920246502
PA,Interventional Radiology,155059.0,2683,246.65806692930565,48.50555575621467,38.0053382905921
AZ,Hand Surgery,154374.5,680,121.9389221665269,39.44334776792282,29.583641469255205
UT,Pain Management,154206.0,670,180.40514000738455,50.61253304022653,39.03670920712077
PA,Licensed Clinical Social Worker,154196.0,932,167.89911936761786,88.8799606345134,68.0004622039234
KS,Radiation Oncology,154016.0,789,525.4153739875965,154.7740408140832,123.05860358644024
MO,Certified Clinical Nurse Specialist,153731.0,224,58.89255205525355,24.219582322149396,18.43414906565622
MN,Sports Medicine,153532.0,695,87.65000208430708,23.077227483575868,16.975053278795748
MS,Pulmonary Disease,152504.0,1252,231.346334850129,85.71746406645447,66.26556457540296
CA,Certified Registered Nurse Anesthetist (CRNA),152440.0,3994,1327.7143817241956,136.29105175814368,108.89024757291368
NM,Cardiology,152402.0,1242,204.02710404056066,66.6125609899192,49.11435761997
OR,Chiropractic,152388.0,557,64.7584292726577,35.9751709452054,24.66492217233263
WI,Sports Medicine,152001.0,341,76.72518950570533,12.338817244598976,9.074442010225301
ID,Orthopedic Surgery,151944.0,1477,301.08361435785815,73.71148251979285,56.32925768705916
NC,Certified Registered Nurse Anesthetist (CRNA),151751.0,4477,981.2883887424582,105.54719955716016,84.91665860519012
DC,Cardiology,150967.0,988,234.2599475380539,84.08985751853714,63.712072572152735
KS,Otolaryngology,150462.0,989,158.37325371193512,58.382245085144,42.900791296147034
AR,Gastroenterology,150380.0,1130,285.3715917675772,74.30825595163974,58.4007139247181
LA,Interventional Pain Management,150046.0,909,398.81717073392673,65.79948915660334,50.91012196262778
NC,Pharmacy,150010.0,345,80.56905579582813,55.9844785682822,47.95095293653966
ID,Clinical Laboratory,149248.0,330,56.82465038071732,17.648733718326568,15.75957225553947
UT,Pathology,149202.0,1136,157.21040676399465,43.446118282550565,33.65461602391956
NE,Hospitalist,149024.0,1151,277.7075673045465,97.07632918181731,76.16202732446013
NJ,Speech Language Pathologist,148801.0,521,96.9531921156247,49.630124797581544,39.116074623177276
MO,Clinical Cardiac Electrophysiology,148591.0,1305,218.35361408160358,64.42859870385908,48.13831665444618
WI,Pain Management,148391.0,833,277.24020695331956,27.479330485013342,21.002517133795305
MI,Clinical Cardiac Electrophysiology,147779.0,1387,186.73021978770768,71.64503177043004,54.59719351194931
AR,Endocrinology,147630.0,432,75.02952035501738,32.70239165472486,25.375712592272762
CO,Hospitalist,147545.0,1657,361.1152784574205,113.95494086558443,89.62870378526975
MO,Portable X-Ray Supplier,147480.0,147,81.23249247319846,57.69569480616376,43.93765581740107
CO,Endocrinology,147466.0,529,85.32984579499295,38.81830225271412,28.76406242785652
UT,Emergency Medicine,147440.0,1703,531.190256240047,86.13410472050634,64.57207779431573
KS,Emergency Medicine,147249.0,1327,673.3945475345706,107.10849112728226,81.51694673647476
TN,Pediatric Medicine,146993.0,245,31.011582048149297,11.009666990891743,8.771929139445866
TX,Audiologist,146929.0,1484,98.35149351044234,29.305834246466308,20.90397008080208
AZ,Infectious Disease,146879.0,551,191.43660659457595,90.91102090859764,71.43714567784244
VA,Psychiatry,146837.0,1387,186.0884512076979,97.09284179038414,71.26126977530812
AR,Ambulatory Surgical Center,146804.0,763,1585.1792511104231,523.9411508557002,417.15032342384814
WI,Interventional Cardiology,146688.0,1633,656.4075964635006,68.59479166670846,51.68606464060991
OK,Pain Management,146203.0,613,265.46030061012016,64.2046752804516,50.58175167415296
NV,Mass Immunizer Roster Biller,146066.0,1292,77.67058706330918,74.55081894481386,74.55081894481386
MS,Obstetrics & Gynecology,146062.1,1416,97.110053532036,43.88714998621014,36.35598461205412
IA,Allergy/ Immunology,145723.0,218,36.683581177978546,17.28943076939475,13.227335218251135
KY,Otolaryngology,145463.6,1168,139.41941674759954,62.617711097425044,45.87478791944078
WA,Pulmonary Disease,145453.0,2194,272.71081442116053,91.21852543443825,68.53976583497884
MN,Radiation Oncology,145125.0,1355,889.2974520585318,140.05735607236457,111.57611755392206
OH,Vascular Surgery,145112.0,2384,265.85199928346077,73.83876068128825,55.97003466288993
MT,Chiropractic,144919.0,366,55.55313361258508,36.57635948361268,24.92914641971914
IN,Centralized Flu,144688.0,1164,82.7652516449384,78.83843981539249,78.83843981539249
CT,Hospitalist,144531.0,1378,288.6336030334343,109.29471788068352,85.66478810773694
GA,Pharmacy,144391.0,318,56.72174456825021,51.973001710595305,43.220689793478996
AL,Obstetrics & Gynecology,143884.0,1602,74.12323357709278,36.816180047789516,29.303932056355965
IA,Hospitalist,143827.0,1060,281.1625418037202,90.7306014864976,71.20448420666825
CA,Pediatric Medicine,143799.0,922,204.70139284721284,58.66264480271175,45.14185126465387
NV,Ambulatory Surgical Center,143422.0,696,2671.027148414959,526.9929525460478,420.96836691734717
NH,Pathology,142824.0,728,329.0016149944854,42.94036590492649,32.47400030806099
DE,Occupational Therapist in Private Practice,142694.0,348,74.24992249146642,26.622856812499872,20.696503707194985
KS,Occupational Therapist in Private Practice,142682.0,378,55.65716369271,25.069341192295756,19.429391373857968
OK,Gastroenterology,142632.0,1305,290.9701290032062,74.52875525844327,58.45169443043748
HI,Mass Immunizer Roster Biller,142261.0,641,85.09267269302323,81.157641166779,81.157641166779
AZ,Hematology,141968.0,122,63.013229882756654,19.31819755155377,15.263346247028249
IA,Interventional Cardiology,141849.0,1237,242.3228669923464,65.82131308658671,49.42583930800175
WI,Nephrology,141699.0,1280,415.2867480365638,106.9466490235284,82.70630025620943
DC,Nurse Practitioner,141597.0,1596,203.9898081880369,79.90220463717192,60.79640691542175
MO,Sports Medicine,141503.5,503,67.06555046344499,21.295807170893394,15.594674760707711
AL,Clinical Cardiac Electrophysiology,140800.0,1082,162.27388757115966,59.8635362216465,45.14459914770179
AL,Pain Management,140318.0,447,143.03000156774394,39.0649205376518,30.542192662355117
VA,Pain Management,140283.0,640,163.6808710962763,47.131745115223055,36.032591048153556
FL,Speech Language Pathologist,139274.0,496,113.6479127474759,58.05802382352748,45.61125586972419
NC,Licensed Clinical Social Worker,139243.0,960,179.15368133423465,87.8816489878601,66.59325416716486
HI,Nurse Practitioner,139133.0,1726,191.57786017683068,75.57457971865502,55.43504014149671
VA,Certified Registered Nurse Anesthetist (CRNA),139086.0,4112,1114.9695638671228,103.72513581526381,83.41926678459086
MA,Vascular Surgery,138955.0,1799,598.6885419743962,160.34979475418768,124.61288424338295
HI,Family Practice,138925.0,1589,197.9149754183899,89.55635666732849,63.87384560016241
VT,Family Practice,138899.0,1671,129.76496511856408,66.35190570115147,50.63762215706371
WY,Hematology-Oncology,138743.0,104,143.28213747673507,28.962610870432542,22.90904824035434
MO,Centralized Flu,138566.0,1120,81.18801264368736,77.46881219058953,77.46881219058953
AZ,Independent Diagnostic Testing Facility (IDTF),137802.0,292,152.128459964336,34.01353884561118,26.751099548584996
SC,General Surgery,136131.0,2608,435.84831581384145,122.22375336994536,94.21670919917706
AL,Sports Medicine,135986.0,467,103.50219993229462,26.32729332429021,19.941471033742353
WA,Clinical Cardiac Electrophysiology,135898.0,1276,228.42965165050296,74.35586226436276,55.95600362032313
TN,Sports Medicine,135702.0,488,94.26716150093006,27.547666725583074,20.490440376696114
CT,Optometry,135488.0,2045,149.51239563649332,85.35712195913146,58.846260111600316
PR,Diagnostic Radiology,134389.0,1439,60.08104666303718,25.757540646938818,19.231589639042475
NH,Optometry,134339.0,1334,140.58517489337353,79.93613611836315,51.616447941389644
HI,Dermatology,134090.0,813,166.60384599881033,77.19422447609855,55.44831613093867
PA,Interventional Pain Management,134073.0,524,144.04392659243726,39.38461390437972,29.860469296585915
NJ,Portable X-Ray Supplier,133848.0,251,94.23074240963606,45.20472319314033,35.78315178415185
CO,Clinical Cardiac Electrophysiology,133731.0,1147,205.35149980196113,62.70766793036497,47.348564805425205
CA,Micrographic Dermatologic Surgery,133730.0,826,761.495167272811,336.0063541443333,264.40621199424106
MI,Licensed Clinical Social Worker,133030.4,942,153.88809189469706,77.59212300349137,58.974757574208
OH,Interventional Pain Management,132984.0,576,138.34769746742623,34.564733802462975,26.71073475003859
ME,Cardiology,132496.0,1646,165.91186805662642,46.34500581142562,34.8076951002279
IA,Neurology,132161.0,867,167.40358017863676,45.42151981293171,33.81881318993141
CO,Interventional Cardiology,131911.0,1669,273.01113675137174,82.71411413751706,62.27166210554067
AZ,"Psychologist, Clinical",131802.3,687,181.0387512205673,85.61560951531432,66.27102956473469
IL,Vascular Surgery,131774.0,1857,456.2876387605021,102.89509478344355,79.21691137858981
AL,Mass Immunizer Roster Biller,131760.5,2278,77.93269507939988,71.32283855937578,71.32283855937578
TN,General Surgery,131630.0,2993,506.8407382058216,149.1782731899115,114.81986613993237
WV,Optometry,131464.0,1092,80.48743488712819,51.141995983728044,32.96174526866571
TX,Pharmacy,131312.0,877,52.05907708369192,37.4459237540897,37.371622623959844
KY,Sports Medicine,130915.0,280,68.46695535263498,19.15126387353126,14.354255891207487
MS,Mass Immunizer Roster Biller,130621.0,1346,75.1092453740004,71.02857075047096,71.02857075047096
KY,Clinical Cardiac Electrophysiology,129999.0,1139,160.35971361314063,58.28285956045273,43.85744551879343
OR,Hospitalist,129869.0,1503,350.2685304420076,103.47592404651265,80.45704209622333
IA,Otolaryngology,129752.0,986,248.712358961702,80.5859347062141,60.32418536880053
WI,Pulmonary Disease,129701.0,2067,460.53324700662864,75.84401754803142,57.607398940647826
AK,Ambulatory Surgical Center,129528.0,245,1149.9517308987663,170.00330816554006,136.40595099107136
LA,Allergy/ Immunology,129069.0,292,46.33364239284184,22.45301838552276,17.15085287714707
LA,Pulmonary Disease,128341.0,1516,244.873069946549,93.13134773771158,71.6761150372764
AK,Allergy/ Immunology,128244.0,93,41.558638298909635,15.079472256078327,11.813989192596972
LA,Endocrinology,128145.0,593,90.49420117836196,42.75297085324174,32.31037980416583
ND,Chiropractic,127840.0,439,63.567225672754695,33.203799749692585,22.42351540988725
WV,Hematology-Oncology,127639.0,386,90.69649151088574,38.82514153201293,29.94552393859671
MO,Anesthesiology,127194.4,3710,738.3167543543256,85.85234436424862,67.47230507001
LA,Anesthesiology,126585.5,1711,436.29356032087827,58.877147066699855,46.22517270938912
MS,Otolaryngology,126379.0,888,210.65023753953702,74.72003434117069,54.784341227602106
CO,Otolaryngology,126300.0,1449,249.39202533635216,93.40903475855889,68.99615051463499
MS,Nephrology,126137.0,847,316.5314314594484,115.39305849985341,88.91168483478872
PA,Speech Language Pathologist,126137.0,440,94.03951243487909,45.67564608321889,36.00273195017158
IN,General Surgery,125800.0,2817,407.73391351430394,144.8979188397385,112.30936772634189
RI,Podiatry,125428.0,836,122.30460877969112,57.65451262872518,41.10470732212823
WV,Dermatology,125024.0,632,201.16174830409915,77.47717910189246,56.84840726572932
TN,Hand Surgery,124941.0,670,122.46450252523347,36.54763848537829,27.05283461797648
WY,Internal Medicine,124785.0,959,175.94643747255031,63.83980999315394,48.91631221696843
WY,Occupational Therapist in Private Practice,124352.0,290,66.5971608819897,24.713167379705236,18.935534852706997
AR,Interventional Cardiology,123805.0,1251,223.29220920030355,72.2987090182251,54.50209256495575
MA,Sports Medicine,123766.0,360,98.58323941967302,23.276319102227173,17.464040447303116
OK,Pulmonary Disease,123372.0,1126,227.69861013822683,87.4313986968281,66.77884398400896
IA,Emergency Medicine,122787.0,1309,605.4415236958058,110.71645410341073,83.85186290098044
IN,Interventional Radiology,122694.0,1437,180.64023766454494,28.79786705137213,22.283516797881948
UT,Mass Immunizer Roster Biller,122689.0,1432,73.81736072510286,70.4551760956028,70.4551760956028
FL,Micrographic Dermatologic Surgery,122621.0,805,450.01253749331204,210.21484191113422,164.79614136228435
VT,Nurse Practitioner,122554.0,1776,177.0677288377801,67.49566232028582,50.16207467728212
MD,Infectious Disease,121970.0,897,223.25509920505942,97.72870058216851,76.3768085594725
AK,Cardiology,121429.6,578,299.89132913231623,55.906395887060896,42.08525310138038
CT,Otolaryngology,121421.0,960,250.40982012997867,86.06501223012343,63.73919371448764
DE,Nephrology,121374.5,552,135.72152651503845,76.70855303219301,59.86720077118063
DE,Allergy/ Immunology,121267.0,134,42.921665580856406,18.710831141189562,13.991279655662087
ND,Pathology,121123.0,498,128.29991917339242,29.900218868448565,23.383481997574087
KS,Interventional Cardiology,121005.0,949,290.8391644145524,88.795720424827,67.38013759766055
AR,Podiatry,120957.0,870,130.0103253223131,63.45324388011244,45.923137892007134
WY,Rheumatology,120939.0,47,43.57606189888743,17.344430498078374,13.527512464914118
NV,Psychiatry,120685.0,491,170.42607515447912,78.0918525913903,59.6945531755479
MI,Interventional Radiology,120222.2,1882,224.33833393514539,65.78019924787921,51.357477653902286
MD,Interventional Pain Management,120194.0,611,367.9153486031203,77.95772700806056,62.77363678720745
MT,Physical Medicine and Rehabilitation,120043.0,338,59.38004256806734,23.707814616400263,18.306660946553084
KS,Clinical Cardiac Electrophysiology,119866.0,926,216.04157876285095,72.965677256121,55.39462249511508
ID,Cardiology,119767.0,1062,155.925792914536,55.09829118206795,41.145667253854555
HI,Orthopedic Surgery,119751.5,550,129.64599349485152,42.59581850752062,32.12306985723548
TN,Hematology,118630.0,175,44.773834021649535,22.905699907163335,18.092736828887087
CO,Interventional Radiology,118511.0,1873,242.32843347899643,43.486249124544614,33.94161723382589
NE,Independent Diagnostic Testing Facility (IDTF),118380.0,212,71.66117266425502,12.023530748436663,9.172809765126612
MO,Psychiatry,118298.0,1105,187.6272212548187,91.01392026905499,66.70112892868313
NV,Interventional Cardiology,117939.0,703,297.1840631177356,100.44677977622898,77.1444014279633
SD,Optometry,117913.0,1409,145.8306466629933,83.76502260148057,55.23915132344658
MA,Opioid Treatment Program,117756.0,51,231.58357221694035,218.767441744253,215.15794456444672
TN,Obstetrics & Gynecology,117713.0,1783,148.51848478928218,59.22493471407017,45.956641492459006
NV,General Practice,117492.0,266,262.4803310858033,219.2782644768767,173.10429348287332
MT,Clinical Laboratory,117285.0,235,64.75396606580192,19.344620198643707,17.219472907868496
MO,General Surgery,117244.0,2670,478.1867051619364,141.30550910925072,109.43245769511063
CA,Sleep Medicine,117113.0,711,406.01826031233895,131.58844705548952,99.56074364089953
GA,Certified Registered Nurse Anesthetist (CRNA),116693.0,3119,1396.5987342851397,112.88371804650478,90.65287000927766
AL,General Surgery,115849.0,2262,348.3668964774514,134.45418570720656,103.7223276848863
PR,Internal Medicine,115770.0,919,107.84975287205633,58.51344001034408,43.55923313468063
NV,Optometry,115697.0,1373,173.21842874051202,90.44459890926551,61.342735853114796
IN,Licensed Clinical Social Worker,115318.0,641,152.51922041659603,63.29893260371431,47.500420316006654
OK,Radiation Oncology,114739.0,644,502.1085185506284,125.69169950945133,99.56930816892066
MI,"Psychologist, Clinical",114671.0,950,209.14114876483384,104.40057119931578,80.47489600692455
KY,Gastroenterology,114560.0,1825,414.73766201115916,101.52785108240747,80.07800462639548
OK,Clinical Cardiac Electrophysiology,114010.0,755,194.23289518458535,63.459199105396394,48.07373133937213
ME,Dermatology,113815.0,624,187.67426586999164,70.75308614858373,51.120753767116256
ME,Orthopedic Surgery,113499.0,809,146.81263323907677,53.24846738733106,40.5965871946307
FL,Osteopathic Manipulative Medicine,113474.0,496,399.2020532425931,236.42344352275435,187.03632153404072
SD,Urology,113294.0,586,122.27090269562622,30.47218670005022,22.655570021323445
NM,Allergy/ Immunology,113255.0,138,46.45045022293349,18.311042161502577,13.795256015235896
NV,Allergy/ Immunology,112805.0,136,42.0047821461666,16.831283985616437,12.598293426691187
WY,Ophthalmology,112782.0,107,209.83973302475178,90.60104573417634,69.93315670928179
SC,Psychiatry,112737.0,887,150.6905550974192,78.31751962519418,57.45581681261923
ID,Optometry,112735.0,1512,150.40155798999925,83.77274120713763,53.41893573422293
MN,Nephrology,112618.0,1467,351.83626738168783,102.8460497433045,79.26442637945
LA,Mass Immunizer Roster Biller,112617.0,1770,77.23890451708675,71.5116540131202,71.5116540131202
AL,Endocrinology,112544.0,568,79.44350111952491,42.63359077334855,31.90087112597368
NC,Vascular Surgery,112538.0,1913,430.05317483851337,112.98665375223227,86.44718157428355
NY,Neurosurgery,112320.0,2251,1665.8475396168724,182.4935830661629,142.872855591261
NM,Mass Immunizer Roster Biller,112149.0,835,80.45101311653482,75.44473405918905,75.44473405918905
NE,Podiatry,112010.0,871,172.4922475671187,70.68256664614282,51.922038478736354
AZ,Hematopoietic Cell Transplantation and Cellular Therapy,111957.0,163,129.79255624858249,31.752671204202848,25.180596211048243
CO,Pulmonary Disease,111950.0,1553,262.1391462261018,106.50080696738596,81.66295203207702
ID,Urology,111853.0,877,122.92133326779955,49.329774436044005,37.068277113730105
MN,Clinical Cardiac Electrophysiology,111753.0,1084,243.52900521683506,54.72084650971245,40.84925988562734
VA,Hematopoietic Cell Transplantation and Cellular Therapy,111562.0,89,72.50785446752649,18.41795432132271,14.696074559343439
CT,Interventional Pain Management,111490.0,322,123.42809112941285,36.28289442995714,28.74039259123794
ID,Chiropractic,111312.0,342,54.20322355181804,36.83819992456424,25.048645339251596
HI,Cardiology,111223.0,869,250.6360762612319,90.55872058834372,66.96222984447664
IN,Independent Diagnostic Testing Facility (IDTF),111211.0,385,173.8108914586184,26.22979057824344,21.134654215696155
CT,Nephrology,111180.0,1079,286.5083583378063,121.04018267680944,93.86985788805022
VA,Nuclear Medicine,111177.0,242,527.2865243701862,191.0462339342356,151.23813288701086
AZ,Psychiatry,110795.0,851,184.693226679802,92.04254072837648,69.5467395640661
DE,Optometry,110630.0,841,145.57989234388558,85.5941394740409,58.30239338334686
GU,Hematology-Oncology,110433.0,54,18.063743446321297,17.244157996283878,13.57803980692521
DE,Pain Management,110124.0,320,147.43754794604473,35.55140714093656,27.708762213530314
MO,Certified Registered Nurse Anesthetist (CRNA),109916.0,3189,863.0947744644043,109.31556916174233,87.14284353501934
SD,Mass Immunizer Roster Biller,109879.0,610,82.51442286517238,75.6309980070967,75.6309980070967
NV,Radiation Oncology,109812.0,625,772.0852283920866,182.49917923345453,145.42514306291588
CT,Licensed Clinical Social Worker,109592.0,618,157.02557978681838,77.23874425158853,59.80020138330145
FL,Plastic and Reconstructive Surgery,109503.0,1677,772.6954288941213,437.84909783039285,345.73517346718415
ME,Interventional Pain Management,109399.0,101,26.89130494794369,9.86189727511067,7.397670362608574
KS,Sports Medicine,109094.0,202,22.917131647910473,8.374922543869603,6.271433351044571
LA,Chiropractic,109040.0,313,53.88579548788745,33.65045056856707,23.86935555760695
NE,Sports Medicine,108931.0,113,23.34021811971244,6.4399796201479464,4.750593035989256
LA,General Practice,108777.0,550,93.53973275602728,43.91033040072258,33.01096463397217
NV,Anesthesiology,108730.0,1629,761.2723978667307,71.40153058045657,56.12420665866784
MD,Opioid Treatment Program,108581.0,204,197.0924112873226,180.4846080800943,177.08923872474216
AR,Anesthesiology,108435.0,1135,338.375698067983,62.75883865909754,49.25977940704971
PA,Critical Care (Intensivists),108434.0,1566,454.89856604060054,122.56490215247156,95.91467224283035
VT,Ophthalmology,108259.0,412,380.55005449954723,128.93205590311288,96.32784895464209
KS,Pain Management,108158.0,474,204.36487351822066,33.50484393204017,25.773127369170584
MN,Psychiatry,108141.0,1357,321.77460139992485,95.89409927778446,70.9432192230215
KY,Endocrinology,107922.0,472,111.59552908579221,45.014392987635965,33.34653101307007
CT,Psychiatry,107920.0,946,189.519460989614,97.56472581556329,74.13870691253902
NY,Certified Registered Nurse Anesthetist (CRNA),107859.0,3661,1446.834300707556,101.71499698685338,81.35325109635153
NC,Pediatric Medicine,107572.0,541,110.33473190037694,42.238822834911694,33.070859889188
KY,General Surgery,107539.0,2430,330.21307367550287,110.73290220298917,86.07773988975951
WI,Allergy/ Immunology,107511.0,355,105.08294565145258,32.742655821310436,25.03776190339743
MT,Optometry,107447.0,1152,140.83208000230962,89.237255204879,56.446376725226365
SC,Certified Registered Nurse Anesthetist (CRNA),107392.0,3008,1094.8991680008567,109.37898167454688,87.37728853170681
WV,Emergency Medicine,107283.0,1213,655.9158198407841,109.08483021530611,83.22872831645326
WA,Endocrinology,107204.0,825,154.61170655944764,61.103169004962965,44.52133437186116
CT,Pain Management,107092.0,270,101.84895015501772,31.35100026142685,23.94707755945132
VT,Internal Medicine,106667.0,1130,223.49458651693325,82.1991144403166,62.91758500752721
AK,Orthopedic Surgery,106588.6,755,510.6820917061195,80.58201702605008,61.675124450313916
MI,Certified Registered Nurse Anesthetist (CRNA),106400.0,3651,927.2171643797226,97.20531362776961,77.87349201129634
NH,Emergency Medicine,106193.0,932,494.57886386114365,97.88928837119596,74.43909231313204
MN,Interventional Radiology,105750.0,996,168.70762345163564,27.082977588656313,21.03531962181382
CT,Anesthesiology,105739.0,2506,869.2564401975842,83.93148923290543,67.02725560108756
TN,Interventional Pain Management,105586.0,419,141.70399522651343,43.09241499822073,33.38297264789926
MA,Certified Registered Nurse Anesthetist (CRNA),105404.0,3255,797.705953852974,94.84053565317714,75.83446453645358
DE,Ambulatory Surgical Center,105317.0,396,1655.2037926448595,377.69852977323785,302.5958253649198
OH,"Psychologist, Clinical",105193.0,1023,226.44084587384972,98.34522411189535,75.43578612631589
VA,"Psychologist, Clinical",105142.1,645,193.483345015918,91.72442551563582,70.76386728062579
NE,Clinical Cardiac Electrophysiology,105130.0,593,146.40266432040366,43.70885627321549,32.277679349392294
MD,"Psychologist, Clinical",105071.0,644,173.6589412873403,107.09042161979393,83.30595559167334
LA,Obstetrics & Gynecology,104805.0,1183,82.26150842034207,35.49636687186273,28.606330327772522
WV,Urology,104750.0,650,113.4114281621724,32.405289164691446,24.199663389062145
CT,Chiropractic,104731.0,312,60.75921656435618,32.40539381843251,23.43546323439968
MS,Infectious Disease,104608.0,179,77.17726091701572,37.0829756808023,29.132455548373798
IA,Clinical Cardiac Electrophysiology,104372.0,781,208.00541591609402,52.74492402178566,39.554047924696235
MN,Pulmonary Disease,104339.0,1861,360.1597929825394,82.3393315059043,63.64774465927376
AL,Psychiatry,104311.0,723,161.80979743295808,82.41629166620878,61.549523156710386
LA,Portable X-Ray Supplier,104262.0,330,98.09702384415388,50.63961731023734,38.5844427496526
NH,Chiropractic,104112.0,221,56.44026106499932,38.265237244501776,26.682231923270376
MA,Interventional Cardiology,104047.0,1058,342.3264862994759,89.49384835689001,68.2108492314752
RI,Dermatology,103550.0,652,237.8946281028585,90.49312699187175,66.92251636883994
UT,Anesthesiology,103452.0,1548,324.15337741170083,65.33010845608848,50.80180479836786
VI,Ambulance Service Provider,103362.5,6,36.02264380221403,23.986300834078214,19.011125407913184
SD,Cardiology,103208.0,754,141.16167332000816,47.01239845747003,35.08075265485932
VT,Physician Assistant,102935.0,1281,175.1789691551493,54.55713217078287,39.034964783584954
TX,Certified Clinical Nurse Specialist,102710.0,798,225.61111391325338,81.3201302697809,62.214734787020454
NH,Urology,102672.0,875,243.33046536586684,57.63382694400928,43.27782822978712
AR,Portable X-Ray Supplier,102642.0,78,80.3133231034117,49.60856501223723,37.48157976254831
NV,Pathology,102569.0,657,186.28817644662516,41.38207811320778,33.72289229684147
ME,Emergency Medicine,102528.0,1297,499.45846793050987,95.42045041341585,72.22629106195285
IA,Pulmonary Disease,102263.0,1125,219.32897157339562,70.54377683028252,54.056948358680316
TX,Geriatric Medicine,102226.0,974,201.0665327802032,89.36014673385793,68.4579770312232
TX,Pediatric Medicine,102063.0,424,58.45642867633385,29.79921470073344,23.60733556724018
MS,Podiatry,101747.0,516,137.2486033004719,64.5124808593424,46.32379293744424
NE,Interventional Cardiology,101600.0,968,243.35142283466587,72.89049645661703,54.898704625916174
NV,Chiropractic,101496.0,208,65.84202963665588,37.079950736991705,26.57550248289913
DE,Mass Immunizer Roster Biller,101325.0,533,83.78189479398688,77.70018988399555,77.70018988399555
KS,General Surgery,101212.0,1744,282.74539787772244,84.21431846026749,65.24515907206403
OR,Occupational Therapist in Private Practice,101179.3,444,73.99590222508989,27.478052032378713,21.06198115623464
NC,Infectious Disease,101178.0,957,200.6523358833471,75.60969578375065,59.274957599469495
CA,Advanced Heart Failure and Transplant Cardiology,101167.0,958,340.6997237240543,100.61322338325125,76.66557029474764
AK,Ophthalmology,100896.0,299,405.3661477150677,114.76995262485339,87.73916418878194
GA,Neurosurgery,100772.0,1304,528.8985855199436,104.23194597716551,80.90727999846916
MD,Critical Care (Intensivists),100520.0,1123,374.15773766407654,126.14261092320659,98.49286161970129
UT,Pediatric Medicine,100502.0,197,50.71377057175536,19.66362082344302,16.425229746664428
WV,Allergy/ Immunology,100465.0,88,38.93997421993284,18.46346030947752,14.096788433659972
FL,Geriatric Medicine,100441.0,685,193.72236357670076,85.30956910026974,65.01657042444772
AR,Otolaryngology,100240.0,767,136.02597765359278,56.14347086998541,40.772595171551664
MN,Allergy/ Immunology,100171.0,378,92.97187858687981,30.513428137885008,23.56848748648491
GA,Licensed Clinical Social Worker,100045.0,473,161.54059523250788,79.49724503971015,61.07033334999898
DE,Pathology,100033.0,451,142.8859713295081,44.14111923062013,34.52897063973857
AR,Clinical Cardiac Electrophysiology,99848.0,770,232.72777652037334,73.51902792254442,56.81841058403789
AR,Radiation Oncology,99836.0,628,682.4395182095225,162.00346077582276,128.82437207011554
MS,Anesthesiology,99811.0,1903,539.0518931781734,77.49946749354692,60.64695093727313
PA,Audiologist,99756.0,1036,86.029516019125,28.56631220174992,20.41794528649689
DC,Dermatology,99626.0,569,132.34451960364217,67.90054554029958,49.51457731918901
WA,Independent Diagnostic Testing Facility (IDTF),99624.0,272,143.13284389291564,39.47946257955837,30.72791335411474
AZ,Vascular Surgery,99498.0,1161,519.5423619569245,170.53112916863026,132.05704747823955
DE,Chiropractic,99345.0,194,73.18707473960036,38.37306215716005,27.601652926670994
KY,Radiation Oncology,99308.0,990,397.87929552489646,110.64522525874459,87.74049049424734
KS,Endocrinology,99189.0,376,115.821936807835,43.76465323780896,32.14335843699727
MO,Hand Surgery,99104.0,425,92.12208165155108,23.743801057467667,17.41941748061723
RI,Family Practice,98997.0,1246,184.5339169874813,70.9658252269431,53.236097861570435
CT,Hand Surgery,98754.0,461,100.47097616300015,30.38514814590542,22.581117220538992
SC,Vascular Surgery,98618.5,1414,520.270171012372,145.8691813405641,112.80920719748322
RI,Ambulatory Surgical Center,98466.0,163,581.5678958214834,155.14691568678813,124.8822866778104
NE,Pulmonary Disease,98447.0,1152,195.41817150337133,78.37610429972119,60.396963035941354
GA,Critical Care (Intensivists),98012.0,1236,360.31975329564114,111.20911959753721,86.40220493391716
KS,Gastroenterology,97896.0,961,354.23198823267336,76.83094712753355,61.08274229799005
NM,Optometry,97845.0,1120,150.76742204495784,81.65293096228046,52.81280157392663
MT,Cardiology,97603.0,937,170.7038495743344,59.63124207258535,43.87787844641391
WV,Podiatry,97570.0,690,278.4783828038578,124.15484267766365,94.72595336623246
NV,Hand Surgery,97544.0,358,130.8428008896358,22.656346776850118,16.87749323383379
AZ,Nuclear Medicine,97540.0,140,372.19282827628103,135.92700522875182,107.99351589207167
NC,Portable X-Ray Supplier,97476.0,121,81.85453044840685,53.181742582409626,40.353921273293885
CA,Hospice and Palliative Care,97474.0,1072,310.0857420441026,111.93567936059374,87.8182028026905
CT,Centralized Flu,97339.0,1028,84.01020259091186,79.17742610873152,79.17742610873152
CA,Gynecological Oncology,97311.0,663,195.3563915692978,53.56982283602162,40.775024509115575
OR,Nuclear Medicine,97310.0,263,79.0904784710104,26.935522864906854,21.25986260410497
NC,"Psychologist, Clinical",97279.0,726,191.1152819211417,95.22822942269075,72.91085085176087
MO,Micrographic Dermatologic Surgery,96872.0,225,143.63995323727488,69.31314425240522,53.71677440334097
LA,Pain Management,96744.0,693,330.18174811887496,59.85075177784799,46.388154097374056
SD,Nephrology,96547.0,291,100.3930198763331,45.09343273226608,34.851507659562444
VT,Mass Immunizer Roster Biller,96296.0,488,82.70845559512603,76.79755721935484,76.79755721935484
OH,Pediatric Medicine,96155.0,287,175.74897228613838,100.12897540388762,79.33360251684296
LA,Advanced Heart Failure and Transplant Cardiology,96008.0,296,105.87501510288459,35.19341731936374,27.167611865706647
MD,Hand Surgery,95974.0,565,168.1246542813171,57.19885218915898,42.638905953652234
NE,Otolaryngology,95947.0,659,131.42049131297327,42.860418147597,31.077196577347934
NJ,All Other Suppliers,95870.0,5,22.654221550462292,21.939955877848483,17.316438406461643
MA,Medical Oncology,95556.0,1205,432.5750802672766,107.0069842814647,81.63505368571857
SC,Hematology,95383.0,129,47.8497562458957,18.87677940526711,14.423364121548373
DE,Neurology,95201.0,460,181.33307853913226,54.69735506979557,41.352346719071306
LA,Certified Registered Nurse Anesthetist (CRNA),95030.0,2438,837.3494859529009,107.64093886150043,86.03462622330285
NV,Interventional Pain Management,94778.0,258,370.9162947096197,48.96811781219874,40.81999525222146
TX,Micrographic Dermatologic Surgery,94713.0,592,884.748632076381,507.3685645086992,402.72821598034926
WY,Medical Oncology,94676.0,65,185.50196776350478,35.17677764181113,28.11599961966597
CO,Nephrology,94445.0,1048,302.6490593468296,119.79817089314949,92.38356620252576
IL,Critical Care (Intensivists),94376.0,1079,458.690765978709,131.82032995692995,103.19464122233362
NJ,Critical Care (Intensivists),94364.0,915,504.12898562892315,135.26623203765052,106.28042336059482
ME,Pathology,94284.0,611,114.34589718290158,34.800878728111584,26.697027067170314
NC,Micrographic Dermatologic Surgery,93995.0,667,529.8321042611593,239.0213658173969,186.9419070164334
WV,Neurology,93946.0,680,168.76264226261551,66.62151469994792,50.313869989187644
NM,Nephrology,93862.0,465,198.14286708127935,78.5358760734702,60.862414075872806
NM,Gynecological Oncology,93801.0,88,80.85077760365124,21.197662604838108,16.71825577551097
NV,Hospitalist,93597.0,735,411.8708351761952,111.33932615333399,87.00080280361503
FL,Gynecological Oncology,93476.0,537,161.85040951692534,49.63538619543539,38.13104775555345
ME,Mass Immunizer Roster Biller,92939.0,876,84.24824368657106,76.46019690322316,76.46019690322316
UT,Interventional Cardiology,92856.0,631,165.0295335790577,54.60655897313958,41.771478095018985
OK,Sports Medicine,92541.0,278,66.93957845715107,24.282422926000287,18.36276698972569
PA,Micrographic Dermatologic Surgery,92448.0,544,296.0843251340336,151.9998080002439,118.86417824075366
MS,Chiropractic,92294.0,217,49.816336381556425,33.5295361561473,23.61825134891835
HI,Optometry,92242.0,1091,156.6905747922914,82.1588439104522,53.961216907700525
CO,Pain Management,92164.0,444,251.91845416869933,51.92174319679435,41.59505132154666
OH,All Other Suppliers,92064.6,2,274.37818510350627,56.694897169963774,45.16093612555678
NM,Emergency Medicine,91929.0,1210,794.8900004356717,121.19607447049495,91.37681656492605
DE,Gastroenterology,91627.0,569,239.78363189915478,65.61423947085744,51.95955711745304
ND,Radiation Oncology,91419.0,319,357.6327422087329,92.17179426632359,73.9989315132728
AZ,Sports Medicine,91413.0,318,100.98674575831197,32.151493332517695,24.13422839198194
WV,Pathology,91348.0,787,158.5048741078649,35.65929259536408,27.36159302886589
FL,Hematopoietic Cell Transplantation and Cellular Therapy,91183.0,83,83.3125176856325,20.512007720874408,16.24411030579001
MN,Anesthesiology,91122.0,2889,840.7042670265866,87.97050525673183,69.43993788548686
WI,Psychiatry,91082.0,1013,279.86364945877034,94.4512163762807,68.42062284533024
OR,Pulmonary Disease,90973.0,1175,264.781253998499,79.68577522978276,60.69936541611049
CT,Vascular Surgery,90914.5,1025,637.467007023257,147.0434541241248,115.29989022663993
OH,Licensed Clinical Social Worker,90893.0,757,192.03328529165483,87.96186791048197,66.31518598793616
AZ,Certified Registered Nurse Anesthetist (CRNA),90843.0,2253,1748.6928396247156,114.72256299328382,92.02539171980233
TN,Psychiatry,90698.0,745,179.4563772080134,87.38495766165165,64.58923250784369
OR,Gastroenterology,90510.0,1502,516.5920531431836,86.58567616838194,68.52250425364595
KS,Certified Registered Nurse Anesthetist (CRNA),90482.0,2605,754.3920967703285,118.08443270467696,93.51020733407687
ND,Optometry,90333.0,1217,166.00513400410534,82.88230569123705,53.43993125437398
NH,Anesthesiology,90322.0,1195,496.00031808395784,49.80788301850275,39.035008746518336
IN,Hand Surgery,90263.0,660,174.88269412720413,46.415638744523946,34.17508569405967
RI,Optometry,89882.0,984,120.11093633867678,67.51826717249472,45.328746022563884
OR,Endocrinology,89857.0,505,108.99484080259101,41.80313453603539,31.48370165929375
UT,Occupational Therapist in Private Practice,89849.0,355,57.28769724759561,25.10231788891131,19.50871929576975
LA,General Surgery,89813.0,1861,362.900343157312,112.25000846219965,86.08254673600867
AR,Nephrology,89722.0,617,223.5852251397802,119.24494304638823,92.26264093532151
FL,Hospice and Palliative Care,89671.0,514,152.8974143259237,56.610831037844186,44.375224096943164
AR,Pharmacy,89601.0,415,50.976056182469215,30.021972076190522,29.191830336732195
OK,General Surgery,89576.0,1681,357.300431142197,123.74280376453994,95.1111869251236
MS,Physical Medicine and Rehabilitation,89448.0,346,152.3521070341508,40.12210345661346,31.13709607813845
OH,Critical Care (Intensivists),89388.0,1226,462.1677362734518,113.49431433766141,88.52767608618497
KY,Certified Registered Nurse Anesthetist (CRNA),89167.0,2624,942.2946933274235,115.32879080836642,92.55071517485378
PA,Advanced Heart Failure and Transplant Cardiology,89101.0,829,214.4026522711088,79.27672753392922,60.713921504858426
VA,Licensed Clinical Social Worker,89088.0,606,170.38369017157973,95.89429462966096,72.51171672951571
WI,Anesthesiology,89078.0,3144,1348.6232996924768,92.42928433501815,72.53430476661832
ND,Orthopedic Surgery,88991.1,562,251.51293511374274,68.77488085894959,52.82647613072227
WV,Mass Immunizer Roster Biller,88712.0,1185,81.77032566053398,71.49598351966874,71.49598351966874
IN,Obstetrics & Gynecology,88662.0,1292,150.38663700348985,54.11396821642688,42.063569736755476
MD,Certified Registered Nurse Anesthetist (CRNA),88584.0,2250,1278.843942022136,124.7860404815323,100.66898638581031
OK,Occupational Therapist in Private Practice,88428.0,222,59.59837664541691,24.128047564144794,18.620774641475535
MT,Pathology,88410.0,416,109.93354450863878,31.10172220337265,24.353498699257376
OK,Otolaryngology,88311.0,803,281.0306696788335,103.29047932850186,77.34244850591907
IL,Geriatric Medicine,88056.0,810,193.36611906058752,95.04780912166514,73.59625011356921
OR,Allergy/ Immunology,88048.0,152,69.49079524808958,21.19624375330054,15.984596356459745
IN,"Psychologist, Clinical",87944.0,585,161.09690496230198,77.60836373141322,59.048962749080786
WV,Clinical Laboratory,87628.0,262,114.046473729561,32.33604555631671,32.01050976865376
MA,Audiologist,87623.0,651,114.51101993761164,30.19877726165516,21.14869623270477
OR,Radiation Oncology,87126.0,1003,496.21970468048823,123.06524665436734,97.47104389034162
NV,Occupational Therapist in Private Practice,87046.0,392,79.9474927051615,26.095454587246618,20.169358844742373
MS,Hospitalist,86863.0,490,266.8284321289808,98.34262735563591,76.7357932606419
WA,Interventional Radiology,86569.0,994,200.4611177213525,50.10202647589277,39.17919832733111
OR,Gynecological Oncology,86477.0,233,59.95256646278589,11.719581391593717,9.13115313900509
UT,Chiropractic,86434.0,271,70.66439017057174,36.96254402201697,25.917800055520573
CO,General Surgery,86336.0,1883,562.4641670899827,212.88560681387804,166.6302030440619
MS,Radiation Oncology,86268.0,476,417.18239880393423,93.0773299485989,73.70176693551879
NH,Neurology,86239.0,696,219.16202901243977,59.36186423770077,43.95203388260849
ND,Cardiology,86210.0,634,181.50084572565663,45.540646560754396,34.12507539726499
OK,General Practice,85978.0,456,182.57602526218713,127.79234862351169,99.54516643769301
RI,Mass Immunizer Roster Biller,85956.0,491,79.83381544048605,77.2857890083089,77.2857890083089
OR,Otolaryngology,85926.0,1019,259.6301164956528,73.54547366324618,53.99392104834474
NY,Plastic and Reconstructive Surgery,85720.0,1475,1332.3124006077132,224.94912190847234,175.81717032210042
OR,Infectious Disease,85616.0,343,60.397639927147274,18.815399341222275,14.76971570734858
OH,Hand Surgery,85555.5,958,193.91454985366806,65.3586067523648,48.50955625294676
RI,Emergency Medicine,85373.0,1093,830.6713683471651,137.13938434866756,105.59444273971077
RI,Hematology-Oncology,84895.0,280,97.69408716671822,31.93511702692438,24.204095294177996
AR,Pain Management,84768.0,657,320.657356195723,75.83885817778635,60.97779020379196
WY,Optometry,84492.0,859,136.27010060126582,85.54353998009366,54.3053979074884
LA,Hospitalist,84462.0,828,320.9610106321308,106.86402749173236,83.95399564301066
MO,Interventional Radiology,84362.0,1085,435.84362414336846,92.84325727245859,73.25971811973072
DE,Emergency Medicine,84264.0,709,771.7145239961354,124.41909842890469,95.31165420574752
IN,Infectious Disease,84263.0,631,211.75449283790155,93.17040005687893,73.04469411250079
NJ,Audiologist,84156.0,547,102.21018893479071,31.068065853881187,22.69821403110323
WA,Pain Management,83993.0,599,218.14834045681417,60.59734442166483,45.73072482230856
ID,Podiatry,83812.0,733,197.12732830693773,115.0705064899616,86.88815897523205
AZ,Critical Care (Intensivists),83613.0,855,371.87419217098534,125.0637812302129,98.24971224579377
OK,Psychiatry,83463.0,564,174.63209302287035,83.45769071324231,61.1320102320722
WA,Psychiatry,83455.0,810,289.1431913006731,97.8224354440413,74.36776586192082
ID,Radiation Oncology,83075.0,421,291.94592344259706,86.86172855830333,68.51083924165874
VA,Hematology,83023.0,175,100.77385242646872,30.034487069880576,23.304987533553607
WI,General Surgery,83014.0,2254,895.69663743488,139.1157515600111,108.52929288993496
TN,Micrographic Dermatologic Surgery,82850.0,536,354.96128774937733,158.68911949309458,122.05614037414479
GA,Neuropsychiatry,82776.0,40,23.650550884296404,8.788655528151722,6.877834275653349
NH,Independent Diagnostic Testing Facility (IDTF),82646.0,134,142.30405911971403,25.30079931275268,19.962800256382913
MD,Audiologist,82264.0,775,86.4320733249461,31.173226563252488,22.023354201122107
NH,Gastroenterology,81801.0,890,757.2770483247774,81.86519871393163,64.70000378962445
CA,Surgical Oncology,81453.0,864,354.80801775256174,81.31258333026238,63.408130332661365
MA,Infectious Disease,81362.0,1254,367.1647449670059,109.7687347902684,85.62810476647982
NM,Pain Management,81281.0,291,94.58283805563923,27.103663955919217,20.69785411105403
MS,Pain Management,81024.0,530,331.4998307912896,59.152110238832975,45.41661014021031
LA,Interventional Radiology,80934.0,1092,274.1489528504502,54.122002990222185,42.63193070905272
IN,Psychiatry,80669.0,714,175.89583743462808,87.71323246837095,64.38636427870395
AR,Obstetrics & Gynecology,80663.0,768,118.58494997685337,40.73627164875289,31.414778894939378
TN,"Psychologist, Clinical",80578.0,514,195.60266425072714,90.31864106829939,69.43131686069499
UT,Optometry,80552.0,1208,149.93338501843414,85.38761197733987,55.07749987585202
KY,Centralized Flu,80251.0,810,80.57526523023233,76.75541962093061,76.75541962093061
HI,Neurology,80229.0,294,99.47504792522709,46.73153099239794,34.60725273899599
MI,Obstetrics & Gynecology,80118.0,2094,157.6638468258566,71.08720874211164,55.35914912996354
TN,Neurosurgery,79978.0,1196,501.3634542001686,126.76326964923285,98.3582370151268
CT,Hematology,79951.0,231,82.38557491463106,24.75505447086235,19.537960250686247
CT,Clinical Cardiac Electrophysiology,79936.0,672,228.91385721084737,65.29664744295991,50.03310360797365
MO,Obstetrics & Gynecology,79923.0,1198,141.36539706969725,50.06373134143739,38.68581897577442
WA,Sports Medicine,79611.0,409,84.56660386122726,31.277230784716373,23.28760234137655
ME,Occupational Therapist in Private Practice,79530.0,249,59.08796164970981,26.44767924060996,20.5180188607826
PA,Neurosurgery,79340.0,2031,951.0768226621899,210.04220557107377,164.0212609024345
MN,Hospitalist,79073.0,1025,374.5618446247227,101.62674161837688,79.91284521898106
MI,Sports Medicine,79072.0,568,97.1999033792598,40.554724807842106,30.01652316871541
NV,Gastroenterology,78884.0,944,470.67125804951417,115.46828849947414,88.3905454844479
TX,Speech Language Pathologist,78506.0,343,116.33777749472885,63.30556174045165,49.822817364282976
WI,Interventional Radiology,78497.0,1290,387.13223205979716,40.08222874759932,30.899057034049687
NM,Interventional Pain Management,78146.0,112,47.43478680921285,18.09282317724028,14.079295933281257
ME,Medical Oncology,78060.0,107,54.43189789851349,24.589539456766744,19.342869715696445
MA,Interventional Radiology,78049.0,903,438.1106809833625,41.26823085497246,32.23510371689939
NM,Chiropractic,78002.0,171,63.996936617017724,37.56438975919692,25.832820440455528
MT,Podiatry,77870.0,541,116.43726929496216,55.537754462573055,39.254085013497104
IA,Radiation Oncology,77743.0,675,356.0856403794161,85.0677232676576,66.78292720898165
IN,Pharmacy,77282.0,758,219.8002155751589,203.93307290103522,176.1122078886203
DE,Pulmonary Disease,76838.5,387,186.92989048446938,75.40444946238524,57.280469035799776
OH,Geriatric Medicine,76643.0,560,172.34778505512858,64.58071200226554,49.460858525858505
DC,Orthopedic Surgery,76534.0,583,306.2856531738883,94.74965374886558,72.37791582832678
MA,Plastic and Reconstructive Surgery,76357.0,568,186.78393965202397,57.2434143563317,42.87053446315358
PA,Geriatric Medicine,75997.0,821,195.25417898073516,96.94421937711857,72.96306051556137
DC,Pathology,75772.0,492,156.3464646572943,44.559306603983025,34.94429182284234
KS,Anesthesiology,75735.5,1758,571.3164185882807,80.91285830300815,62.97795023471607
TX,Licensed Professional Counselor,75725.0,340,122.50641782762679,60.21659385938116,47.31922509087337
AR,General Surgery,75697.0,1610,342.43623010166453,115.90142568413083,89.186785077318
MI,Hand Surgery,75691.0,660,135.49354256122876,50.72090433470366,37.77379450660419
LA,Clinical Cardiac Electrophysiology,75686.0,641,216.20073421746156,68.55288111407904,51.7680247337988
RI,Physical Medicine and Rehabilitation,75516.0,154,68.53364584980442,23.771058318847714,18.508699613306398
MD,Interventional Radiology,75191.0,732,680.205898448424,185.05103868797084,146.04454575703494
NE,Anesthesiology,75117.0,1267,361.69534033566754,59.29537162031553,46.53063780503991
CO,"Psychologist, Clinical",74768.0,593,189.7605549165713,100.11111558427692,77.58155079675994
IL,Audiologist,74697.0,796,106.71198963815746,29.998690978206934,21.21928899421126
OH,Audiologist,74679.0,915,95.07408374507521,26.771033088290853,18.63559059440805
MS,Clinical Cardiac Electrophysiology,74644.0,404,255.18340375644138,57.60778173726334,43.31149724024158
PA,Nuclear Medicine,74365.0,504,384.263185235128,149.84053963415255,118.59064600415448
AR,Certified Clinical Nurse Specialist,74362.0,240,43.204153330918004,22.314096447060447,16.72473440733623
HI,Physician Assistant,74327.5,855,184.19737149782017,64.90516861181769,47.02049564426546
AL,Certified Registered Nurse Anesthetist (CRNA),74180.0,2444,956.330774062936,94.26165758970555,74.59610150983737
NH,Clinical Laboratory,74034.0,118,117.13770240665393,28.433494070270314,24.168221357598515
MT,Mass Immunizer Roster Biller,73896.0,554,86.7894343402621,72.53296470715092,72.53296470715092
HI,Pathology,73651.0,507,136.66940883293844,50.17826764059456,39.49929233816697
UT,Gastroenterology,73599.0,882,419.43523295181694,75.49260533431855,59.8033871383641
IA,Endocrinology,73553.0,338,97.67046537876118,39.10312427768606,29.644141231474627
RI,Gastroenterology,73440.0,536,241.61386247276337,49.93742824068695,39.033154820263775
PR,Ophthalmology,73285.0,900,162.53591498943436,92.02627768309584,67.87155516118209
SD,Pathology,73190.0,450,144.19964926932454,36.007992075434665,27.232878125418356
NE,Allergy/ Immunology,73166.0,163,47.069743050071985,25.679654347611095,19.851758193721164
NE,Emergency Medicine,73066.0,770,547.793386800953,109.0061945364246,82.77101812054774
LA,Psychiatry,72931.0,741,165.1988892241319,84.93943919590961,64.04040421772814
OR,Centralized Flu,72746.0,498,82.47425466689761,78.64058573675774,78.64058573675774
VA,Pharmacy,72610.0,459,99.04296556966456,71.16683073967145,70.64595276145393
MN,"Psychologist, Clinical",72597.0,809,256.90333085399425,94.54868617172117,71.9678944032229
OK,Portable X-Ray Supplier,72586.0,219,114.37799823662813,96.93668820437196,74.25269156599187
ND,Hospitalist,72348.0,501,304.6551556366061,99.26437081895943,77.94953972465316
OK,Licensed Clinical Social Worker,72310.0,266,126.67269741390176,73.51394191670845,55.726802378599835
AR,Interventional Pain Management,72283.0,299,146.77846976473452,39.90918348719433,31.18677863403432
WA,Hand Surgery,72276.0,639,184.5273725718481,59.5506354806319,44.43678136588877
MA,Geriatric Medicine,72260.0,785,286.9266180459275,103.64593080564562,80.43906006084026
MS,Interventional Radiology,72234.0,674,179.7484417310229,31.128753910879006,24.298221889986525
AL,Hospitalist,72155.0,599,282.1373493174306,96.01778130420973,75.58132547990938
AR,Certified Registered Nurse Anesthetist (CRNA),72061.0,1878,797.3778540389792,134.49269174729417,106.21863143728815
OH,Hematology,71934.0,349,150.99195804495824,38.984124753346826,29.871760919838724
CT,Obstetrics & Gynecology,71711.0,1343,144.70764889623578,54.83651796797761,43.838534116142135
MO,Interventional Pain Management,71370.1,515,406.81298134685215,72.27271126155519,54.73372462704524
NY,Hospice and Palliative Care,71365.0,833,415.22480291457197,111.66012443056725,88.40513094658439
VA,Audiologist,70895.0,620,83.48437816489798,31.45013442417839,22.10972353481628
GA,"Psychologist, Clinical",70847.0,460,191.15708893798785,102.55672674948056,78.98989315021464
IA,Pain Management,70599.0,182,123.21077168262536,24.33858666556973,18.454476125763243
NY,Advanced Heart Failure and Transplant Cardiology,70394.0,733,390.68220345489283,98.27837571386357,76.22833792654943
AZ,Micrographic Dermatologic Surgery,69798.0,239,324.0564163734191,152.87695965524176,120.35256296751457
WA,Hematology,69681.0,185,98.4149607500476,28.220741235076893,21.9492105452416
NY,Osteopathic Manipulative Medicine,69585.0,357,150.9018443631396,66.88406294447485,51.85012531417088
OH,Nuclear Medicine,69546.0,235,101.86816509929602,20.637345210457898,15.793079544462206
HI,Emergency Medicine,69539.0,998,722.1809485324146,110.40001322998312,82.36628179871003
MS,Certified Registered Nurse Anesthetist (CRNA),69498.0,1829,756.8341537874337,113.68658393059378,89.94730395117658
SC,Speech Language Pathologist,69311.0,231,94.0278244434707,48.66542222739443,38.31492706783823
PA,General Practice,69172.0,614,187.8516168391956,102.94405496449713,78.61876901070198
AL,General Practice,69148.0,462,247.90496196566966,175.2707297389864,137.09643084426207
KY,Psychiatry,69029.0,597,207.22284460151494,88.4568742122649,65.85944197371248
OH,Neurosurgery,68971.0,1621,843.3386240596714,205.97658595654156,161.55995795342727
RI,Pathology,68967.0,512,190.62405643290748,38.00892948799991,29.46567053805157
XX,Hematology-Oncology,68827.0,47,63.90925073014957,25.566258590435947,20.36448472249416
ME,Neurology,68671.0,393,113.86162557686045,34.21956575550098,25.42640445021364
CT,Radiation Oncology,68430.0,870,453.890327049254,91.74968771015237,72.22829475374074
AL,Centralized Flu,68253.0,1132,75.77215082125353,71.88877514544883,71.88877514544883
MT,Neurology,68235.0,322,81.50634674300548,34.25845782958388,25.567399428430058
AR,Independent Diagnostic Testing Facility (IDTF),68232.0,133,197.83818032573487,69.80033620568939,55.14849059060953
GA,General Practice,68135.0,444,181.7083764587103,65.57156674274837,49.531409848162376
MN,Certified Registered Nurse Anesthetist (CRNA),68110.0,2237,925.5483939214769,102.4846941711976,81.39370136539254
VA,Osteopathic Manipulative Medicine,68092.0,147,195.26387182051417,30.676260059863736,23.580342330956793
WY,Dermatology,68002.0,282,196.15972544915363,71.03545954528826,50.977701391122324
VA,General Practice,67833.0,328,157.94550720121106,74.94959798291431,56.67725310688559
MD,Geriatric Medicine,67812.0,456,152.859726449754,84.58495222087515,63.668464578540096
DC,Allergy/ Immunology,67624.0,79,35.278151691731665,18.513820241457967,14.149525908033775
WI,Otolaryngology,67538.0,1136,541.3783775070704,105.71519440915696,77.79868400019551
MN,Otolaryngology,67533.0,1094,346.48082833563325,88.74335761767999,65.75672752576847
VT,Optometry,67508.0,664,134.72085263958542,84.00558230140929,52.412567399440995
IN,Critical Care (Intensivists),67301.0,757,290.0707708650444,104.84735650258862,81.32612071126857
HI,Hematology-Oncology,67289.0,196,113.30326502039752,44.43778789964907,34.16543105099742
NC,Audiologist,67254.0,706,84.67582716267698,28.14401537455121,19.626422666318884
WA,Interventional Pain Management,67213.0,371,245.35315355674393,76.94410843137108,61.11341332770937
NH,Sports Medicine,66915.0,108,53.90545737130546,14.1481168646655,10.639334080582698
AK,Optometry,66740.0,892,251.92131480350906,95.32861732114787,62.507298471703876
DC,Urology,66570.0,554,233.78572915717274,79.18149241396051,60.39880907301604
NH,Podiatry,66461.0,459,120.8317374097499,58.4172446998283,41.901914656724315
AZ,General Practice,66376.0,449,124.00942629869297,59.77760304923636,45.76137338794495
KS,Pediatric Medicine,66025.0,119,415.21351609532326,256.8557404020709,204.19522438633751
ID,Emergency Medicine,65967.0,780,610.0318383433361,110.42690966696992,82.341844558649
MS,General Surgery,65895.0,1385,416.63924303805493,122.5461456864384,94.58701767973207
WA,General Surgery,65886.0,2001,468.20940624715865,151.32563412554268,116.43612436630144
NV,Gynecological Oncology,65820.0,65,88.78528137376584,28.332173047916072,22.387448951645457
MA,Interventional Pain Management,65769.0,178,191.71173820388955,38.4307999209939,29.361062202559122
MT,Independent Diagnostic Testing Facility (IDTF),65744.0,126,71.38478614010084,16.751495497702056,12.647493307330116
CT,Allergy/ Immunology,65712.0,226,47.37958105067966,18.52021274652687,13.682327124419615
NH,Psychiatry,65512.0,501,175.22188789853217,93.38683432021696,69.52473104168989
VA,Critical Care (Intensivists),65401.0,903,374.5313120593367,119.87193575009998,93.42390483327128
PR,Hematology-Oncology,65214.0,120,28.836958781711772,26.647052933407892,20.473968779782773
AK,Physical Medicine and Rehabilitation,65196.0,177,171.714540769226,27.658075955469368,20.978495306467465
OK,Certified Registered Nurse Anesthetist (CRNA),65194.0,1860,951.3082785230989,120.96473678540322,96.20561585417333
NV,Otolaryngology,65120.0,455,390.39067567578627,136.57574155379103,103.55171944114345
CT,Interventional Radiology,65079.0,693,278.5515097037536,52.80863381436463,41.426929885091674
CA,Oral Surgery (Dentist only),65068.0,524,371.73203310376243,149.3545320279823,117.16587739003117
NY,Pharmacy,64827.0,647,195.08641368546193,79.39116417549974,79.39116417549974
AZ,Audiologist,64600.0,576,89.98264226002506,33.70713962847283,24.295680959782768
MT,Interventional Radiology,64573.0,433,121.3839487092117,15.999079646330694,12.541815619579696
CO,Psychiatry,64542.0,573,322.40881689445746,94.5181681696991,71.06726131833582
ID,Mass Immunizer Roster Biller,64435.0,655,79.85757848992048,71.73327710099537,71.73327710099537
OR,General Surgery,64415.0,1726,506.52529535026764,135.79995078802276,105.16521741824207
KY,Obstetrics & Gynecology,64267.0,923,157.35184667103275,56.363484681110926,44.70673300454766
WA,Certified Registered Nurse Anesthetist (CRNA),64166.0,1520,856.1711085303701,123.51952887813094,97.85952794316978
NH,Medical Oncology,64082.0,187,115.30018850850821,51.79079195408763,39.824472082755186
ME,Sports Medicine,63949.5,193,33.322172964560096,13.367369252340186,9.999099758390901
VI,Clinical Laboratory,63941.0,222,10.440073036065332,10.189267293286905,10.182086611095682
KS,Vascular Surgery,63798.0,397,335.5732107589844,103.93660099037216,81.78104047154909
IA,Gastroenterology,63754.0,1044,676.7038428962103,98.1186653387199,78.75900696438342
NM,Pathology,63582.0,576,151.35663898634115,39.891607373098495,30.485504545354257
OH,Interventional Radiology,63524.0,1216,314.3599626910331,53.13078615948815,41.32866696057063
SC,Interventional Radiology,63519.0,1080,244.38042648666408,50.937564193368104,39.97538736441265
KY,Vascular Surgery,63511.0,1079,415.31893813715135,122.64439514427917,95.03735289948388
IL,Speech Language Pathologist,63331.0,312,112.31232003305568,59.42126557298538,46.72433326495335
IA,Anesthesiology,63150.0,1674,754.727817735894,91.09572383203768,71.14506365805629
IL,Neurosurgery,63144.5,1392,1115.5752166856516,195.0735628596588,152.7726775887126
LA,Sports Medicine,63049.0,237,81.56581056017369,27.226667195414837,20.629557011247446
CT,Interventional Cardiology,62894.0,667,325.9629036154224,71.79513435306941,54.145813114117416
WA,Vascular Surgery,62682.0,1264,459.310137520253,138.38083580605095,105.70885373790193
DE,Otolaryngology,62594.0,359,185.43445218387043,73.73205307205693,54.68113924648397
MO,Hematology,62455.0,106,90.7902906092573,20.78236730434935,17.190951885314988
DC,Podiatry,62363.0,368,612.1714434825271,421.40251591987476,331.61366900413583
FL,Advanced Heart Failure and Transplant Cardiology,62323.0,623,292.15604848928075,84.54084318800037,65.06289411602211
MA,General Practice,62284.0,273,162.8848073341779,67.19178456738742,51.36424458933096
AK,Pain Management,62212.0,104,141.44364736761977,22.893096991136943,17.95576737612848
MO,Licensed Clinical Social Worker,62057.0,367,151.12487229452995,88.17069871227105,66.79731939990414
WA,"Psychologist, Clinical",61968.0,521,218.2948667054183,108.34055835285632,83.74255438309329
VT,Pathology,61945.0,440,166.26056372598893,35.422228589920294,26.319399790162578
TX,Undersea and Hyperbaric Medicine,61871.0,131,339.3845942358711,203.67048908147825,161.8791517844333
OR,Clinical Cardiac Electrophysiology,61711.0,619,214.0754557534397,62.218091426149286,46.797467712426965
MN,Licensed Clinical Social Worker,61702.0,714,253.31084389481848,92.97003338636318,69.5601259278412
NE,Nephrology,61594.0,507,261.2560486409344,93.26167353963082,71.39872568753877
NV,Centralized Flu,61572.0,542,83.14204524783614,79.32842006098117,79.32842006098117
DE,Anesthesiology,61492.0,584,426.33051340058404,58.198076334927705,46.38388944904776
WI,"Psychologist, Clinical",61434.0,699,311.5362486570481,84.16308884327978,63.92970863047966
FL,Thoracic Surgery,61147.0,1457,1011.5504561134743,272.85254403330583,215.58395358741961
NV,Interventional Radiology,60899.0,443,193.8253401534623,43.22433898737577,33.960802148017486
ND,Dermatology,60847.0,438,183.5481341727871,77.9779800155461,58.023963712339835
CA,Colorectal Surgery (Proctology),60768.0,1111,450.3105374538342,152.02298923804514,116.91919233809091
KS,Centralized Flu,60753.0,443,81.91463038865227,77.86129968893393,77.86129968893393
OK,Obstetrics & Gynecology,60488.0,713,108.14357145200626,47.24267226560037,36.0888840761697
KS,Psychiatry,60415.0,524,192.20746122676832,95.65763419714771,71.69979756692074
VT,Dermatology,60394.0,416,151.2117347746491,72.30291303775326,50.023793423177054
CO,Sports Medicine,60343.0,409,193.922187329086,50.619256748804474,38.05685580752197
WY,Cardiology,60293.0,345,365.9982075857067,80.02355248556596,61.28168825557332
CA,Cardiac Surgery,60262.0,936,921.0890182872195,236.06579785000744,184.9994099098887
MA,Certified Clinical Nurse Specialist,60256.0,367,175.08297397764093,89.010859333587,65.36241536105858
ND,Occupational Therapist in Private Practice,60174.0,178,76.3981138032871,27.116174095205924,20.900467810041977
NE,Nuclear Medicine,60145.0,28,94.30894139169875,50.05974212242111,39.811300024652645
DC,Emergency Medicine,60122.0,834,715.776561823511,146.5479167362552,112.9901407137606
NC,Hand Surgery,59816.0,692,246.6042622375889,76.46373528813201,56.942855757715655
NJ,Nuclear Medicine,59814.0,291,305.0595392382939,101.109914234434,78.90470575506039
MT,Emergency Medicine,59740.0,609,460.42099933073484,124.7962430530624,93.15192768672975
NV,"Psychologist, Clinical",59589.0,187,118.68696991056028,71.72998556750068,55.854047727262866
NJ,Certified Registered Nurse Anesthetist (CRNA),59544.0,2227,1287.8682795910502,109.73722961165466,88.00999059520858
HI,Obstetrics & Gynecology,59531.0,341,83.53631738098417,36.432822898956026,27.354876451052814
NE,Radiation Oncology,59447.0,480,509.6864428807866,144.0517272527953,113.9728228505781
WY,Chiropractic,59397.0,135,51.408403118002795,33.24307254580182,22.11638500263853
PR,Physical Therapist in Private Practice,59322.0,317,28.367347189899768,21.999072182313167,16.81421513097942
ND,Mass Immunizer Roster Biller,59296.0,446,83.70460840518543,73.36259376679129,73.36259376679129
NY,Opioid Treatment Program,59220.0,106,207.00880884891166,184.78897754129991,181.05610148573555
OK,Certified Clinical Nurse Specialist,58991.0,378,186.15508535216532,61.96401434128142,46.04328778967084
CA,Thoracic Surgery,58772.0,1292,1046.7209434756417,253.2881981219888,200.02573198129798
SD,Vascular Surgery,58742.0,394,431.19404769911944,121.26877872718211,95.44958462411384
NC,Neurosurgery,58427.0,1433,903.1644409265363,191.64318790990737,149.60934482343438
NH,Pain Management,58380.0,303,331.51064628261395,50.57069013344716,38.89284618020248
NH,Occupational Therapist in Private Practice,58363.0,186,67.27748796321582,26.509575587262987,20.50821188076016
FL,Pediatric Medicine,58337.0,339,132.10655381674738,51.4727867391114,38.93010867887449
NH,Endocrinology,58150.0,313,119.74948426494932,48.914222356032596,35.84679312125059
MD,Interventional Cardiology,58132.0,504,289.67303808552117,96.79470274555713,74.30898455237046
GU,Interventional Radiology,58032.0,129,56.40312741231199,43.447977667595275,34.34372294595634
NV,Endocrinology,57974.0,241,184.30721012881,81.46576793024663,59.49204177732387
MD,General Practice,57937.0,375,240.1748808190389,106.68040613104334,80.5160427708869
DC,Physician Assistant,57918.0,905,310.57910908516493,76.99000483440098,58.00009168132322
ME,Hospitalist,57879.0,613,247.06310077937806,97.00781233243816,75.89700910517593
OR,Interventional Cardiology,57664.0,785,310.9001715107736,90.65432488220864,68.5583031007619
NM,Centralized Flu,57521.0,437,84.71878201013249,81.24044853202786,81.24044853202786
SD,Occupational Therapist in Private Practice,57397.0,182,61.61632367534212,26.734441347136855,20.65142847190405
WV,Pulmonary Disease,57288.0,721,248.47709171174535,90.34154726990249,69.78176127639905
NM,Endocrinology,57277.0,218,73.12796410413769,39.124986120095386,29.18247149818582
WV,Chiropractic,57274.0,172,51.272778049383035,34.237028494617384,23.495923106470983
RI,Urology,57266.0,577,156.16268239452327,62.50998637914031,46.864772465340856
VT,Cardiology,57112.0,452,193.51402875042785,47.06238653873188,34.31748721812631
UT,Interventional Radiology,57001.0,440,181.12620638229623,32.70116559363667,25.36423308362171
IL,General Practice,56977.0,486,229.29718009049245,100.26441195571044,76.26795092747808
GA,Audiologist,56976.0,558,95.74384460130554,28.853590985697934,20.35401098706197
OK,Centralized Flu,56899.0,569,80.7943466491741,76.55770347463891,76.55770347463891
VT,Chiropractic,56626.0,146,55.760475399973195,38.35808303605003,26.179865609429726
DC,Ambulance Service Provider,56625.1,9,330.7444103387011,119.97498088265509,94.3637332204022
ID,Medical Oncology,56598.0,183,113.45148768483105,43.29697692493408,33.44337697451582
WY,Independent Diagnostic Testing Facility (IDTF),56596.0,104,124.49162255258975,9.535654463201942,7.188625167828645
NH,Pulmonary Disease,56392.0,720,314.9031596688633,76.54735990919666,57.793505461676965
NV,Portable X-Ray Supplier,56388.0,235,114.65415939559712,50.128418635228016,38.44856033214749
TX,Hospice and Palliative Care,56295.0,652,278.2951306510639,107.08053450602662,83.91901039177442
KS,Portable X-Ray Supplier,56202.0,98,75.36954556752075,59.32393580309243,45.520313867854306
PA,Plastic and Reconstructive Surgery,56194.0,995,406.71695786080386,160.71049222331638,122.76512901730172
OK,Endocrinology,56080.0,344,142.43451854510948,64.55950838066641,46.8360675820872
ME,Chiropractic,56075.0,212,55.019970575107784,35.98975871595752,24.9548183682456
KS,Obstetrics & Gynecology,56049.0,674,123.64210530079298,49.508582311846894,37.6930571464714
OK,Neurosurgery,56033.0,699,505.28246783164525,129.97994360472242,101.48420163107073
FL,Cardiac Surgery,55845.0,634,552.8367681982247,160.36183203505902,125.86668063382302
WY,Ambulatory Surgical Center,55786.0,259,1080.4091272003568,244.5288730143865,195.14975818307667
FL,Pharmacy,55631.0,487,118.94655030496835,77.4977534107088,77.46959267299012
NY,Micrographic Dermatologic Surgery,55361.0,398,815.4443055573244,281.3556821589161,221.18588320297067
UT,Nephrology,55342.0,543,262.45728958157105,106.96823461375634,82.07414386908582
MT,Urology,55319.0,593,204.8215732387859,78.25649397144082,57.848251595292744
OH,Certified Clinical Nurse Specialist,55125.0,596,228.5313714284544,71.25369523805058,52.506889614488415
DC,Gastroenterology,55101.0,537,288.9117988783512,83.21068147590042,64.86608718541504
AK,Chiropractic,55079.0,209,82.9689914486014,47.40502514567701,33.12749686809067
MO,Critical Care (Intensivists),55065.0,828,503.03074457495586,133.34995151165893,105.0104794333145
NY,Neuropsychiatry,55009.0,79,60.92286480388201,26.687987238620714,20.441894780805466
NY,Colorectal Surgery (Proctology),54953.0,1146,617.6365581496661,172.07319072668156,133.42910159577877
DE,Centralized Flu,54871.0,320,83.37031874747039,78.8132108034479,78.8132108034479
AZ,Portable X-Ray Supplier,54868.0,206,172.97599712096093,77.57467540215502,60.08058905032687
IL,Advanced Heart Failure and Transplant Cardiology,54578.0,557,265.97325149336564,91.56100315142479,70.9218034737998
MA,Pharmacy,54518.0,272,150.4860440590072,83.49924318576794,81.67104552620265
OR,Anesthesiology,54517.0,1665,676.0701546307226,102.2976829245908,80.78718711594173
IN,Certified Registered Nurse Anesthetist (CRNA),54170.0,1618,1060.1553385630566,114.92964851390154,91.59115912868208
IA,General Surgery,54037.0,1384,485.3855206619498,120.95073671748533,94.34107037779094
AZ,Hospice and Palliative Care,54004.0,192,122.6878801571208,44.78140082209496,35.32772294662937
NH,Hospitalist,53866.0,433,405.9507613333594,106.06292225131241,83.29067185239312
MI,Portable X-Ray Supplier,53851.0,133,126.64554232951626,66.52424411773556,51.7974550143773
TX,Colorectal Surgery (Proctology),53726.0,1240,493.14257957033317,132.0877776122666,100.80774243380715
MS,Vascular Surgery,53475.0,412,480.82519756799974,100.71632912580198,79.00782589977703
VA,Neurosurgery,53443.0,1193,853.9052190185724,210.83576633018654,164.81272383661602
UT,Clinical Cardiac Electrophysiology,53231.0,491,192.20883038077704,68.50892581400278,52.14345869888669
MO,"Psychologist, Clinical",53167.5,423,185.3939209102886,95.7910620207873,73.56900775860584
WV,Hospitalist,53130.0,489,304.49497816673085,102.30073047237452,80.25935347257847
NM,Urology,53111.0,442,193.82572950998272,70.10642767022712,51.81274236982729
WA,Audiologist,53092.0,619,93.84870677318433,31.155351465353977,21.68867173965616
DC,Nephrology,53069.0,367,305.6678635360214,141.42069437907827,109.8430036365679
ME,Podiatry,53068.0,392,99.40681879841048,58.4669846235651,41.37868847515082
LA,Neurosurgery,52986.0,740,803.4789912443969,145.46883761751295,112.55882572763635
OH,Speech Language Pathologist,52883.0,194,84.5195062685677,42.644230660103915,33.614294007482066
NM,Occupational Therapist in Private Practice,52846.0,127,64.0069017523241,24.424962721782872,18.771517427962692
TX,Advanced Heart Failure and Transplant Cardiology,52810.0,631,277.82485930680525,95.81211588701845,74.2291045258092
DC,Occupational Therapist in Private Practice,52792.0,128,71.67557414000017,29.542524624838926,23.113160137903957
LA,Centralized Flu,52713.0,816,80.94214956475606,76.99988902154928,76.99988902154928
CT,Infectious Disease,52607.0,539,245.5021729048313,101.80538407442852,79.9693059858529
WV,General Surgery,52510.0,963,366.91913921257606,158.35079489514536,123.76045934136303
NV,Clinical Cardiac Electrophysiology,52261.0,395,240.63224641700393,92.72665199659477,70.58991389380355
KY,Licensed Clinical Social Worker,52258.1,383,164.556506646652,76.47313909235304,56.74585107381193
WV,Interventional Cardiology,52245.0,565,241.41882878751113,65.72680964682809,50.066973681664734
CO,Critical Care (Intensivists),52108.0,815,337.72384413133886,114.26123551088743,88.43808781762819
MA,Critical Care (Intensivists),52051.0,761,508.3103156522994,134.29257074770067,104.7458279377693
SC,General Practice,52037.0,361,112.20595326395913,53.10210734669876,40.36589868739158
MI,Critical Care (Intensivists),51820.0,618,329.05692802023935,114.62473755304798,89.78248571993875
DC,Hematology-Oncology,51776.0,323,227.89601707287974,82.5712272097048,63.49514369573968
AK,Hospitalist,51539.0,310,614.3649744855003,135.58240827346373,107.00623236768969
CT,General Surgery,51516.0,1212,467.8269098920873,141.92391373545377,109.51448753773947
SD,Interventional Cardiology,51371.0,415,282.99123630064605,76.45454069424929,58.30384866946505
IL,Certified Clinical Nurse Specialist,51337.0,499,183.30407483886756,62.25388413811918,46.75305997629338
MI,Neurosurgery,51071.0,1275,967.8307922309307,171.10995183162123,133.34675393071245
AK,Dermatology,51044.0,270,311.76396403108123,96.49622462967629,70.31510128511317
AR,Hospitalist,50914.0,285,254.60263522789646,97.21874710288634,76.59616451270094
SC,Neurosurgery,50889.0,855,623.5771335652826,148.03261117342677,115.45202990832249
UT,Otolaryngology,50846.0,695,204.393968650492,82.76984285883594,60.116357628965005
MN,Pain Management,50830.5,576,349.0691759866351,56.33553083280423,42.95404176632988
PR,Cardiology,50808.1,905,106.44100940594244,83.11221832730035,58.75151501434654
UT,Hospitalist,50699.0,675,283.66178543963645,99.86216789293435,77.57718791299706
MA,Pediatric Medicine,50549.0,292,148.9211096165096,50.74283012527965,41.2010712378725
NH,Radiation Oncology,50387.0,461,601.2687030379452,82.01775080882626,63.80889673932953
OR,Independent Diagnostic Testing Facility (IDTF),50381.0,128,94.36136876984138,21.656540560901067,16.923780194916063
DC,Family Practice,50367.0,673,233.68357158472406,83.05748724359307,63.51615561773256
AK,Anesthesiology,50280.0,465,523.4830350039922,75.19552505991895,58.979826173397136
ME,Urology,50270.0,485,123.94663119155952,44.51759259995693,33.480646110997036
VA,Speech Language Pathologist,50242.0,188,112.397775765271,63.35386608811134,49.89731061664951
MN,General Surgery,50098.0,1709,852.0634356663196,146.3084546288675,114.91973631670876
SD,Anesthesiology,49790.0,1027,372.2941054425087,63.13814340228563,49.01192789713377
NE,Centralized Flu,49638.0,359,81.15772110080049,77.01159031383541,77.01159031383541
OH,General Practice,49393.0,418,148.8808527523435,75.51395926523558,55.31183447042407
NE,Certified Registered Nurse Anesthetist (CRNA),49274.0,1298,889.0436447218083,117.81033303569157,93.77788549744089
WA,Obstetrics & Gynecology,49157.0,723,160.6622710905992,55.73826026817471,42.081244990581524
TN,Audiologist,49121.0,550,102.27218623401207,31.162796360043924,22.114177642961547
MT,Occupational Therapist in Private Practice,49093.0,174,64.30349174017785,27.801525879480856,21.449222903464438
AK,Emergency Medicine,48873.0,507,953.9598604542429,154.30670963516368,116.36429132652783
CO,Obstetrics & Gynecology,48818.0,880,192.08491806307688,73.91211950526511,56.19576303822991
CA,Preventive Medicine,48818.0,337,164.99797922899594,59.80288725504084,45.99203613420314
IA,Interventional Pain Management,48757.0,261,245.73968127658756,33.191758311613484,25.602130976096923
KY,Medical Oncology,48738.0,228,179.56968956448253,78.62957466445843,60.84814026008556
ID,Hospitalist,48717.0,424,293.16442494397126,104.61102120408786,82.16754295203233
WA,Infectious Disease,48629.0,626,282.38735445923123,101.2241697337878,78.93015649094772
MO,Vascular Surgery,48469.0,995,378.4173015742265,101.53837958292111,77.0860312776294
SD,Hospitalist,48318.0,351,268.02599921354255,94.40521006648471,73.98718593483437
NV,General Surgery,48266.0,915,462.54505366083316,152.5387573034743,118.52583412743455
NJ,Pharmacy,48227.0,456,124.92819997132474,85.885071847571,83.80943164630938
IA,Centralized Flu,48137.0,382,81.26402123102946,77.26666161164503,77.26666161164503
TN,Licensed Clinical Social Worker,48021.0,287,154.63390037700253,78.70337748069845,59.386272672477176
OR,Hand Surgery,48002.5,306,158.67169084951757,53.60911994160701,40.500508515113694
AZ,Plastic and Reconstructive Surgery,47955.0,572,646.2826697899848,242.8481939318723,192.02133562761264
CT,Medical Oncology,47930.0,437,269.7223715836542,78.21994950977547,60.11646651362151
UT,Sports Medicine,47878.0,356,101.26771314583873,37.75166966024877,27.786799156164957
IA,Psychiatry,47838.0,506,220.01483381410225,83.24462080365618,61.39646473517044
ID,Interventional Cardiology,47816.0,497,174.49324912111183,58.205426426153366,43.37174962356177
NV,Neurosurgery,47781.0,390,1026.6637876979605,81.21745400899576,63.41813942776852
CO,Certified Registered Nurse Anesthetist (CRNA),47776.0,1285,994.5843316727415,120.13758707295453,96.36714145176278
CT,"Psychologist, Clinical",47678.0,381,194.9372282814482,102.16626032970056,80.02954234657028
MO,Audiologist,47518.0,553,117.16211288347479,32.93465907656817,23.304523759445605
MT,Clinical Cardiac Electrophysiology,47219.0,321,206.3182532458207,62.56298418011814,46.7675279019197
NE,Obstetrics & Gynecology,47075.0,563,135.64801656933784,41.31829527348698,33.67054487521457
NJ,Opioid Treatment Program,47026.0,84,234.36737017826258,187.76243780038118,183.74119231928157
UT,Endocrinology,46788.0,205,82.23272783603537,37.55650850641757,27.934701419048892
NH,Centralized Flu,46689.0,249,82.70475036964062,79.2841054639049,79.2841054639049
OR,Vascular Surgery,46519.0,538,273.5315494744671,84.71975343413152,65.31049592643197
MA,Advanced Heart Failure and Transplant Cardiology,46403.0,462,255.9115294266601,70.79913626280909,54.32751653999587
RI,Nephrology,46383.0,361,209.83885906479273,93.41836534932824,72.42294331970446
VT,Gastroenterology,46323.0,248,225.6892122699333,46.41386676165324,36.934874468596355
NY,Gynecological Oncology,46310.0,499,344.72203714057906,73.14689440737448,55.92912805012654
NH,Physical Medicine and Rehabilitation,46252.0,398,308.9652568536044,89.79329910048983,68.93348590327814
WV,Radiation Oncology,46115.0,378,467.38722519712934,107.14323278738142,85.14647555030159
UT,General Surgery,46090.0,733,328.43823085316484,139.69094836116895,108.91284161396179
MD,Neurosurgery,46088.0,933,968.9143163075933,253.42680567620886,198.8273789272842
CO,Audiologist,46072.0,616,84.09579766446814,31.555975429792976,21.91418106444466
MA,Neurosurgery,46048.0,1092,1261.556626998423,251.96553335664314,197.63355932947204
ND,Neurology,45890.0,286,105.14372434070434,39.05911222479571,29.24378448462915
MD,Speech Language Pathologist,45839.0,230,113.97207988822379,59.48317851612555,46.51009773338374
WA,Geriatric Medicine,45777.0,359,196.8793422461847,80.69953688517559,60.43330733768963
MO,Sleep Medicine,45663.0,145,88.32801108126492,29.126893327223947,21.506008803569234
KS,Licensed Clinical Social Worker,45618.0,298,155.685256477723,92.87479876380718,69.97588846508141
MA,Portable X-Ray Supplier,45606.0,100,109.28857891486678,52.702324036429076,40.45735166477066
TX,Thoracic Surgery,45566.0,1328,1440.6294783390601,340.9292933325705,268.72169885449415
NM,Physical Medicine and Rehabilitation,45425.0,273,163.95679581725716,52.305124710986775,40.27643059990106
NJ,Plastic and Reconstructive Surgery,45373.0,514,998.811732970428,447.05403124798875,354.0910197714342
OR,Psychiatry,45271.0,490,247.4820441343133,89.42006295417515,67.84379470298265
AK,Radiation Oncology,45270.0,262,1917.3891623612008,177.00779081087992,140.73122487248972
GA,Plastic and Reconstructive Surgery,45076.0,525,591.6176291144885,184.93110879340588,144.85251308893865
AZ,Licensed Clinical Social Worker,45037.0,283,201.4162610742443,99.89417301267547,76.23241690167096
WV,Occupational Therapist in Private Practice,45016.0,95,40.015964101676005,23.370556913133537,18.15051204017409
AR,Psychiatry,44967.0,403,182.36233749195188,85.95425111761104,64.47218626986975
ND,Nephrology,44961.0,288,262.9421994614623,85.85675785691157,66.28386156891696
NM,Clinical Cardiac Electrophysiology,44873.0,280,133.87919194164456,51.395893076058115,38.75160452834837
AR,Radiation Therapy Center,44761.0,33,2008.9668461369085,203.6051777197756,161.90315989303798
AR,Licensed Clinical Social Worker,44629.0,297,181.1633684377076,81.13249210168095,60.97947321248298
GA,Advanced Heart Failure and Transplant Cardiology,44490.0,392,282.4289775228995,76.49708608684158,57.8339563947284
LA,Plastic and Reconstructive Surgery,44446.0,205,215.86561332859782,48.918287809785866,37.785367637098965
NC,Geriatric Medicine,44433.0,571,205.57409492940116,87.87760155731108,67.177644093412
CO,Licensed Clinical Social Worker,44425.0,325,195.18276353414885,100.63799797399109,76.92097782773786
VT,Medical Oncology,44331.0,98,96.90436962845703,56.89705939412526,44.12168459972488
MS,Centralized Flu,44262.0,457,80.08554448515935,75.69585355372107,75.69585355372107
DC,Physical Medicine and Rehabilitation,44235.5,301,201.73478337499094,76.8149097447024,59.40816538768005
RI,Occupational Therapist in Private Practice,44223.0,202,76.55165592569118,28.216692218996016,21.82007032540772
VA,Geriatric Medicine,44115.0,454,228.83231191181338,87.54091624146379,66.5184030376868
MD,Pediatric Medicine,44049.0,293,120.30483052952289,51.25308451975606,39.09382596663671
DC,Otolaryngology,43997.0,269,187.12947155488007,78.98047889612877,59.28143668888585
MO,General Practice,43885.0,290,138.75107941208026,51.10241312516718,38.01073715382746
PA,Colorectal Surgery (Proctology),43635.0,866,484.1778162014129,218.0064294725867,170.38333929103337
NC,Critical Care (Intensivists),43522.0,618,421.20482859228974,115.10350673223203,90.10648959153312
LA,Hand Surgery,43202.0,296,143.84646196935245,38.061609879183536,28.240310865258387
IA,Infectious Disease,43086.0,299,198.7634384722815,67.48447268261546,52.97338903581221
WV,Ambulatory Surgical Center,43071.0,56,502.18059367100375,156.9807496916192,124.60172273667156
OK,Geriatric Medicine,43070.0,143,139.12506965405555,84.3706977013327,64.06647504057996
UT,Radiation Oncology,43047.0,634,331.24201895585117,99.15742908913428,78.47753827215186
MD,Nuclear Medicine,42989.0,336,786.4034918237646,315.5524831945235,249.95056177087247
NM,Pulmonary Disease,42781.0,414,200.19850704759088,75.14903555336022,56.42801220173446
OH,Advanced Heart Failure and Transplant Cardiology,42691.0,593,270.3821592375011,77.09293176560382,58.29423203958509
NH,Otolaryngology,42688.0,384,205.93895239876343,62.07939256935158,44.260319527701625
IA,Hand Surgery,42669.0,358,175.49467529135933,45.78903934937354,34.61031193604542
NY,Thoracic Surgery,42668.0,1101,1683.5535194987935,273.6617237744568,215.79160049690583
NE,Endocrinology,42660.0,265,133.5878319267433,50.587898265387366,37.60370698551936
LA,Vascular Surgery,42626.0,722,374.7565847139965,104.42431731783824,80.43010768106375
DC,Radiation Oncology,42610.0,405,452.8130635991051,117.59362238920373,92.94365055184045
PR,Ambulance Service Provider,42571.9,187,44.23509991331545,43.282280800190584,33.48027924520417
CA,Speech Language Pathologist,42547.0,373,184.00356523385364,73.45084236257743,56.78901826216812
HI,Podiatry,42518.0,307,128.9846218071472,71.95805470635757,51.64515616925215
NY,Sleep Medicine,42466.0,305,386.39088423976045,52.45721353555663,40.04470352760903
SC,Plastic and Reconstructive Surgery,42239.0,333,258.8260349437224,102.12295650946702,78.70770804233413
MI,Independent Diagnostic Testing Facility (IDTF),42155.0,218,384.3538299134459,74.12879966790483,56.9045975564847
AR,General Practice,42119.0,227,98.37857000392694,37.46585673922995,27.363809919567576
MS,General Practice,42108.0,238,95.58538211232269,63.12395530574772,48.26478816387229
CO,Hematopoietic Cell Transplantation and Cellular Therapy,41927.0,76,145.9981634746147,40.714383094352165,32.192865933530356
MS,Psychiatry,41923.0,290,191.7384450062998,86.60742289423277,64.75038022077399
GA,Micrographic Dermatologic Surgery,41904.0,252,679.5585049177203,239.7918110442475,188.11050305454327
OR,"Psychologist, Clinical",41870.0,416,211.41784690719413,91.1916921422924,69.61943682848501
WY,Urology,41867.0,254,151.8584467478459,53.603477201598636,40.37193780297047
MT,Hospitalist,41843.0,415,328.1073553520658,102.71400329790899,80.48653681613787
WV,Psychiatry,41798.0,391,184.49428417615866,85.55868988957388,61.84674960522136
CO,Hand Surgery,41735.0,356,202.2901979153523,54.46571079426516,40.61782724329781
WY,Mass Immunizer Roster Biller,41626.0,332,74.81659203387025,70.07978114644928,70.07978114644928
LA,Infectious Disease,41310.0,281,203.34713749730443,95.01744952790668,74.83616920841408
IN,Vascular Surgery,41301.0,807,407.48880390323,117.63331541625426,88.25446284589856
UT,Centralized Flu,41296.0,364,80.57604465329091,76.3557666602851,76.3557666602851
CA,Registered Dietitian or Nutrition Professional,41296.0,269,84.79088313610627,33.405003148042354,31.536085093006733
RI,Neurology,41182.0,428,225.55772254879236,80.25574935630026,59.98097834011441
WV,Physical Medicine and Rehabilitation,41179.0,120,119.50919133528915,43.74250078918179,34.0481393428881
MI,Geriatric Medicine,41114.0,523,191.2510478185971,89.92969183232776,67.979892494005
NM,Anesthesiology,41077.0,551,487.08815200680556,65.12809893616752,51.6987725490311
IN,Audiologist,41060.0,532,77.27004554316018,29.20961763273741,20.475112518276415
DE,Radiation Oncology,40990.0,300,472.49435789230506,93.32341839470708,73.49451280807718
AL,Vascular Surgery,40956.0,713,395.03107774200197,149.41139784152398,115.35834578570672
IA,Pharmacy,40736.0,253,114.06643362127771,78.34647805392882,78.34647805392882
MD,Pharmacy,40719.0,363,93.58256882535429,75.63194651128266,75.63194651128266
WI,Pharmacy,40661.0,321,105.4300290200739,75.70885024937114,75.70885024937114
SC,Audiologist,40633.0,343,89.26859498437265,29.191293529910606,20.409579652009008
ID,Physical Medicine and Rehabilitation,40624.0,353,165.91387898748894,58.30906434615176,44.582867270574674
VA,Sleep Medicine,40578.0,298,304.5085474885576,111.17704741480256,83.27217112732832
RI,Chiropractic,40417.0,109,67.50045550136646,37.33042407898246,26.847188064456194
SC,Infectious Disease,40410.0,448,226.22731947546106,93.95037441234825,73.38057213566755
DC,Hospitalist,40266.0,293,360.4435511349262,125.05295336024193,99.27630382948976
VA,Preventive Medicine,40203.0,77,63.42555580427936,22.70288983386904,17.52864860838548
WI,Certified Registered Nurse Anesthetist (CRNA),40181.0,1528,1275.077076229562,103.9906500585889,83.27896319150858
TN,Geriatric Medicine,40171.0,274,145.00359264150438,64.13521171990014,50.033579447879134
FL,Colorectal Surgery (Proctology),40095.0,985,454.4217560793533,147.137936401079,112.6165010599827
SC,Licensed Clinical Social Worker,40042.0,284,170.93727411223318,99.03605464258062,74.88225862845894
WI,Licensed Clinical Social Worker,39983.0,360,262.4932601354224,91.67425680912362,67.79962859216847
MI,Audiologist,39976.0,579,82.89786071649078,30.122103261960493,21.404681308808833
AR,Neurosurgery,39939.0,570,425.42392773987416,126.91976414041547,98.47895515647643
ID,Pathology,39505.0,337,107.94846297947619,44.64901708640272,34.33824098218401
AL,Portable X-Ray Supplier,39354.0,75,125.47860166564412,60.05913249041025,44.82384738598216
MA,Licensed Professional Counselor,39342.0,249,169.46688170389464,82.66829444377078,64.43526409430713
UT,Pulmonary Disease,39334.0,645,241.94933518076724,88.98499491537723,67.90617684446748
CT,Certified Registered Nurse Anesthetist (CRNA),39251.0,1310,1056.1559007423828,90.00891416778636,72.0654368040941
ND,Emergency Medicine,39245.0,392,535.3856519306772,126.60164606973869,95.06696114152192
ID,Neurology,39026.0,330,183.35695690044417,72.28945754107536,54.480149643804324
MN,Pediatric Medicine,38961.0,496,127.90429557777496,51.223054079637556,46.36207669205147
SD,Emergency Medicine,38920.0,341,571.8565087363351,110.31472867469581,83.38461073989609
VT,Emergency Medicine,38834.0,467,462.75593140044344,120.47287660289192,89.78193026730312
AZ,Neurosurgery,38807.0,958,1142.4044564122155,235.85840827700758,184.48589764749963
DC,Anesthesiology,38805.0,1064,839.3477420429065,106.0517095736278,83.94706378034385
WI,Medical Oncology,38737.0,329,212.25678111373276,61.92430208833079,46.49355061058062
MN,Interventional Cardiology,38676.0,685,491.1691883852705,81.99436446377304,62.93323327123787
NE,Hand Surgery,38449.5,326,224.20053966896018,55.658820270797975,41.789738488142895
IL,Neuropsychiatry,38201.0,176,139.86713227407373,39.724688358901346,30.528562864869645
DC,Mass Immunizer Roster Biller,38182.0,294,93.66861688754749,81.59197920492308,81.59197920492308
IA,Licensed Clinical Social Worker,38167.0,331,169.71551549770373,82.32534519357354,61.68283124165921
HI,Hospitalist,38098.0,364,287.23120951219346,108.46323665273285,84.58525014426841
ID,Occupational Therapist in Private Practice,37961.0,121,49.71476383652354,22.744528331684656,17.285264350311273
TX,Surgical Oncology,37860.0,882,665.6319051763816,157.5531664027217,121.66951082944402
WI,Obstetrics & Gynecology,37717.0,791,341.96775644913816,58.10875255186055,43.284491608569724
MO,Speech Language Pathologist,37690.0,181,116.97888272785124,55.28136083842772,43.20524860703754
HI,Nephrology,37623.0,318,313.48372298865604,133.65161550074174,102.82320335959128
RI,Radiation Oncology,37559.0,394,592.2778300794942,157.3839758778022,124.6721028250396
AL,Interventional Radiology,37484.0,553,172.0935527159552,38.92831394732101,29.91452299642129
IN,Micrographic Dermatologic Surgery,37381.0,174,381.3380391107633,162.94767074136058,127.09623177599907
AR,Centralized Flu,37339.0,382,82.99501352477643,76.39446958964479,76.39446958964479
ME,Hospice and Palliative Care,37318.0,118,59.23221769659905,18.735971381085765,14.586379495079118
MT,Anesthesiology,37288.0,907,483.1517689338138,85.51944888445423,67.09372586359655
AK,Interventional Radiology,37252.0,148,97.26966364205849,12.012442821822706,9.274464726740055
KS,"Psychologist, Clinical",37211.5,289,200.09786463832353,99.32383671714666,75.60830818416989
ID,Allergy/ Immunology,37195.0,121,38.31601048527445,14.258886947123402,10.277015727933577
HI,Radiation Oncology,37116.0,316,574.9779394332213,153.79217776668276,121.86421543278877
TN,Gynecological Oncology,37066.0,271,140.72165137848714,47.38708007337026,36.60283845034112
AP,Diagnostic Radiology,37014.0,258,87.9784800346098,20.00852380173796,16.18381477278485
IA,Vascular Surgery,36953.0,546,347.6324685411991,82.59650853794282,62.659685817226475
NY,Surgical Oncology,36866.0,603,724.9010494765876,153.438576194498,117.30186404814657
CO,Interventional Pain Management,36817.0,181,142.56047043472375,51.019694977893224,39.24301436839908
NM,Interventional Cardiology,36687.0,349,248.81061983825188,76.20826450776974,56.97851664072752
WY,Radiation Oncology,36681.0,101,626.8443709277919,115.61624355956653,92.7516316349464
SC,Micrographic Dermatologic Surgery,36639.0,207,994.3357837235709,331.40709926506946,260.5325268157969
NE,Vascular Surgery,36628.0,581,434.83556295707695,105.22467347374453,81.2788273999313
CT,Sports Medicine,36596.0,197,114.89691660283646,32.85120341017469,24.523111542326365
NV,Critical Care (Intensivists),36589.0,326,469.9267870125517,134.57273552131787,105.59801169767726
AK,Centralized Flu,36558.0,83,93.67997811616506,83.13514935185667,83.13514935185667
NM,Radiation Oncology,36491.0,279,698.2513252589356,159.8677312210854,126.83919212889445
SC,"Psychologist, Clinical",36416.5,255,188.40075954568778,92.06334683424586,70.85718726404001
WA,Licensed Clinical Social Worker,36415.0,248,200.32906906473903,100.73318879571113,76.47655004807939
WV,Clinical Cardiac Electrophysiology,36306.0,346,185.66052388028584,57.5292411721917,43.41835591917581
DE,Psychiatry,36205.0,237,183.1261124152843,97.6777124700552,73.85848860647023
SD,Pulmonary Disease,36203.0,396,149.35336905798616,62.30148081660619,47.26775626325419
WI,Interventional Pain Management,36194.0,305,513.7698483175013,47.5615693209501,36.597849919863826
FL,Sleep Medicine,36090.0,288,346.1997708509371,99.3834688276088,74.34449819893295
MN,Audiologist,36059.0,617,141.2904792145243,33.21501788731948,23.272665631308424
MN,Infectious Disease,35990.0,642,381.2829269239234,99.7235106974944,78.46221922752329
KS,Audiologist,35962.0,383,96.12165313396093,32.07400561698678,22.729773928008647
MT,Radiation Oncology,35836.0,302,331.08178117002046,87.84302210065013,69.1119017189128
OR,Sports Medicine,35675.0,209,135.6327203925803,37.50860210232204,27.99008100912916
FL,Licensed Professional Counselor,35655.0,350,209.73504192951384,93.69513167871075,73.77754817003432
GU,Internal Medicine,35651.0,238,161.95844885163567,104.9156424786627,76.17419707749677
NE,General Surgery,35570.0,889,485.6613663195301,115.83742873214676,90.24176890633703
TX,Sleep Medicine,35509.0,239,334.5858472499621,114.69664423134448,85.34102509239254
OK,Hand Surgery,35494.0,398,204.5287485210819,79.53745224539436,59.85904040118523
CO,Speech Language Pathologist,35417.0,156,112.58300025406875,70.04539825495742,54.99396137450114
WA,Neurosurgery,35262.0,785,641.6466660994315,203.66273864195054,158.17978900817226
RI,Otolaryngology,35252.0,220,137.66744071261334,63.02311727007188,44.96389680017959
OR,Interventional Pain Management,35207.0,299,249.7809344731381,62.33740023307921,47.55350981346733
VI,Physical Therapist in Private Practice,35182.0,92,67.38093115802658,26.860628730538544,20.306984537650884
NJ,Neurosurgery,35108.0,854,1792.9216668568838,184.30804773825233,143.6379474763286
NY,Registered Dietitian or Nutrition Professional,35085.0,260,101.38531822725238,32.714688328359074,31.570007125561293
NC,Advanced Heart Failure and Transplant Cardiology,35059.0,372,200.24809606669396,61.154316437877334,46.47802019450473
HI,Interventional Radiology,35013.0,365,109.9528695055618,36.480925084972796,29.043515551371236
ND,Podiatry,34990.0,392,152.52219148320876,54.93378450980305,39.82816804798156
NC,Speech Language Pathologist,34875.0,174,118.5409559857867,69.3963412186513,54.54709189959048
RI,Interventional Radiology,34832.0,328,106.644515101062,20.377001894782044,15.30985329581475
ND,Clinical Cardiac Electrophysiology,34780.0,200,151.77711328360718,42.33413657274293,31.8894192063846
WV,Gastroenterology,34766.0,660,438.35547057530437,117.45370534422027,91.29324224812082
ID,Clinical Cardiac Electrophysiology,34758.0,376,220.5376189655029,76.81955175795731,58.2943434604421
DE,Hospitalist,34456.0,244,164.90658985389814,96.81569392852842,76.05205073140797
SC,Critical Care (Intensivists),34452.0,420,325.7295736100809,103.5086703239845,80.22395187513582
DC,Obstetrics & Gynecology,34370.0,320,135.48709659586876,45.571890020318456,35.04663572885362
MN,Hand Surgery,34365.0,385,205.23084766464873,45.49522508369391,33.523907464029314
GA,Anesthesiology Assistant,34322.0,1461,1068.6310130531656,92.06590903789711,73.09564798088847
PA,Hospice and Palliative Care,34284.0,515,244.7120432278201,103.5546631082024,81.03590012839375
NC,General Practice,34232.0,281,127.22511100732378,55.913506368398,41.76225607615866
NH,Licensed Clinical Social Worker,34140.0,208,165.78668746364372,91.1963415349754,68.72184417104765
AK,Clinical Laboratory,33985.0,80,105.98866558776916,21.819480653508876,21.1299714582468
TX,Registered Dietitian or Nutrition Professional,33714.0,163,61.56600877986729,26.80436050299632,26.46687340564537
OK,"Psychologist, Clinical",33686.0,209,168.66194175606392,92.06876328444957,71.1807403669691
GA,Speech Language Pathologist,33679.0,139,101.20472846585032,49.91759167429176,39.13706879655964
IA,Certified Registered Nurse Anesthetist (CRNA),33657.0,990,812.1028695363797,135.24848144539266,107.05825534060952
NV,Independent Diagnostic Testing Facility (IDTF),33627.0,176,405.55609956325014,142.22693668838625,111.56359859540693
DC,Pediatric Medicine,33596.0,45,51.29579860691581,26.271393320574855,20.682251160744705
IN,Neurosurgery,33480.0,806,746.8410295694986,178.9114997014449,139.14498237730487
AR,Sports Medicine,33479.0,91,52.15121419384228,18.871808895170478,13.906711670002116
TN,Speech Language Pathologist,33371.0,137,111.68509664060612,58.43769949948144,45.77229330860762
IL,Pediatric Medicine,33121.0,344,185.09080039848945,55.438836991690096,42.13054497154845
CA,Slide Preparation Facility,33010.0,7,73.2846189033611,44.76089790970451,34.923610118009904
MO,Geriatric Medicine,33006.0,288,131.6944452520422,55.29824304675076,41.5475961946625
CO,Geriatric Medicine,32956.0,356,215.4456144556318,85.98327011748552,64.27249302098699
SD,Radiation Oncology,32889.0,255,217.3433403265135,85.16675028107255,67.19981027109937
DE,General Surgery,32877.0,600,327.06878395221787,125.60077622612702,96.62347629029898
NM,Gastroenterology,32724.0,551,475.4344780591256,112.11929959639815,87.95013079087886
VA,Advanced Heart Failure and Transplant Cardiology,32663.0,320,221.43730581986904,81.23122156563663,61.907259590291964
ID,Gastroenterology,32625.0,579,564.8728239084373,107.7596518007144,86.05305655160788
MO,Neurosurgery,32613.0,941,914.9553739306864,207.13696992004554,161.02183239807508
WV,Otolaryngology,32566.0,376,174.07797979495274,65.99366762891587,48.32085119445592
ND,Interventional Cardiology,32519.0,324,256.3136738522756,67.86788708149238,51.91811156554929
DE,Endocrinology,32516.0,150,146.73150941057065,74.85264608140302,54.946856624452856
DC,Pulmonary Disease,32509.0,462,339.6378845860479,125.05872589159318,97.14061090797584
FL,All Other Suppliers,32500.0,23,1098.6866753954032,898.9103190722469,715.4825283222243
KY,Interventional Radiology,32498.0,489,265.86353221802244,70.81651547774078,56.6347369068561
DC,Psychiatry,32488.0,264,211.1662161411488,106.49381494703444,83.55310391526626
OR,Pain Management,32278.0,267,226.42216339279275,57.154108680872866,43.19953900496815
DE,Interventional Cardiology,32266.0,199,191.19902188103626,72.49276204062735,54.09458997063117
WI,Hand Surgery,32166.0,360,394.5899173040253,54.65559845807073,40.541758067494726
NJ,Micrographic Dermatologic Surgery,32012.0,214,717.5930557297371,316.62579001641035,248.83757747097022
KY,Neurosurgery,31908.0,624,587.5312536038708,158.417696815855,123.3647370567486
DC,General Surgery,31847.0,491,573.1263123696674,237.1693996283619,186.4623028860317
IL,Registered Dietitian or Nutrition Professional,31781.0,182,77.49369560425434,31.015619080561027,29.120820930743335
MS,Portable X-Ray Supplier,31662.0,109,87.46512001812134,60.00925968004801,45.46121881126223
NE,Psychiatry,31656.0,320,282.60821329296397,92.08873357324987,68.59739607045688
MD,Thoracic Surgery,31573.0,246,667.8165822063673,262.87715674777735,209.56444778744378
PR,General Practice,31560.0,502,73.93701013942676,58.527250000089474,41.22991539919792
MN,Portable X-Ray Supplier,31559.0,71,92.15787794295545,51.0798006913839,39.42558889696777
MN,Obstetrics & Gynecology,31528.0,681,224.98423147662623,54.340501459063056,40.90336684848747
AR,Infectious Disease,31487.0,172,203.7442268238784,89.66992028441976,70.76328453010498
PA,Thoracic Surgery,31468.0,1014,1013.9265742977818,271.6133055808031,213.69104232868293
ID,Nephrology,31332.0,243,231.2776905400086,111.00672220086904,84.98493457172252
CO,Micrographic Dermatologic Surgery,31235.0,316,651.7419833531169,313.76342948609835,246.74058460049818
IN,General Practice,31227.0,225,112.47554872380249,64.66800461094566,48.621941909232966
MS,Sports Medicine,31200.0,113,112.26867788462995,34.78406314100619,26.224902243636564
HI,Occupational Therapist in Private Practice,30943.0,139,50.824605241857356,27.65306208191263,21.2140325760174
MO,Plastic and Reconstructive Surgery,30935.0,291,123.37987748504425,47.45932148051636,35.17409051235933
TN,Critical Care (Intensivists),30788.0,370,343.199440366702,105.31429875282768,81.85734929196687
RI,Medical Oncology,30781.0,56,52.694697378260614,21.649781683559183,16.912239043573365
MT,Centralized Flu,30780.0,133,81.2053369071769,77.36277940206222,77.36277940206222
MN,Interventional Pain Management,30713.0,386,385.8446504731902,56.553890860528846,43.59348647159599
ID,Pulmonary Disease,30687.0,504,190.7565516343534,77.53252387013907,59.71624205666636
NC,Plastic and Reconstructive Surgery,30640.0,504,343.5831328331237,141.61770071748376,107.77484530043277
AR,Hand Surgery,30629.1,281,170.90643668903024,55.57856156395472,41.707909798255024
AK,Pathology,30609.0,198,311.78445783926304,46.69216276255683,36.39529288771462
MO,Advanced Heart Failure and Transplant Cardiology,30533.0,360,212.59395440992452,62.370930468556054,47.00551501654765
SD,Gastroenterology,30319.0,346,466.52511593335515,84.7764269929476,68.34561463097667
KY,"Psychologist, Clinical",30281.0,245,179.08522538861826,84.99251444795766,65.39358508611056
AR,"Psychologist, Clinical",30265.0,197,175.8270292417491,79.73439088065639,60.877582686443176
FL,Surgical Oncology,30261.0,546,518.986576451569,173.30827996433584,135.67322923931115
ND,Public Health or Welfare Agency,30236.0,138,84.39344919989732,73.0023088369196,72.86057348833302
GA,Geriatric Medicine,30125.0,231,173.78528398331338,74.58975568489633,56.60042124488588
WA,General Practice,30117.0,267,159.3830866286307,74.40343460538627,55.22551980604407
WA,Critical Care (Intensivists),30101.0,484,458.0271539157218,135.61975050672137,105.87240091716394
UT,Audiologist,30044.0,334,1390.7687128838058,37.72969045404073,28.1734978697574
SD,Certified Registered Nurse Anesthetist (CRNA),30038.0,873,1118.651930554332,106.61009820902092,83.88477461877943
MI,Gynecological Oncology,29965.0,150,79.81414316708566,27.929092274229127,21.466029367631688
HI,Urology,29931.0,232,220.31482977501017,81.95122147604272,59.385975410108664
WI,Critical Care (Intensivists),29881.0,453,884.4660088347732,121.95453666205533,95.74365416148119
MD,Plastic and Reconstructive Surgery,29847.0,516,463.90761785069043,149.53275572078041,113.98613797009035
KS,Interventional Radiology,29837.0,336,165.84508127493777,36.149712102433725,28.08475818620664
KY,Neuropsychiatry,29820.0,60,47.3479543929839,18.722925888582495,14.237628101932193
NH,Nephrology,29729.0,274,460.22303272838656,138.04014060337602,106.80480742709372
AK,Mass Immunizer Roster Biller,29692.0,193,76.7910467466409,72.26902094842654,72.26902094842654
KY,Preventive Medicine,29685.0,33,487.02744618503726,409.44557182859984,325.5219154384393
WI,Independent Diagnostic Testing Facility (IDTF),29658.0,146,430.01463180245196,65.79520466707703,52.15399622397214
PA,Osteopathic Manipulative Medicine,29638.0,139,160.46451278781785,70.43436095548714,53.05343882849539
TX,Nuclear Medicine,29504.0,359,424.4967282403396,77.84127847036082,60.0125233867016
AZ,Osteopathic Manipulative Medicine,29462.0,117,135.12058991236032,56.973460729324536,43.652225578792724
AR,Geriatric Medicine,29423.0,230,149.13449478303008,74.78820990402457,55.48437922711564
OK,Audiologist,29414.0,319,76.98950601749483,31.185306316698185,22.001351397268202
MA,Hospice and Palliative Care,29348.0,437,337.3487777702634,107.79941461106863,84.15303802642838
WA,Portable X-Ray Supplier,29347.0,137,158.2133625242528,64.67366170267832,48.84685010403656
MO,Pediatric Medicine,29235.0,177,111.45699675050341,50.563283051542506,39.591506755570094
MS,Speech Language Pathologist,29224.0,58,70.44925609084687,40.59571413909807,32.149203052266564
OH,Micrographic Dermatologic Surgery,29224.0,266,563.3534632499137,252.25713078323042,196.3134505882655
NV,Licensed Clinical Social Worker,29211.0,129,160.24140803100315,87.70542261523904,67.52694840974682
MI,Opioid Treatment Program,29208.0,71,221.05550123288324,190.92188612625588,187.4786962474251
UT,Psychiatry,29179.0,332,241.68061756716054,85.4785472431418,64.31768360802364
DE,Clinical Cardiac Electrophysiology,29178.0,151,212.0334851597852,79.7969538693905,60.06089588037838
MT,Nephrology,29150.0,175,220.44980926255158,93.51853619235352,71.98873859337941
HI,Geriatric Medicine,29118.0,202,185.5009557660885,83.04647365887556,62.4143406141678
IL,Plastic and Reconstructive Surgery,29109.0,597,533.5724583461047,132.30287642986224,101.11481088340966
TN,Pharmacy,29079.0,397,107.63664568953583,72.74611919254114,72.74369820144793
PA,Opioid Treatment Program,29007.0,75,286.5879477372451,214.91156341537905,210.57518598883416
KS,Speech Language Pathologist,28920.0,124,109.78577074701015,54.525707468999585,42.3373786307603
WY,Clinical Laboratory,28895.0,158,62.55167260755926,10.70588856206838,10.60829589897639
MN,Independent Diagnostic Testing Facility (IDTF),28877.0,47,235.64888908167083,50.39713612912358,39.49990961673364
CA,Intensive Cardiac Rehabilitation,28870.0,67,230.51337859362556,107.73024073364785,85.4892909590168
MA,Thoracic Surgery,28862.0,656,963.0947948862655,217.5789823992781,170.20732208437315
WI,Speech Language Pathologist,28860.0,144,119.7285485101145,51.260180526640475,40.09268676360512
IA,Portable X-Ray Supplier,28704.0,50,85.6610535109995,56.1384260031757,42.51919279477085
OR,Licensed Clinical Social Worker,28642.0,295,235.67404336317836,96.33199287787781,72.53415054814221
ME,Radiation Oncology,28548.0,303,324.44684531287703,110.07931308680062,87.15067360242497
WY,Otolaryngology,28548.0,180,131.57041474020699,40.8762680397117,29.087003292620825
CO,Vascular Surgery,28545.0,623,485.7217859519843,178.74488807176235,137.70793133596743
GU,Ambulance Service Provider,28328.5,6,139.90572215320915,55.2986204712366,43.52727853626854
NH,"Psychologist, Clinical",28187.0,193,169.4832561110757,103.19261006878727,79.32843793277345
IL,Thoracic Surgery,28165.0,656,1584.7013609100652,299.0521668742969,235.8815710995597
CT,Pharmacy,28160.0,188,100.19197443222703,77.94932066754828,77.94932066754828
FL,Anesthesiology Assistant,28142.0,1307,1144.0340274331277,98.70778445030321,78.52938597115553
AK,Interventional Cardiology,28142.0,209,576.4971100131038,67.4597907042136,50.935969724980666
ME,Centralized Flu,27998.0,258,82.43706836193653,78.66230766481901,78.66230766481901
AK,Urology,27984.0,363,722.0723277588838,99.1798281161754,73.3999706975672
DE,Vascular Surgery,27921.0,258,661.7604763440578,194.7300891795425,152.34218616843893
VT,Licensed Clinical Social Worker,27916.1,150,150.28540913651995,92.9062612613353,70.29480873045209
ID,Otolaryngology,27795.0,399,245.50641806087546,93.53125778036569,67.9864202193734
IL,Sleep Medicine,27793.0,378,365.75678803998494,117.28492534089442,87.77512251306347
CO,Portable X-Ray Supplier,27789.0,108,162.38448162936558,96.90425528095004,74.81520421753632
WI,Geriatric Medicine,27783.0,407,313.6135867257157,73.4916078178069,55.176497858492695
VA,Micrographic Dermatologic Surgery,27694.0,274,635.7099563094451,279.3774647932714,219.3320192093759
AK,Occupational Therapist in Private Practice,27565.0,122,97.64907237435254,35.28377253764612,27.069126791254234
WY,Emergency Medicine,27453.0,299,661.095591373775,110.21918588135638,82.67711616215185
NE,Geriatric Medicine,27244.0,122,144.719504111278,48.24517067980603,36.56714946397234
HI,Medical Oncology,27121.0,72,100.41731462694386,40.58994469224043,31.675436746109696
IA,Sports Medicine,27042.0,174,165.79059832862347,40.07926004008201,30.018802603302312
OR,Interventional Radiology,26981.0,397,140.14493495434456,36.57807420036255,28.322545494953054
OH,Opioid Treatment Program,26978.0,53,226.42998443298714,164.50849136289546,161.31084587531222
IN,Speech Language Pathologist,26920.0,117,99.09680423473377,50.38556389304395,39.54362407124543
OR,Plastic and Reconstructive Surgery,26879.0,93,1063.5308862263705,977.7695781188811,778.2184374434087
IA,Interventional Radiology,26821.0,497,293.55476641438474,42.390513030836416,33.18482569624404
ME,Interventional Radiology,26758.0,600,97.1670543389275,28.31654234247302,21.52547088722683
OH,Plastic and Reconstructive Surgery,26711.0,625,388.1923911499674,126.040548463262,95.87431545048959
CT,Opioid Treatment Program,26701.0,25,239.23518220319013,189.56594921417656,185.38446125479845
AZ,Sleep Medicine,26692.0,213,375.2733939007685,126.60015060710595,95.69529634333733
AL,Neurosurgery,26644.0,657,629.3164821346855,167.94683043085305,130.67751201015747
MT,Hematology-Oncology,26567.0,159,176.80521248195916,78.10487936164967,58.5533146384404
IA,Obstetrics & Gynecology,26485.0,549,189.28547290921628,61.51511421552077,46.20737436290693
WI,Audiologist,26468.0,400,163.04076507489066,28.89673945895891,19.43245730693599
TX,Cardiac Surgery,26311.0,503,701.0425650865077,198.23839496807676,155.9658842310877
SD,Physical Medicine and Rehabilitation,26269.0,164,172.1350039972221,47.021729034256246,35.54904069431806
MO,Pharmacy,26170.0,264,119.46876690871268,77.37510087860085,77.37510087860085
NV,Geriatric Medicine,26064.0,126,165.96536717330895,84.02234768268049,64.80977209926374
SD,General Surgery,26050.0,575,366.8769404993064,104.9635854125909,82.0186368522374
VA,Plastic and Reconstructive Surgery,26038.0,474,805.6523465701622,145.67219832565314,112.02904447355287
AL,Opioid Treatment Program,26035.0,48,201.58537430389546,131.06026426020676,128.0839266370343
DE,Infectious Disease,26027.0,159,162.82820763047613,94.49381565275499,74.12421908011032
WV,Anesthesiology,26021.0,899,776.8170489214311,86.96646823723995,68.04922562549217
DC,Endocrinology,25995.0,234,176.75486478149543,88.48012156208428,65.363185612867
NH,Certified Registered Nurse Anesthetist (CRNA),25947.0,851,1159.327083283557,121.67796662423785,96.89325895089922
DC,Clinical Cardiac Electrophysiology,25894.0,310,279.3546157409703,95.40090407060974,72.72485131691379
LA,Licensed Clinical Social Worker,25868.0,216,166.63891062334193,92.98270797883106,70.43673844129856
WI,Micrographic Dermatologic Surgery,25843.0,190,1072.2219076733131,160.57123824616153,124.04726889260104
NJ,Colorectal Surgery (Proctology),25838.0,543,702.3652248627988,154.03248819545726,118.38829514643582
IA,"Psychologist, Clinical",25814.0,242,214.8772751216463,87.9446745953562,65.73452622582907
WA,Opioid Treatment Program,25799.0,45,206.50655916880837,193.5766297136699,189.66487189346725
ME,Pulmonary Disease,25787.0,441,258.4496672743451,87.76355838190733,66.51496451698819
NH,General Surgery,25754.0,645,578.9103591671658,119.1832352256964,91.0711361341908
MI,Osteopathic Manipulative Medicine,25748.0,273,116.43775205852835,71.03193413082909,54.05996426908513
CO,Neurosurgery,25633.0,623,799.8990976477804,211.2543393279622,165.67134787164323
NV,Opioid Treatment Program,25602.0,27,74.6080317945544,73.0924033282747,71.6418189988406
UT,Independent Diagnostic Testing Facility (IDTF),25574.0,119,193.90785172460315,63.9817846249518,47.37272816149557
RI,Allergy/ Immunology,25558.0,58,26.6024790671292,12.831908600022349,9.356215666330671
PR,Urology,25525.0,203,57.201541234099516,41.23913574910135,29.11917766894592
LA,Audiologist,25510.0,340,79.6586530772501,28.51492512743715,20.198076440644126
IL,Micrographic Dermatologic Surgery,25487.0,231,622.244770668336,239.64991054289933,186.6817707065433
KY,Hand Surgery,25466.0,298,215.04100408407103,72.35929042671503,53.842603864029805
UT,Interventional Pain Management,25404.0,139,143.67583451421038,45.29902653125764,33.981802078389144
DE,Licensed Clinical Social Worker,25361.0,153,174.85977327397882,97.12678482745085,73.3605926422073
RI,Pulmonary Disease,25305.0,389,320.43729895258315,111.58542699079129,85.74780596729909
WV,Certified Registered Nurse Anesthetist (CRNA),25266.0,885,904.8580174934798,105.0598116045901,83.31110781285858
MT,General Surgery,25264.0,555,499.91770147202766,161.736622863675,125.49607267278297
MD,Advanced Heart Failure and Transplant Cardiology,25224.0,171,228.3790620042522,81.77105098290225,62.26717293053737
WA,Advanced Heart Failure and Transplant Cardiology,25043.0,303,218.6760300282019,73.20326318727903,55.552379906663035
RI,Hospitalist,24995.0,188,326.99276575315093,110.04528705737785,85.65879055811914
MT,Licensed Clinical Social Worker,24927.0,159,176.6813904602467,104.32988686911324,79.42042885228322
NM,General Surgery,24885.0,583,592.6343821586881,126.04092666267132,95.03754510728491
IL,Cardiac Surgery,24826.0,391,1143.7964456610632,237.9666083951656,187.63238056824014
GA,Nuclear Medicine,24748.0,240,420.4959386615615,75.95970260223089,56.56678196222686
NM,Otolaryngology,24710.0,244,199.55748684708053,82.20620072833161,60.66445851861672
SD,Otolaryngology,24703.0,292,173.95809618257823,66.6134635469307,48.67404647213503
LA,Thoracic Surgery,24668.0,235,579.9282515811093,153.1996388023946,120.37340360005403
MI,Nuclear Medicine,24657.0,212,419.17790079955176,44.50355761038445,34.56787078722488
FL,Neuropsychiatry,24657.0,114,149.93264590177074,73.11735693754306,56.70437644464053
NM,Independent Diagnostic Testing Facility (IDTF),24643.0,193,608.1492975693444,142.39325771995055,111.56434241017504
MA,Hematology,24633.0,251,310.11951203671646,88.25256322821456,67.07624893428097
IA,Independent Diagnostic Testing Facility (IDTF),24629.0,131,820.6003475592331,75.42136140307922,61.14589751913821
NV,Micrographic Dermatologic Surgery,24580.0,130,330.69877176384614,175.70014279862608,136.0847241661867
NM,Hospitalist,24538.0,251,424.58510595798083,114.32372116732745,89.81897424405973
AL,Critical Care (Intensivists),24497.0,216,261.06803649440036,104.88237988330678,81.84615830508712
SD,Pain Management,24199.0,109,70.34927558999811,39.324270011166625,29.888525145684703
NY,Licensed Professional Counselor,24147.0,186,156.6917973252721,78.31824698729237,61.84892243342444
MN,Advanced Heart Failure and Transplant Cardiology,24139.0,235,270.1662206386304,45.53316583112948,34.888301503710615
FL,Opioid Treatment Program,24116.0,72,331.5469518162589,183.34496848595575,179.11772350259938
NH,Obstetrics & Gynecology,24110.0,467,238.55251596885003,62.97802861883912,47.070713811646684
CA,Marriage and Family Therapist,24083.0,206,227.82121828685723,93.69706722596986,73.53702113525696
OR,Certified Registered Nurse Anesthetist (CRNA),24065.0,511,677.3397498434297,106.16038520660496,84.00838894659452
NH,Interventional Cardiology,24050.0,282,802.3585650741078,85.24321496869594,65.06146569640471
SC,Sleep Medicine,24035.0,153,122.75402537966083,52.19871021453133,39.07450800916012
RI,Endocrinology,23970.0,134,99.7609929079371,45.59656987907975,34.56736921156081
NM,Interventional Radiology,23916.0,315,203.9937732062986,38.48503637717395,29.36702793117049
ME,Licensed Clinical Social Worker,23844.0,195,172.2912397245044,89.2750067101097,67.46195185366837
SC,Advanced Heart Failure and Transplant Cardiology,23737.0,250,299.74040527420317,76.13308379319447,58.131318195033316
WV,General Practice,23599.0,205,152.6893614136107,64.94164032343285,49.73312004747545
NV,Obstetrics & Gynecology,23585.0,503,191.1425342379215,76.94726054692009,58.27229595078554
KY,General Practice,23577.0,176,139.0743372772285,47.76703058081831,35.63098782720355
MT,Otolaryngology,23506.0,307,224.89248574817157,88.50818344248702,63.911439632417085
MT,Pulmonary Disease,23400.0,358,236.58110598280115,87.46065042738542,66.87405384606475
NM,"Psychologist, Clinical",23317.0,188,182.3854260837616,97.88998842086865,74.88330102545426
RI,Sports Medicine,23261.0,38,49.51444477881738,15.918201280980922,12.177026783078448
OR,Obstetrics & Gynecology,23209.0,536,201.45664138922024,61.835030806957285,45.58745314318326
AL,Hand Surgery,23181.0,202,214.9168232603264,52.83894094311741,39.017860316649895
KY,Audiologist,23178.0,295,92.46718094738122,29.05943308304708,20.03114677710225
MI,Pediatric Medicine,23157.0,291,107.09500367079877,56.86020209880236,43.02962387188082
MN,Critical Care (Intensivists),23113.0,470,618.1215666502809,132.56637649798796,103.944534244677
KS,General Practice,23032.0,191,316.3028898919831,70.26123436967937,53.501845692958305
VT,Centralized Flu,22984.0,142,83.68303558978508,80.2561494951732,80.2561494951732
WA,Speech Language Pathologist,22936.0,120,151.70030694085779,68.93676185923317,53.60455179629111
WY,Podiatry,22917.0,144,128.92180477362055,60.86301304702645,42.73671117516446
FL,Registered Dietitian or Nutrition Professional,22917.0,127,62.28348474929764,25.92566915394794,24.676338526020302
WA,Sleep Medicine,22849.0,286,314.51761958972116,117.06528644561948,86.51290209638378
WI,Vascular Surgery,22816.0,604,594.2465195479342,77.43603742987952,58.20386264024618
NE,Infectious Disease,22772.0,240,269.9062884244685,96.36231731937853,75.66475364484
ME,Physical Medicine and Rehabilitation,22735.0,272,246.78219705304193,87.18739608523755,67.05758522111685
KS,Pharmacy,22719.0,214,126.06542497472991,79.58130947667979,79.11434834282711
DC,Interventional Radiology,22713.0,263,1056.7848249892884,345.36114207784306,274.5429802317393
HI,Otolaryngology,22711.0,196,219.79098322449062,97.0181374666713,71.1218959976536
PR,Rheumatology,22707.0,90,62.27615272837275,42.4628801689489,31.5448958471447
OK,Speech Language Pathologist,22661.0,74,73.03913463682467,41.77926128593601,32.80345968841944
OK,Interventional Radiology,22645.5,415,419.2147455344097,90.779211763898,70.45587070275873
MN,Vascular Surgery,22620.0,570,354.8213992040827,79.56558311231846,60.96109770118497
HI,Chiropractic,22550.0,79,60.49881330378474,39.55225232816222,27.942420399176584
MD,Hospice and Palliative Care,22537.0,224,235.59863646438242,102.47810178811802,80.20222034890652
ME,Psychiatry,22521.0,274,248.52989165774207,93.43073975405493,70.12953199233151
GU,Family Practice,22479.0,222,108.99003292000327,77.86226077642851,55.134304906848456
RI,Centralized Flu,22237.0,281,82.03123442912124,77.82754238439539,77.82754238439539
HI,Anesthesiology,22117.0,386,536.480864493991,71.64129674028808,56.963242754450384
MI,Plastic and Reconstructive Surgery,22027.0,397,308.7569360329055,113.53932310355445,87.50349616396076
KS,Micrographic Dermatologic Surgery,22021.0,128,408.189006405736,183.75550429138553,143.2262780978596
ME,Gastroenterology,21975.0,488,536.9423258247168,116.8633092149975,93.00675449367829
HI,Ambulatory Surgical Center,21967.0,179,2737.219270271562,711.7031146672783,567.2986270344957
FL,Preventive Medicine,21948.0,135,313.5664835064611,80.21373519292253,61.894042737425465
TN,Osteopathic Manipulative Medicine,21889.0,158,212.0174105715348,68.67281465589689,51.59200283244533
PR,Dermatology,21835.0,315,108.90456423160943,91.37727089528077,66.20212502863069
PR,Neurology,21785.0,263,689.8364337866159,73.6919192102476,54.68695708058349
MN,Pharmacy,21779.0,181,118.22382754008021,79.47739336069152,79.355012626948
ME,Anesthesiology,21778.0,764,656.699149600251,90.29829001729689,70.30647671965545
ME,Interventional Cardiology,21773.0,284,249.47557295720023,57.64744086712543,43.99605428736014
NJ,Pediatric Medicine,21575.0,179,255.45765469327702,55.01283290838387,42.568161297964124
OH,Sleep Medicine,21478.0,383,311.2526473601071,100.95155833893492,73.99613325263435
NE,Interventional Radiology,21466.0,482,315.3708394670307,49.42985465387307,38.56014627784305
OH,Pharmacy,21412.0,184,112.01077293118288,62.92546562670152,59.55699280774477
MN,Certified Clinical Nurse Specialist,21394.0,315,255.14145180862283,80.44064877978147,60.978372440921675
UT,"Psychologist, Clinical",21339.0,171,185.01208022863688,93.50989877646964,72.35733680124308
KY,Opioid Treatment Program,21322.0,62,218.34160069366587,163.6438448550636,159.52466325880204
VT,Urology,21264.0,289,212.34559913459447,78.98204618127261,55.92725028216709
WV,Pain Management,21262.0,269,259.21868544818653,84.90961010253484,64.05360784499678
CO,Pediatric Medicine,21239.0,105,127.37613258630303,45.69651866853483,35.11901737372488
DE,Certified Registered Nurse Anesthetist (CRNA),21199.0,639,1339.116839001492,131.7011344872046,105.93793763854795
NJ,Thoracic Surgery,21116.0,438,1243.9754626824263,269.93030166766783,213.58420818325928
ID,Certified Registered Nurse Anesthetist (CRNA),21115.0,631,850.4730319682344,124.21797253139711,98.57288325837855
VT,Podiatry,21076.0,167,103.03393907780993,58.20373647752922,40.756682956938626
WI,Neurosurgery,21070.0,637,1685.3129867114258,180.51441006143398,140.66820123402795
NJ,Surgical Oncology,21065.0,392,908.3622829343029,158.26028103501244,122.48622121963822
WV,Endocrinology,21041.0,200,166.40262725125274,79.30863789712136,56.966384202271506
RI,Licensed Clinical Social Worker,21033.0,147,162.73285218465506,87.75616840188687,67.08137022768413
KS,Geriatric Medicine,21019.0,104,197.81393025440903,81.89483039137262,61.345813787513336
WA,Plastic and Reconstructive Surgery,20956.0,193,1657.5742164700619,1471.3362912589716,1170.6196741054166
ID,Anesthesiology,20917.0,277,306.75823014732185,54.45819142325653,42.478272696892674
SC,Geriatric Medicine,20889.0,197,197.72863756068375,94.96630283882452,72.37811814843086
NM,Certified Registered Nurse Anesthetist (CRNA),20868.0,506,995.5766609151361,133.4645668008479,105.61243578682125
CT,Audiologist,20836.0,242,101.05949318487527,30.917991457126078,22.332684296403755
DC,Infectious Disease,20785.0,212,262.72709550078275,114.69505027628853,90.62843108029382
NJ,Sleep Medicine,20709.0,153,348.77545898009384,103.78340045423639,78.87700999570593
LA,Pediatric Medicine,20575.0,197,274.91200048641434,57.20471688945444,44.009938760588625
IA,Speech Language Pathologist,20508.0,105,87.85044129111877,42.1790740198583,33.27644870298586
LA,"Psychologist, Clinical",20410.0,208,170.61838363569433,86.32882557603641,65.37032337103867
ID,Pain Management,20382.0,230,312.07107840213615,77.13202433530856,57.94522765193282
HI,Gastroenterology,20362.0,361,488.519723013383,121.95229643444884,92.58057705536339
AZ,Speech Language Pathologist,20299.0,116,178.8422429672105,65.36277205784536,50.85074880533967
AR,Audiologist,20277.0,192,73.03803866450403,27.504873502018985,19.14871578637572
OH,Hospice and Palliative Care,20277.0,346,348.8006859988317,100.5995610789968,77.92957784681467
CT,General Practice,20259.0,84,350.09864455231434,175.94547756550912,138.2520435363121
GA,Hospice and Palliative Care,20214.0,257,318.83313149307736,109.94177500778642,86.88261205105985
GA,Opioid Treatment Program,20154.0,56,240.84724521125582,173.3873935696233,169.1345861861673
MO,Nuclear Medicine,20147.0,277,299.25681143599644,51.32977018903825,40.620139474856984
NM,Psychiatry,20139.0,233,192.12078504387213,91.07431550727021,68.38259148911902
NH,Allergy/ Immunology,20029.0,85,57.998796744694495,22.83966298865601,16.558168655471814
OR,Opioid Treatment Program,19967.0,55,219.19689537775818,186.79529373429398,182.7246191221404
RI,Portable X-Ray Supplier,19923.0,55,97.96566882517276,49.206336395524275,38.76278421908531
KS,Neurosurgery,19906.0,497,990.7664839744847,264.11980407925216,207.08374158517142
DC,Interventional Cardiology,19898.0,173,346.71416273117904,118.12974972356821,89.83730575941942
ND,Anesthesiology,19890.0,556,718.7861880343886,84.17328054293297,65.20905379589028
ME,Otolaryngology,19859.0,248,185.13175890036075,84.11339946646581,61.10547761715495
AL,Hematopoietic Cell Transplantation and Cellular Therapy,19850.0,47,112.79034911837633,38.4805561714002,30.478784382853416
MD,Micrographic Dermatologic Surgery,19846.0,212,665.5599642234951,383.6578635492354,305.3281290948078
OR,Audiologist,19816.0,247,111.21302230536179,30.122406136445044,20.853634436843787
VT,Orthopedic Surgery,19811.0,341,522.220290242934,135.29825601953783,102.37062440049428
MT,Interventional Cardiology,19793.0,277,370.30568130157343,95.28570706803048,72.93592886366672
MN,Micrographic Dermatologic Surgery,19769.0,327,1054.1907086853605,243.21352673371865,190.46928322145632
CT,Neurosurgery,19745.0,509,1057.552182831296,199.16595695115123,155.3256383893813
RI,Anesthesiology,19703.0,535,704.8070659292297,85.70116987262823,67.43707607975206
MS,Pharmacy,19688.0,272,132.55101178409865,89.22224299034006,83.47958756573216
ND,Interventional Radiology,19657.0,368,479.00850842001125,57.26954927000854,46.67334028586724
MT,Allergy/ Immunology,19651.0,56,49.09893593192234,23.858412294649863,18.18111800935358
VT,Neurology,19631.0,309,221.27040446250513,80.14684835211065,59.42798736690713
OH,Thoracic Surgery,19615.0,568,1334.2282645949729,325.4322916137462,255.52171093563496
DE,Plastic and Reconstructive Surgery,19602.0,176,617.5324002657215,418.96200234801086,331.12245383081597
AK,Neurology,19555.0,192,597.527694195523,96.54214778832235,72.08902735890004
AZ,All Other Suppliers,19542.0,1,60.683926927,55.026516220999994,43.519955992
MO,Osteopathic Manipulative Medicine,19525.0,100,67.32274007663145,42.84780435344834,31.198582330364335
ME,Nephrology,19515.0,260,305.86724314658375,142.48106840879078,110.8385016652013
TN,Opioid Treatment Program,19459.0,53,163.90187316930758,159.4666236704841,155.41741918830192
CT,Critical Care (Intensivists),19421.0,273,366.84173935459296,110.98452396912258,86.54905463175342
NH,Interventional Radiology,19402.0,312,310.2407339452943,35.00671683343218,27.09490877233199
PR,Pathology,19386.0,254,84.57543949231429,57.3596899824991,44.1728051171167
PR,Pulmonary Disease,19386.0,345,112.05224233989127,86.5076338594707,64.82284019394257
NY,Cardiac Surgery,19338.0,410,2137.701651669928,324.8486927290548,257.4665973736388
NJ,Advanced Heart Failure and Transplant Cardiology,19336.0,142,310.59965866761297,98.35690525444937,75.64984484946929
HI,Psychiatry,19319.0,154,228.41652621838222,102.9565810859591,76.46746104902749
NE,Pharmacy,19177.0,126,85.06403504243401,72.33569692877768,72.33569692877768
AL,Licensed Clinical Social Worker,19110.8,166,183.91964177367564,80.92365154757813,60.61321033136225
MD,Licensed Professional Counselor,19074.0,162,164.2332054104452,82.80256002933768,64.2824006500853
PA,Sleep Medicine,19065.0,324,324.96143509051365,110.03566483065116,82.08294151583789
WA,Micrographic Dermatologic Surgery,19037.0,136,533.5355329067967,264.37567526413676,208.90269370189833
FL,Addiction Medicine,18987.0,61,154.86855743439878,60.53256228033535,46.03250855848311
NC,Hospice and Palliative Care,18864.0,262,294.17821352829964,100.26318278203928,78.64248939784717
SD,Clinical Cardiac Electrophysiology,18832.0,174,204.83897461769996,74.77531329652567,57.00806074768488
KS,Interventional Pain Management,18813.0,168,317.75306330715904,64.471858821124,49.307734545242624
VA,Opioid Treatment Program,18702.0,68,272.3538669660855,177.0247273021666,172.74880226657012
NM,Licensed Clinical Social Worker,18579.0,106,160.6509381565067,94.50524516936068,71.84467409437899
OR,Neurosurgery,18571.0,491,883.6064250721968,228.0428840668431,176.0137714715496
MI,Colorectal Surgery (Proctology),18547.0,486,386.88485307607016,126.26784709125272,99.90702431641981
NJ,Osteopathic Manipulative Medicine,18544.0,95,219.87468453430802,65.63765584551153,50.20962952995043
OK,Pharmacy,18391.0,259,116.48299929331957,74.43483606123696,74.43483606123696
NE,Neurosurgery,18366.0,362,582.4854029178426,145.37524774042737,112.82876075371092
DE,"Psychologist, Clinical",18365.0,115,175.71915273600806,116.58838170422221,90.10902695345533
PR,Emergency Medicine,18361.0,267,1011.8296193011687,127.36037307327899,98.41998692890175
DE,Obstetrics & Gynecology,18349.0,319,177.9514017110818,62.854530492127765,49.56516976401672
SC,Pharmacy,18345.0,166,83.17985336609517,70.151065140204,65.06778958839043
VT,Physical Medicine and Rehabilitation,18321.0,83,166.98780088439577,51.4318661647572,38.107219584132444
HI,Infectious Disease,18317.0,90,181.7258737788521,102.33680515336944,80.29922530973872
VT,Psychiatry,18295.0,202,199.5555025960768,88.47604755416923,66.09489532665873
AL,"Psychologist, Clinical",18194.0,168,152.63781411440695,86.27568044412642,65.87590139599615
VT,Clinical Cardiac Electrophysiology,18152.0,176,187.28500991630932,52.699151057778295,39.019664499735256
NE,"Psychologist, Clinical",18139.0,149,220.57295495891802,87.2213038206115,66.40041016546219
LA,Pharmacy,18120.0,333,89.14688134660902,68.37886534231991,68.37886534231991
NH,Opioid Treatment Program,18051.0,35,362.55702343341534,204.86010636521783,200.20856185221734
MI,Speech Language Pathologist,18046.0,74,131.40107336808978,53.81279674168959,42.12611326599874
MN,Opioid Treatment Program,17962.0,40,239.1804091968658,176.0271450854124,172.25856140731844
VA,Portable X-Ray Supplier,17939.0,66,80.96025921165996,45.08397792552069,35.11422152839887
MT,Gastroenterology,17919.0,342,596.1029694733965,140.36072939309946,114.08712316541242
WV,Vascular Surgery,17906.0,304,251.52394337087415,69.41145537815095,52.40240478039151
NJ,Registered Dietitian or Nutrition Professional,17880.0,132,74.49129921696263,31.17642841160565,30.926251677829416
PA,Registered Dietitian or Nutrition Professional,17856.0,173,75.11364639333553,30.968465501758565,29.056322804612456
VT,Radiation Oncology,17804.0,144,1193.5474472090887,129.55359806794834,101.84414682102668
WY,Interventional Cardiology,17796.0,180,783.1635946292572,90.14141548671049,68.83174140256112
MD,Registered Dietitian or Nutrition Professional,17783.0,138,76.98673283479486,30.844340662380645,28.399108136956812
NC,Opioid Treatment Program,17762.0,58,251.98749971860553,182.6819581124661,177.96509008033337
WI,Portable X-Ray Supplier,17760.0,64,83.13090596836834,53.101398648176385,40.38083277049894
DE,Interventional Radiology,17721.0,155,466.1623926412611,94.35496868189925,74.31228542396967
MS,Audiologist,17659.0,151,82.91774392680118,27.78829831814018,19.815471430977407
KY,Critical Care (Intensivists),17638.0,308,342.48699399045285,114.73193219184542,90.29165494926808
NE,Licensed Clinical Social Worker,17578.0,137,198.1480054616118,90.48112868356388,68.00181135504772
DE,Pediatric Medicine,17576.0,18,6.684930018202549,2.5622280382550295,1.9776507737673075
ME,General Surgery,17538.0,542,357.62702132510964,115.20979416111281,88.46248431980301
ID,General Surgery,17526.0,583,473.7346279812671,138.62359808287414,106.88309939531987
AK,Gastroenterology,17471.0,222,839.944470836518,114.96615305357295,91.86396371123908
NV,Vascular Surgery,17453.0,206,598.6124265170043,224.18651807684844,175.0169701483878
ND,Certified Registered Nurse Anesthetist (CRNA),17429.0,552,1087.0325578047105,109.33770267935299,86.69703540081898
AZ,Geriatric Medicine,17425.0,188,206.05625710183708,90.85219225219129,68.80142611196065
SD,Psychiatry,17419.0,152,140.8915018082515,90.16802744098266,66.62104942883121
KS,Hematology,17417.0,101,177.82132399392194,77.20165700123385,60.25567434074749
WV,Centralized Flu,17372.0,262,81.47432189733156,76.74362940352792,76.74362940352792
HI,Endocrinology,17355.0,83,160.65594295594005,64.60230308271929,46.74710515697973
CA,Undersea and Hyperbaric Medicine,17303.0,71,640.0408056387583,351.97226723987563,279.60096284171976
KY,Pediatric Medicine,17256.0,216,167.90477341219142,60.13357151149233,47.21548852571088
SD,Centralized Flu,17248.0,100,80.36214517621075,76.58605055664576,76.58605055664576
IN,Geriatric Medicine,17247.0,190,188.20617208792456,95.46526526354876,72.27044587474875
ME,Clinical Cardiac Electrophysiology,17238.0,209,217.4358829330106,59.83049483715011,44.50875623625586
WA,Nuclear Medicine,17079.0,206,226.4433280633717,62.441333801784836,48.457034955091785
HI,Allergy/ Immunology,17058.0,51,51.12474498761467,27.537894243189804,20.083886153157856
AZ,Colorectal Surgery (Proctology),17048.0,370,389.7801448851835,138.72853824486808,105.52269591747566
NH,Vascular Surgery,17010.0,383,390.3313368610945,71.51819400349495,53.638767783611314
AL,Audiologist,16958.0,211,58.69951409363687,27.679651491987144,19.702707866538855
NC,Sleep Medicine,16940.0,191,258.7152154663353,93.88510684780334,68.5421103897241
MN,Speech Language Pathologist,16888.0,170,278.75030021318435,80.54203043581467,62.36278008043007
VI,Nurse Practitioner,16874.0,76,66.2668804078408,24.947776461087393,16.86418276640672
IL,Colorectal Surgery (Proctology),16849.0,461,549.4603353316776,120.56417116743279,93.3440115141745
MT,Psychiatry,16807.0,185,212.81461474393274,91.78801451814556,67.54779972634947
UT,Licensed Clinical Social Worker,16807.0,175,217.1243565180507,95.44616290857066,72.24236687100442
ND,"Psychologist, Clinical",16753.0,128,157.1168745896039,77.6204661849168,59.379267593970695
ME,Certified Registered Nurse Anesthetist (CRNA),16745.0,575,873.1949973128069,103.78838877253894,82.30903553294378
AK,Advanced Heart Failure and Transplant Cardiology,16739.0,77,314.9665923904454,60.834087460530654,46.15774239778671
LA,Speech Language Pathologist,16732.0,48,90.78141465455965,45.516775639501255,35.8410297633115
UT,General Practice,16708.0,103,64.3537395259778,34.327816614711715,26.867621498695
SD,Endocrinology,16656.0,134,153.51564601362603,69.07947646493965,50.36608069166406
DE,Speech Language Pathologist,16654.0,57,100.37101357025435,48.36590668914483,37.93345382495911
ME,Osteopathic Manipulative Medicine,16647.0,177,162.53637772588198,73.89273442651749,55.53267555718943
IL,Nuclear Medicine,16639.0,119,893.3783117977018,316.7284085587588,252.18010998478033
CO,General Practice,16632.0,182,139.14893037513252,63.24704665679107,47.00364057236113
KY,Speech Language Pathologist,16610.0,82,113.66996387683119,62.43315412402806,48.82010776639157
MS,Interventional Pain Management,16604.0,173,457.95649060491866,97.46417369312178,77.57557817371841
AA,Diagnostic Radiology,16582.0,176,285.007347726499,32.038594861927116,24.887720419750845
OH,Colorectal Surgery (Proctology),16544.0,501,468.87839579304693,122.85795152309518,94.38861279009329
NH,Geriatric Medicine,16529.0,130,219.7482733378784,88.93617762701106,68.42975437104498
CA,All Other Suppliers,16509.0,4,42.27997092454661,41.59754861019837,33.14332000772366
OK,Vascular Surgery,16498.0,380,425.8042811252298,122.28612862168099,93.43490665548653
MN,Neurosurgery,16413.0,497,1620.3450027403587,227.60410101762147,179.23204837611559
NC,Neuropsychiatry,16384.0,38,48.27026916513855,22.498351440509705,16.256040649397708
AZ,Maxillofacial Surgery,16360.0,66,109.55158007338459,56.20659413233648,43.303781784799895
MA,Speech Language Pathologist,16344.0,85,152.69115210458645,68.04819383263815,52.98791605471714
AR,Speech Language Pathologist,16288.0,61,130.8106133347354,66.224867387007,51.97263445467872
NE,Advanced Heart Failure and Transplant Cardiology,16119.0,158,235.166716297531,79.82823872434794,58.783096966349135
VT,"Psychologist, Clinical",16118.0,79,171.5457333415242,114.45285953646538,87.48701451793883
IA,Advanced Heart Failure and Transplant Cardiology,16086.0,143,185.16932923037461,48.75906564714227,36.67627440012992
MN,Geriatric Medicine,16085.0,245,255.5412154180021,92.21461237148526,69.80967485246357
UT,Certified Registered Nurse Anesthetist (CRNA),16037.0,495,906.0273280538348,121.23799401399414,97.49960092309473
OH,Hematopoietic Cell Transplantation and Cellular Therapy,15988.0,68,172.68761821369122,42.63259382033529,33.32845946968443
HI,Sports Medicine,15971.0,71,112.10967691453772,35.75638094036559,26.63427587502727
IA,Audiologist,15960.0,189,88.32234335822055,28.326836466172807,19.79658709267205
OR,Critical Care (Intensivists),15941.0,247,454.1646653289115,115.67081174305743,89.52801204424723
NE,Pediatric Medicine,15928.0,26,50.990733927856105,35.41250502249595,27.793028628952346
RI,General Surgery,15921.0,345,364.51972991654696,105.20598831722556,81.54806105146403
MS,Licensed Clinical Social Worker,15901.0,82,196.93493553950807,93.11616879486935,71.4416300861929
WI,Pediatric Medicine,15790.0,217,217.20451931585603,64.06739075344495,51.387868271019585
KY,Geriatric Medicine,15787.0,143,267.2130373090098,118.95191359975685,99.20317223038958
NJ,Certified Clinical Nurse Specialist,15782.0,100,190.93277658084875,88.96718603445514,66.71693004688042
NE,Speech Language Pathologist,15770.0,73,140.85831325383768,72.32595688008523,56.549322764738875
ID,Licensed Clinical Social Worker,15770.0,135,169.11534876315508,89.42476854820677,67.59369118580783
MA,Colorectal Surgery (Proctology),15743.0,394,532.8036600399969,128.83192339463997,99.6843187448498
ND,Physical Medicine and Rehabilitation,15729.0,136,212.05511984321916,70.00459151890234,54.32594634112102
AK,Psychiatry,15709.0,130,292.9850964421872,121.59364377147358,92.71199949029376
NV,Certified Registered Nurse Anesthetist (CRNA),15705.0,383,1285.6350595394085,133.60534161126563,105.97400318386393
NE,Audiologist,15694.0,229,98.94406907093028,31.0177736714386,21.588062316761267
ND,Pulmonary Disease,15692.0,232,274.27478842728505,72.38790593940685,55.85423591639392
MI,Micrographic Dermatologic Surgery,15684.0,121,439.02233550202226,200.33591685838294,155.13486546789824
NC,Registered Dietitian or Nutrition Professional,15640.4,131,79.63843827520542,27.581387944056083,26.4652099690915
GA,Thoracic Surgery,15594.0,400,1166.2777395161438,300.0198422467163,236.9172040527289
IN,Opioid Treatment Program,15550.0,35,228.68895434122817,200.53062443652243,195.9520533746333
VT,Pain Management,15548.0,53,73.3298263442179,19.052132106977258,13.756896706964524
MA,Registered Dietitian or Nutrition Professional,15522.0,125,101.33710990881349,31.881741399312652,30.55705128206797
AK,Podiatry,15492.0,170,239.55931448490537,83.97209527489892,59.655487993762804
RI,Vascular Surgery,15430.0,204,549.8306623461847,119.75773169166546,91.64221062866146
WY,Licensed Clinical Social Worker,15400.0,97,193.0388058440187,97.37997922044902,73.48468896104026
ND,General Surgery,15297.0,413,499.87982610941765,136.6822422693609,107.42452572413443
RI,Certified Registered Nurse Anesthetist (CRNA),15294.0,343,850.0189146074155,79.40007584673961,63.396550935037816
NM,Infectious Disease,15274.0,103,169.13436689816226,65.80904150831464,51.859289642290165
DE,Interventional Pain Management,15183.0,123,474.65275373892496,104.41592504726715,81.42981228997823
UT,Hand Surgery,15182.0,209,189.53055987358113,68.99432749321922,51.50823672772387
DE,Audiologist,15131.0,87,77.21214989104857,28.255825788122664,20.24416628109284
TX,Opioid Treatment Program,15098.0,33,174.21974499944523,140.06351768456534,136.86139289996154
SD,Hand Surgery,15090.0,146,253.19147846227276,70.78111464548665,53.62607223337485
ME,Hand Surgery,15085.0,118,68.83142724562826,27.10099370231363,19.738314219467888
RI,"Psychologist, Clinical",15014.0,161,200.97064206735206,95.71611695738918,74.035173838205
KY,Addiction Medicine,15003.0,28,36.09193694594414,22.480624541737143,16.712282210267453
VA,Cardiac Surgery,14995.0,151,324.8684381458002,111.71560253422128,86.82670690202873
VA,Hospice and Palliative Care,14947.0,239,289.10891617057587,113.66615708884245,88.83994045612249
UT,Portable X-Ray Supplier,14905.0,81,110.59249781948554,66.74775981245048,50.16738477002829
SD,Allergy/ Immunology,14819.0,48,37.983246507770524,19.644625143212505,14.209251636470478
IL,Opioid Treatment Program,14774.0,36,203.5544030052419,192.43720725655078,188.7445850821961
NM,Opioid Treatment Program,14755.0,20,170.7371731617468,137.00530125405515,134.3808268386215
CT,Micrographic Dermatologic Surgery,14744.0,140,750.9267335869212,260.8371764794324,202.5041616928679
NE,Interventional Pain Management,14734.0,60,100.75480792729293,26.076674358661275,19.58311185024158
IN,Colorectal Surgery (Proctology),14710.0,399,502.4661176071515,134.1720258328944,105.81518830714337
DE,Hand Surgery,14706.0,70,220.4553923575444,57.14480144154462,42.24035359714056
CO,Osteopathic Manipulative Medicine,14681.0,168,233.37093726586266,82.3169021186035,61.03030175055011
PA,Gynecological Oncology,14672.0,300,326.9920978731727,124.51110278084481,94.03934773726445
MS,Neurosurgery,14614.0,342,765.918719038881,166.173569180605,128.1870706170632
UT,Osteopathic Manipulative Medicine,14587.0,72,1399.5558010386067,45.31153904159577,35.56277507363136
HI,Interventional Pain Management,14583.0,47,78.3270877047986,45.98539120883915,34.845880820076125
DC,Vascular Surgery,14548.0,233,491.72664833695745,167.77047085551024,130.58233296703665
ND,Gastroenterology,14478.0,272,882.7460201693267,124.56749965466561,99.62270341192858
PA,Pediatric Medicine,14475.0,162,180.97061623491453,68.28275233171468,50.5876849741212
VA,Pediatric Medicine,14462.0,193,161.98544184761886,65.79065412818989,49.9486481814355
DC,Geriatric Medicine,14424.0,152,204.4167415418151,102.19329936256402,78.04554839163661
AZ,Undefined Physician type,14373.0,149,376.6730473797096,138.3338968902844,106.44402629935111
ND,Psychiatry,14343.0,159,331.0205326633175,86.48422784617095,64.0935097259504
WY,Physical Medicine and Rehabilitation,14340.0,87,195.87023570436872,75.0519358437795,58.47952092059347
SD,Sports Medicine,14307.0,69,40.18433773672458,21.711642552493707,15.971557279641301
ME,Opioid Treatment Program,14302.0,31,273.23261362114613,198.10621731134492,193.46530555159293
CO,Plastic and Reconstructive Surgery,14282.0,225,492.5175409606412,167.74172454866076,127.9168155719862
MA,Nuclear Medicine,14252.0,115,223.47523154619964,48.14383805819742,36.20617457199914
CO,Sleep Medicine,14195.0,123,138.3009524480021,50.99601972518584,38.55179711167897
VT,Opioid Treatment Program,14163.0,24,190.72537103660974,177.01654310484855,173.05800254186417
KS,Plastic and Reconstructive Surgery,14067.0,201,177.52383379542226,64.77814601534419,47.965036610667035
RI,Interventional Cardiology,14065.0,193,315.5973835765279,101.44479274791301,77.32098471387488
WV,Interventional Radiology,14023.0,324,240.27547600359588,58.178523853766805,44.98899450906646
AL,Advanced Heart Failure and Transplant Cardiology,13998.0,117,201.95007143890697,66.64881768835754,50.03565509374721
NC,Gynecological Oncology,13994.0,255,286.95071101919524,105.17799842797368,78.77927683282785
PA,Licensed Professional Counselor,13973.0,158,173.6425957205267,80.92472983613848,63.51458169324298
FL,Peripheral Vascular Disease,13946.0,186,2587.0896701591846,708.063378028801,560.6150903487018
RI,Clinical Cardiac Electrophysiology,13934.0,134,199.08972656789666,64.3868645041718,49.16507607290183
DE,Sports Medicine,13882.0,39,121.58910747741383,32.05783028381048,24.341705806067548
MT,Medical Oncology,13874.0,69,174.98327807433495,75.76601052305261,56.925933400512974
NY,Geriatric Psychiatry,13864.0,58,356.1293659839579,85.74146783087758,65.51757789974697
NM,General Practice,13850.0,122,119.32301949444258,69.4326440433298,50.841659205749465
MI,Advanced Heart Failure and Transplant Cardiology,13837.0,282,215.31264002304553,81.92494615864311,62.281583435778224
NH,Audiologist,13811.0,129,132.83888856718724,29.153256824270002,20.12971978857835
IN,Sleep Medicine,13795.0,162,231.71322943097996,96.32505328005335,70.40390141350095
DE,Pharmacy,13786.0,60,95.44153416485659,78.86903815454018,78.86903815454018
TX,Anesthesiology Assistant,13708.0,580,1232.9083578945665,91.40199664430536,72.0078611029574
WI,Plastic and Reconstructive Surgery,13695.0,295,626.5655567727582,122.00736181099515,91.42417816728369
MA,Oral Surgery (Dentist only),13687.0,141,159.23287206863083,45.734570760548216,34.06819244540877
ID,Endocrinology,13685.0,99,117.97888198789178,52.35031713558887,38.508011691624034
ND,Sports Medicine,13633.0,57,103.59719064020649,28.554621140011154,20.64047898484137
WI,Nuclear Medicine,13629.0,162,978.0412157885033,230.93957957257587,184.23790153330884
GA,Undersea and Hyperbaric Medicine,13627.0,75,619.2588243929154,130.3148704782118,102.96739781348946
HI,General Practice,13613.0,152,171.8755300087398,94.66185484500406,64.62718137075395
PA,Surgical Oncology,13580.0,293,412.2320603830537,151.38682474214758,115.21022974959918
MI,Sleep Medicine,13574.0,257,291.3914984527303,110.33882864322888,82.68515102395602
UT,Plastic and Reconstructive Surgery,13564.0,50,83.44858964894102,41.952887053687554,33.06564656434276
VA,Colorectal Surgery (Proctology),13489.0,373,452.2002135068972,154.11847727792625,119.11569575206242
IN,Cardiac Surgery,13488.0,210,758.682472567267,158.04987692799406,121.30604092522404
ND,Vascular Surgery,13485.0,184,128.38718946988809,25.45437671480156,18.909230255873965
CA,Neuropsychiatry,13455.0,132,343.1212939426165,112.50783946476463,85.53446005241206
MS,Plastic and Reconstructive Surgery,13447.0,251,374.6314211342585,108.98069011682169,81.98373986765968
IL,Licensed Professional Counselor,13432.0,167,196.11502456825494,89.13251637899255,69.87308070281031
LA,Micrographic Dermatologic Surgery,13412.0,124,482.32625186618753,202.67032135396173,157.77235758996807
WA,Hospice and Palliative Care,13353.0,169,225.02405227281113,94.08454804201745,73.56671908946056
DC,Plastic and Reconstructive Surgery,13296.0,182,580.3008874850462,185.44702391667818,146.00925917599815
PA,Cardiac Surgery,13295.0,321,922.2862271535191,243.9595065817738,191.38647912793175
ID,Psychiatry,13293.0,188,201.43713608628894,85.6987294064364,64.41376137817679
PR,Nephrology,13269.0,193,123.07160147712489,102.77825910049451,78.83087346455663
NH,Clinical Cardiac Electrophysiology,13212.0,164,968.257417501326,82.43208976669675,62.66482818658042
CO,All Other Suppliers,13209.0,12,3054.829855474572,2135.848230753646,1692.0629805350125
CO,Pharmacy,13202.0,139,162.7816209665981,82.0385774880403,82.0385774880403
IL,Pharmacy,13169.0,156,109.340640140125,74.88360543711474,74.88360543711474
AK,Nephrology,13149.0,91,782.8636900147297,193.6523804089952,148.97728192243758
ME,Allergy/ Immunology,13143.0,54,38.90612949864148,16.39044662563048,12.153373658874564
TX,Osteopathic Manipulative Medicine,13123.0,88,221.52466280581294,86.46013640105511,65.37580278905207
VI,Medical Oncology,13086.0,23,167.9907679963277,28.638367720807608,21.98685923879784
GU,Physical Therapist in Private Practice,13037.0,39,46.983151798765135,26.458790365929456,20.571481935971388
OH,Gynecological Oncology,13032.0,268,375.8713704727095,114.38327654996193,87.27752915891168
IL,Hospice and Palliative Care,13032.0,241,287.43764656246907,109.27991789450147,85.68860343774294
AK,General Surgery,12988.0,381,1058.284498767322,167.04190098513706,128.37589159261984
WV,Obstetrics & Gynecology,12986.0,290,157.50954643468873,66.1067334051228,51.08915139383273
IA,Sleep Medicine,12980.0,92,251.64463790448679,85.72807550138126,62.98887673354244
MD,Gynecological Oncology,12965.0,188,503.99530890762105,149.3859907443924,112.67182259957421
HI,Centralized Flu,12837.0,114,85.01532834800335,81.70407260282612,81.70407260282612
OH,Anesthesiology Assistant,12803.0,527,967.1625736163267,91.52356557067452,72.43495743177857
AZ,Opioid Treatment Program,12778.0,36,212.1060698073027,165.51249491346363,161.8652480820721
MA,Radiation Therapy Center,12758.0,27,1426.3991221193432,234.6408661241292,186.4383657313322
NE,Micrographic Dermatologic Surgery,12741.0,109,357.567686994958,94.127314182524,69.9529981947588
NH,Hand Surgery,12735.0,107,283.80078523730225,82.33391990592516,63.28902473502274
HI,General Surgery,12699.0,261,409.1502519880753,156.80404362543533,122.08983857056012
IN,Certified Clinical Nurse Specialist,12691.0,138,142.54413127432426,67.339909384407,49.00985737924087
IN,Hospice and Palliative Care,12669.0,234,224.20875365058112,93.85102296935946,72.15683400437479
ME,Vascular Surgery,12655.0,294,353.8175811931769,98.51880047438712,73.73326037154904
HI,Vascular Surgery,12568.0,175,797.4885439205358,263.76889322148577,206.2094143860861
GA,Colorectal Surgery (Proctology),12554.0,372,488.41619563485665,140.92035526498503,107.92896447352047
PR,Nuclear Medicine,12525.0,95,134.41810618727638,115.62975568857986,91.11521836372098
VI,Internal Medicine,12474.0,112,286.8623136124779,108.33215808941263,78.96072069930878
IN,Thoracic Surgery,12467.0,403,1344.6702478543252,280.4063960853237,220.36646266096372
WY,General Practice,12447.0,57,69.44283763153004,44.55476741413778,32.689656945504936
AK,Clinical Cardiac Electrophysiology,12437.0,159,1025.6401865406522,139.12449304402395,107.73151965895205
AZ,Registered Dietitian or Nutrition Professional,12436.0,101,54.92797523324301,27.841713573503537,27.82367079447467
SD,Hospice and Palliative Care,12429.0,105,94.742320379438,41.34839166464478,32.61442433007616
ID,Audiologist,12408.0,183,77.39469455193706,29.39872743388356,20.273336557109243
NY,Undefined Physician type,12381.0,96,503.4379718935417,153.33863419642606,121.13052015215892
NV,Sports Medicine,12361.0,111,334.7445999514607,70.81924844275416,53.68604400926864
WV,Opioid Treatment Program,12281.0,32,181.27936487304777,177.35712564119592,173.38617702213156
SD,"Psychologist, Clinical",12135.0,120,164.42915863221012,99.19044581755526,75.45199011095204
XX,Internal Medicine,12097.0,51,172.72365049170375,126.44792179909527,98.99044639276755
AL,Speech Language Pathologist,12090.0,54,86.38095450789643,44.85361703877974,35.282593879177995
WY,Centralized Flu,12086.0,70,81.00246483535231,77.66558497404749,77.66558497404749
PR,Family Practice,12077.0,152,164.10700505148188,83.07807816522718,58.636030471216145
GA,Sleep Medicine,12074.0,126,318.77198277298766,111.24160344496869,81.55838495945576
PR,Centralized Flu,12061.0,263,80.18932343939426,77.09155376838214,77.09155376838214
WA,Pediatric Medicine,12056.0,176,170.52356337079644,62.799043629731315,50.08637276059528
DC,Critical Care (Intensivists),11997.0,160,594.032808201733,166.5985429690942,131.80009168974635
WI,Opioid Treatment Program,11997.0,23,244.59969825808952,226.15546136452627,221.2709460712564
MI,Thoracic Surgery,11990.0,395,1039.2403961636517,297.7267197661647,234.94993077554858
ID,Vascular Surgery,11989.0,298,362.2376128119038,104.72159312709442,79.75634248077805
IL,Preventive Medicine,11974.0,17,154.49712293474968,102.83421329838275,79.52626941710088
WY,Hospitalist,11925.0,121,286.5705610064864,92.03961425607403,70.65967631039678
NM,Audiologist,11898.0,158,75.97881324583669,30.886005210992167,21.55358211460269
OH,Osteopathic Manipulative Medicine,11807.0,113,246.99087236198812,112.86187092379177,85.27416786645327
PR,Otolaryngology,11802.0,229,130.49377478398992,88.78049398425394,62.827943568905816
TX,Home Infusion Therapy Services,11782.0,7,64.91506365639376,25.997007299219113,20.55311661868273
TN,Cardiac Surgery,11772.0,274,970.3510762828765,290.30593187191397,228.45026928313047
VA,Thoracic Surgery,11772.0,331,1144.3627463471937,337.4107033645792,266.21016989470615
NC,Hematology,11760.0,149,228.6342687075846,88.62820748289703,67.29326785724992
MA,Micrographic Dermatologic Surgery,11731.0,150,923.0908899558207,263.1898457082422,205.69792345063496
NJ,Hospice and Palliative Care,11721.0,175,290.08583141357525,99.08998805575355,75.98561129584128
WY,Gastroenterology,11714.0,129,1154.5985666741,103.99103636633653,82.00529451945143
NM,Hematology,11672.0,5,15.619889479106751,4.529747258478753,3.4480260453099727
SC,Thoracic Surgery,11655.0,319,827.2242299439345,216.79952037733568,170.21941312671547
AL,Pharmacy,11648.0,299,90.53714972518733,65.19348643550815,65.19348643550815
MT,Public Health or Welfare Agency,11633.0,73,95.8527095334992,71.20808046096391,70.879003696569
WV,"Psychologist, Clinical",11623.0,138,186.43732771240818,93.23706530157378,71.29257248575256
OK,Licensed Professional Counselor,11601.0,116,112.7083061806408,67.8757141625271,53.26743728990846
HI,Physical Medicine and Rehabilitation,11582.0,131,197.7227162835834,90.14140476631307,68.39606112919442
CT,Portable X-Ray Supplier,11571.0,45,95.82966295096266,56.515237230825804,45.013012703741445
GA,Portable X-Ray Supplier,11548.0,37,171.01124004152408,74.63399116640561,59.10683927969025
NV,Speech Language Pathologist,11530.0,54,270.0065290545906,67.52676582831161,52.78584995666842
HI,Critical Care (Intensivists),11494.0,197,341.80933356510786,143.241395509849,112.27431703477978
MI,Hospice and Palliative Care,11484.0,191,241.46666927889123,103.7687304074352,80.41698711250993
NC,All Other Suppliers,11456.0,17,447.24489700801234,390.07659566959796,314.6045801338059
IA,Neurosurgery,11456.0,274,1009.5239158532664,190.34764839344354,148.80176588706868
ME,Geriatric Medicine,11447.0,170,206.10100550361383,86.84559622612828,65.0228575172885
NC,Thoracic Surgery,11417.0,371,1221.8912078477995,265.968858719359,209.57928264911857
KY,Pharmacy,11391.0,208,134.460685629166,72.83515319107374,72.83515319107374
LA,Critical Care (Intensivists),11381.0,167,492.4762736138063,123.03346278904036,97.34868816420327
MT,Audiologist,11355.0,130,92.05697313997463,31.648745926986702,21.53303566714132
FL,Oral Surgery (Dentist only),11296.0,153,286.2988925283975,118.42133321540342,88.90393325078122
OK,Advanced Heart Failure and Transplant Cardiology,11287.0,115,168.2835120050955,59.68818197949565,44.402123682111046
SC,Opioid Treatment Program,11269.0,38,276.52915076746746,171.2617987409132,166.40849942331945
MS,Mammography Center,11264.0,5,336.8810369317569,78.9606551854643,75.28413529919611
MI,Hematology,11256.0,180,185.2896197581289,93.31935323357108,70.98473880567057
TN,Sleep Medicine,11221.0,168,351.86671330591935,112.90738436806362,85.66686213333469
OK,Critical Care (Intensivists),11146.0,144,364.54630809316177,129.10889467065059,101.20030145329115
KY,Certified Clinical Nurse Specialist,11100.0,105,125.15522522482803,57.405969369302355,42.35873513519203
GA,Pediatric Medicine,11096.0,90,97.24852198997577,29.8043646359825,21.010205479516536
CT,Radiation Therapy Center,11095.0,37,1004.0030644456818,214.55769085115372,170.72536728370608
NM,Sports Medicine,11087.0,74,199.80817624264603,52.48386218093094,37.849927843499394
AK,Otolaryngology,11049.0,153,405.98980993746324,114.53991763980054,81.94000633527463
WV,Geriatric Medicine,11044.0,54,53.27770554128929,34.59510322332671,26.730428286863845
UT,Public Health or Welfare Agency,11041.0,59,70.41610451967729,66.82153880968436,66.82153880968436
KY,Sleep Medicine,11021.0,143,258.752801923532,101.12152889880545,75.36745939569239
WY,General Surgery,10975.0,298,775.5098469247293,158.12594532925723,121.61649749369923
NJ,Home Infusion Therapy Services,10958.0,13,142.18243110030897,98.24954918787898,77.40202774225625
AL,Plastic and Reconstructive Surgery,10957.0,210,374.86315140939536,177.92470384237274,137.79476864107735
AZ,Thoracic Surgery,10945.0,291,922.9706624017731,269.31544358146755,211.9915130194012
RI,General Practice,10945.0,45,85.5286751944349,26.35676016435028,19.88295660120855
WY,Public Health or Welfare Agency,10933.0,76,67.95654440696332,65.59265160509933,65.59265160509933
ND,Pain Management,10901.0,130,300.13934226188735,73.80943032776838,55.84666544342474
LA,Medical Oncology,10888.0,93,201.78177810437268,78.61277736962762,59.781467670844556
VT,Allergy/ Immunology,10888.0,20,33.42748438648053,15.596442872992029,11.046148052875843
AL,Micrographic Dermatologic Surgery,10871.0,93,510.10186275358996,211.83339803139046,166.35739398458634
SD,Infectious Disease,10868.0,129,189.48663415530052,101.9155401177741,79.02930714018366
ND,Rheumatology,10852.0,57,117.88702543336547,62.39422594897301,44.147574640625876
OR,General Practice,10827.0,146,249.0879514177568,86.18247621710307,62.240742588050516
NH,Infectious Disease,10793.0,157,352.27108403511136,103.83796998059195,80.96548781616603
AL,Thoracic Surgery,10694.0,293,964.7668945200012,253.12881054819428,198.9359173367857
TN,Advanced Heart Failure and Transplant Cardiology,10661.0,136,240.15476972123204,95.17151392931221,72.65249788941952
OH,Licensed Professional Counselor,10644.0,139,189.97036734303174,91.28580984614487,71.16100056372069
OH,Surgical Oncology,10612.0,308,466.2311232570679,151.72716735778883,116.37359498686176
PR,Gastroenterology,10579.0,339,137.02752623139153,113.69911995461979,82.96784289635093
IN,Plastic and Reconstructive Surgery,10575.0,210,390.73565957419453,106.4730326241355,80.24463640670868
VT,Anesthesiology,10537.0,389,857.861002182156,117.79912403923821,91.85083894843476
AZ,Pediatric Medicine,10528.0,102,154.216290843365,63.30439114720312,49.765874810181714
ND,Urology,10497.0,196,525.1733495285216,104.61033533402922,77.41708869194566
VT,Interventional Cardiology,10494.0,109,293.40012864517075,69.80754716971721,52.790108633458026
MA,Geriatric Psychiatry,10481.0,57,184.4660814805946,95.78744490054784,74.59606907758659
UT,Infectious Disease,10469.0,109,157.1679711527204,66.14848314089923,51.44907727576377
DE,Certified Clinical Nurse Specialist,10459.0,75,176.42407304722116,83.2060263891005,61.18170092733027
GU,Nurse Practitioner,10448.0,130,213.085837481791,95.31042783334343,70.26546037533006
MS,Hand Surgery,10425.0,67,291.4948460437726,79.95826378923199,60.053706474730596
HI,Pulmonary Disease,10418.0,140,222.37666730657028,98.73840468389822,72.09210597024158
WI,Registered Dietitian or Nutrition Professional,10415.0,96,153.2477542005426,37.54031973113192,30.770932309151856
MT,Hand Surgery,10375.0,101,220.4265407220819,75.80433060241474,57.051776385666116
IN,Advanced Heart Failure and Transplant Cardiology,10347.0,155,251.17510389475643,81.61291968714944,61.44461003210406
NJ,Gynecological Oncology,10322.0,197,467.35897016064905,128.70959407094432,97.47581379581266
NV,Registered Dietitian or Nutrition Professional,10319.0,33,60.8703042930438,27.164642891791836,27.164642891791836
PR,Endocrinology,10314.0,155,138.0240508045546,94.85763525287476,65.52789994178082
VT,Hospitalist,10299.0,113,253.10561510836084,93.85391979795219,72.9189775707216
SD,Undefined Physician type,10293.0,68,215.32784416626643,50.309863013858745,38.52158068581696
OH,Cardiac Surgery,10265.0,293,1887.3865026819985,317.7841256696313,250.50637213843987
AR,Vascular Surgery,10261.0,228,616.6708712600574,180.199583860986,139.62746710831618
VI,Family Practice,10255.0,88,159.00498683574392,75.43761677227555,50.28176401790688
MT,Pharmacy,10253.0,57,175.97110504259632,79.20948015237042,79.20948015237042
NM,Vascular Surgery,10233.0,165,327.5796247436112,76.46898661170634,57.20393139842525
MT,Certified Registered Nurse Anesthetist (CRNA),10229.0,176,703.9030902348013,116.24837325192355,93.74584416844138
UT,Pharmacy,10213.0,114,145.51852540920544,76.80925389237863,76.69311955378987
KS,Critical Care (Intensivists),10188.0,112,324.284187279258,106.30767373349157,81.99292500975481
VT,General Surgery,10179.0,280,444.8159082426211,103.30065330593845,79.43362805772547
UT,Critical Care (Intensivists),10159.0,171,328.52908061861564,101.08534698295057,79.48815729907419
VT,Pulmonary Disease,10136.0,156,249.156616022546,70.7350878056641,53.22735497232554
IL,Surgical Oncology,10130.0,281,674.8717798631491,184.84221125336734,143.1403563671
AR,Critical Care (Intensivists),10117.0,101,397.05293170004586,135.8839082737877,107.09186023485256
OK,Opioid Treatment Program,10105.0,10,172.131860463525,155.677032161627,151.41948837345265
CA,Geriatric Psychiatry,10086.0,69,449.1394140406593,105.89701467362157,81.32608962932242
WA,Osteopathic Manipulative Medicine,10033.0,121,184.25664008793257,82.99197249017,61.161360510361305
VI,Ophthalmology,10000.0,61,489.3458809995383,99.7404190003531,66.72756300006797
DE,Neurosurgery,9987.0,185,2160.356468404072,265.38839090873233,206.41412736537177
IN,Portable X-Ray Supplier,9981.0,52,71.31902314402393,53.39885682807726,42.06986574462227
FL,Geriatric Psychiatry,9975.0,38,168.8765774433672,92.77959899734857,70.0994796990389
KS,Hand Surgery,9957.0,82,269.1128351914622,73.10616651568559,54.27967058348408
CA,Addiction Medicine,9955.0,126,343.9656293320427,87.26501054720762,66.84103465579467
MA,Sleep Medicine,9936.0,148,377.16983594976085,115.98526972615136,86.49455112736413
IL,Radiation Therapy Center,9926.0,18,2992.7181140432704,467.10176506806476,371.4610437228132
OR,Pediatric Medicine,9923.0,43,98.70257684173485,24.6823642043272,18.25615841988445
ID,Sports Medicine,9917.0,124,159.74758495517045,51.1617616213259,37.04651608356972
UT,Geriatric Medicine,9900.0,85,168.19422020199573,70.22921818176125,54.12341212143378
CA,Dentist,9880.0,95,189.7266811744915,100.8648663964714,78.11166194325381
HI,Pharmacy,9833.0,55,102.78542662401567,81.04188548700336,81.04188548700336
AR,Pediatric Medicine,9793.0,100,108.36540590218222,45.591435719049024,34.88509037056103
RI,Osteopathic Manipulative Medicine,9780.0,46,218.59263803801173,42.30253987683287,32.91125460109449
CT,Certified Clinical Nurse Specialist,9720.0,78,154.4546965018825,81.12591049354023,60.39161831250905
ME,Audiologist,9715.0,122,90.20097684016028,27.68325270201869,18.946286155412082
OH,Peripheral Vascular Disease,9704.0,185,311.0188582029163,51.42001545756357,37.902315540048974
CO,Nuclear Medicine,9702.0,104,242.3552401571342,59.11526798565883,45.599037311934836
DC,"Psychologist, Clinical",9697.0,79,193.0959317316805,104.07894503507941,81.65738475764937
WI,Sleep Medicine,9686.0,146,490.5966219280714,89.47215568851868,64.25445798060312
UT,Vascular Surgery,9665.0,237,302.11434350768565,87.85405483683974,65.99217278832703
KS,Hospice and Palliative Care,9665.0,153,237.35710294861124,103.28354785290047,81.62998965314776
WY,Anesthesiology,9629.0,287,798.3439941864233,108.30018070461598,85.14712015779216
SC,Colorectal Surgery (Proctology),9599.0,233,427.4830492758298,132.5880800079923,99.6320845922219
VA,Peripheral Vascular Disease,9595.0,40,191.94634288683687,86.56923710291325,66.68083168313491
WI,Hospice and Palliative Care,9589.0,215,362.1369611011388,93.0079643340241,72.69357388675326
CO,Advanced Heart Failure and Transplant Cardiology,9583.0,123,265.39392674530256,65.06952937501624,50.092040070884984
DC,Licensed Clinical Social Worker,9569.0,60,170.30518549491106,95.37864667115133,73.61397011167405
DE,Opioid Treatment Program,9554.0,16,142.08196880898157,133.93799560452177,131.50846975191217
UT,Neurosurgery,9543.0,310,1250.427180130991,240.32084878952017,188.52391281605557
VI,Cardiology,9520.0,48,98.78039285750461,82.2204159672017,57.523610293557375
RI,Obstetrics & Gynecology,9520.0,262,185.87239705893782,75.92746113462907,58.133173319318566
NC,Licensed Professional Counselor,9469.0,134,188.4516844441804,84.3210011617255,65.60849086488007
SD,Interventional Radiology,9448.0,143,495.72004551343844,129.2157324300288,101.13995448734318
NV,Audiologist,9431.0,121,98.99930442155583,35.59391793028661,25.573707984328948
WV,Pharmacy,9393.0,53,71.87725859759907,32.8615532844134,29.323217289394112
MN,Registered Dietitian or Nutrition Professional,9389.0,100,157.50025561816423,41.71128128656971,33.26736606663074
IN,Osteopathic Manipulative Medicine,9351.0,145,192.0278109294983,82.41948240836138,62.90498449354985
RI,Plastic and Reconstructive Surgery,9337.0,47,138.10657277518175,40.778298168569954,31.399662632520606
MI,Preventive Medicine,9331.0,67,72.0151034188887,42.991053477647704,37.766192262320935
AK,Osteopathic Manipulative Medicine,9311.0,66,244.74383632274152,79.89174954321146,58.52818386842875
TX,Preventive Medicine,9272.0,93,324.618086712815,100.08367989653206,77.82044434881848
GA,Licensed Professional Counselor,9236.0,93,169.107794499335,89.89885123473029,70.48144326532068
ND,Advanced Heart Failure and Transplant Cardiology,9222.0,49,145.51618087193668,47.86377358471102,36.65652569944744
KY,Advanced Heart Failure and Transplant Cardiology,9196.0,163,269.8844062637264,90.84712048703466,70.14896694218045
TX,Oral Surgery (Dentist only),9182.0,162,400.98331409288596,134.5515029404915,103.27101611851435
AZ,Oral Surgery (Dentist only),9167.0,116,347.4080855244475,152.04226137132156,116.96632376989002
NM,Obstetrics & Gynecology,9132.0,245,199.50094502858684,86.3725580376632,64.13027814274626
MO,Cardiac Surgery,9111.0,218,1166.135495554996,290.07430907610166,226.84895730433158
CO,Opioid Treatment Program,9098.0,27,208.80815783753627,196.7308463386275,192.4327192789234
AK,Interventional Pain Management,9098.0,33,114.17366454165646,26.50654979079544,20.438401846437788
GA,Public Health or Welfare Agency,9067.0,195,75.24024594688696,73.03330870202603,73.02606264489538
GA,Cardiac Surgery,9065.0,155,948.3038356313343,236.20830446898947,186.75191064562503
NH,Osteopathic Manipulative Medicine,9064.0,74,177.80167475616076,72.9337875107224,55.71150044120024
GA,Certified Clinical Nurse Specialist,9056.0,74,170.5338692586598,74.64386373673659,55.706985424147035
GU,Ophthalmology,9040.0,64,593.0594966819217,172.18106858390564,124.23846238944267
MA,Surgical Oncology,9038.0,283,970.381417348024,207.72245076356927,162.11131444995496
DE,Nuclear Medicine,9017.0,87,344.6350815134829,41.064568037777285,32.19344904074976
WV,Speech Language Pathologist,9016.0,35,88.18861579363343,49.42346273280601,38.747874889210514
MD,Colorectal Surgery (Proctology),8949.0,185,520.0568923903487,171.92183148986535,131.8885327971561
ID,General Practice,8941.0,129,95.7948786490625,54.54518062848812,41.77350184531835
WA,Registered Dietitian or Nutrition Professional,8940.0,79,117.72549105161721,40.22676062641466,34.28584451907874
TN,Surgical Oncology,8915.0,220,524.6159899049687,152.23357038715525,116.46117891209806
MT,"Psychologist, Clinical",8877.0,84,180.82837670376983,104.78152866943708,80.82602005248869
MT,Vascular Surgery,8812.0,143,260.470778483782,95.05626532026653,71.8431820246744
RI,Critical Care (Intensivists),8804.0,82,407.2108655157918,124.72702294398741,96.95233870917713
AR,Licensed Professional Counselor,8792.0,78,172.44743630578617,66.46807893543426,51.544212920842355
IA,Critical Care (Intensivists),8784.0,133,463.43419057347575,102.06507969017095,79.33412340652593
DC,Clinical Laboratory,8706.0,20,35.5811428900892,8.698126579365978,8.698126579365978
PA,Geriatric Psychiatry,8695.0,69,215.3892179414583,111.02544105809959,85.13643703186806
DC,Advanced Heart Failure and Transplant Cardiology,8694.0,86,326.73328157326097,119.98718656562647,93.1174131587106
AR,Undefined Physician type,8691.0,12,150.9797491658037,68.62392590025878,53.101089633343534
TX,Hematopoietic Cell Transplantation and Cellular Therapy,8665.0,83,397.145605309176,118.94145181722678,91.67395729962931
PA,Hematopoietic Cell Transplantation and Cellular Therapy,8646.0,110,217.30002313209116,115.8931771920909,87.0621512837991
NH,Neurosurgery,8641.0,198,800.8276993395524,143.9438791806824,111.09604559671735
AZ,Cardiac Surgery,8626.0,205,1227.7864062120393,352.48544052866487,277.7045664275049
ID,Micrographic Dermatologic Surgery,8621.0,65,241.98566407611108,118.92271894203647,90.06312028792156
ME,Infectious Disease,8612.0,127,248.5775661877321,95.39983511388434,73.96899558768405
VI,Orthopedic Surgery,8603.0,35,44.26837033572745,19.989450191870127,13.586985935141126
ME,Obstetrics & Gynecology,8594.0,225,169.11191994399874,63.8523434954913,50.01265650461281
VT,Occupational Therapist in Private Practice,8592.0,26,63.87922369645682,27.82467644328736,21.259110800870587
OH,Registered Dietitian or Nutrition Professional,8521.0,89,78.85979579865496,31.809261823754493,28.502302546692523
MA,Cardiac Surgery,8496.0,157,1256.2732709504862,265.556031073463,210.47237288192323
CO,Thoracic Surgery,8494.0,172,1270.710281374631,261.6541747132637,204.69028255246317
VA,Registered Dietitian or Nutrition Professional,8493.0,72,58.64466266337278,30.281447074137645,28.275095961462736
WI,Undersea and Hyperbaric Medicine,8475.0,93,494.1113864296478,63.74292979344425,48.908046017701004
KY,Thoracic Surgery,8437.0,284,805.1266623216652,256.72229821042293,203.01368258843064
SD,Audiologist,8433.0,94,99.43227084082912,29.430356931121665,20.029509071478287
WY,Pathology,8427.0,60,232.3016684453152,37.95703809187728,28.705832443436137
SD,Licensed Clinical Social Worker,8360.0,63,201.075404305378,99.69934689050991,74.52763636363025
WI,Thoracic Surgery,8357.0,221,2737.5946823029735,242.84807466807206,190.7378520995855
TN,Thoracic Surgery,8345.0,260,1221.7049874166123,356.02752067021964,281.7359916118425
MS,Geriatric Medicine,8341.0,91,193.56920752906652,94.11412780252152,70.88368660861539
WV,Licensed Clinical Social Worker,8340.0,64,196.4754904077398,86.24179376503382,64.33347961633861
MS,"Psychologist, Clinical",8299.0,93,187.37533076272732,91.40058802267346,70.18157368375167
ND,Allergy/ Immunology,8293.0,34,37.940069938572414,11.41963824917375,8.29142771012267
CA,Adult Congenital Heart Disease,8292.0,137,358.7082730319973,56.337247949716996,42.48423178966271
NJ,Licensed Professional Counselor,8286.0,94,192.1837098722491,89.49240526173243,70.20438209020294
HI,Hematology,8257.0,31,107.805911347146,39.746113600478225,30.4997505147839
ID,Neurosurgery,8253.0,249,2073.0058572639387,244.7868665934928,190.96656488588056
ID,"Psychologist, Clinical",8246.0,85,183.44233567801044,100.10525830712018,77.25470167338165
GU,Orthopedic Surgery,8244.0,53,188.53234230930997,64.9752037845188,48.591210577096426
OH,Public Health or Welfare Agency,8226.0,68,74.60772915158765,70.01198152215743,70.01198152215743
ND,Otolaryngology,8225.0,170,202.568527659427,76.68115501516448,56.75552705159323
NM,Hand Surgery,8201.0,97,272.0862163151859,77.65849896335297,57.23847335711811
VT,Sports Medicine,8199.0,48,83.40736675203587,33.59864861556871,24.749049884096486
OR,Pharmacy,8182.0,94,102.55888658007078,79.28121608381801,79.28121608381801
GA,Home Infusion Therapy Services,8179.0,2,62.56724538417606,27.491564983746542,21.619563516030077
PR,Interventional Radiology,8164.0,130,90.70541401285841,25.997105585546556,19.53451004404935
WI,General Practice,8152.0,142,315.89978287544784,87.7846209519821,66.20756992135287
NV,Osteopathic Manipulative Medicine,8138.0,56,271.82403538936285,87.26386335740271,65.55446055535968
WV,Micrographic Dermatologic Surgery,8121.0,69,638.9717177719883,250.69103066216888,195.54888067899427
MN,Licensed Professional Counselor,8119.0,84,180.62001477999632,54.4525446484999,42.166287720172065
KS,Certified Clinical Nurse Specialist,8115.0,99,106.66723721515231,56.24562292058433,40.018786198423584
KS,Registered Dietitian or Nutrition Professional,8113.0,47,65.87028103036423,31.072275360470975,27.40609762114818
MN,Hospice and Palliative Care,8110.0,194,380.62946239220616,103.87096670771925,82.12884956851062
SD,Advanced Heart Failure and Transplant Cardiology,8087.0,59,218.492821812056,58.824738469484195,42.86164956107857
SC,Hospice and Palliative Care,8060.0,105,262.19007444164595,104.0900806450582,82.2138312654701
ID,Interventional Radiology,8053.0,150,313.70405066508613,61.17390661851515,46.276000248394425
VT,Rheumatology,7993.0,83,154.45870386604977,82.91932816200176,58.638723883451554
AK,Radiation Therapy Center,7978.0,18,3348.9680533995725,233.76954123956415,186.29506141907896
LA,Opioid Treatment Program,7972.0,25,167.17095960846063,163.8922202705414,159.3664375303279
TN,Plastic and Reconstructive Surgery,7972.0,215,612.5743552436,182.093664074386,140.6925564476863
WA,Gynecological Oncology,7970.0,193,369.3972923463458,118.49035884587843,90.93500752838645
OR,Micrographic Dermatologic Surgery,7954.0,56,652.682599951531,138.66509429269402,107.2876615536857
WV,Critical Care (Intensivists),7944.0,96,352.9989300101571,113.12389728108427,88.67537512591997
OR,Undefined Physician type,7877.0,58,157.2872426047702,49.638246794570854,38.06946045436478
HI,Audiologist,7871.0,65,83.32073942322349,30.227605132858212,20.9634912971294
UT,Sleep Medicine,7866.0,118,301.1852021363874,104.13956648869559,77.16711924729145
GA,Preventive Medicine,7860.0,47,166.593843511822,45.094865140000444,34.02199236642621
NC,Cardiac Surgery,7847.0,252,1317.7346896917095,284.729291449462,225.1831910274401
GA,Surgical Oncology,7845.0,212,546.4641555130308,135.70855831722946,104.70760356914214
MT,Endocrinology,7830.0,68,164.03394125125325,78.20625670507388,55.79937931021899
MN,Colorectal Surgery (Proctology),7829.0,292,768.3769842895555,145.0812977395464,114.9219721547916
OR,Sleep Medicine,7794.0,130,361.78775853303057,113.6953143435867,84.22697331262628
MA,Addiction Medicine,7793.0,89,226.0125984862664,83.26663672549833,63.909720261923006
OR,Hospice and Palliative Care,7773.0,138,295.8201466618424,91.62820918543034,71.87968351978759
NC,Osteopathic Manipulative Medicine,7762.0,73,361.9526397827998,109.73034655988378,83.38352615274688
ID,Portable X-Ray Supplier,7753.0,64,108.76784857503276,55.078814651633806,42.17887398338287
OR,Osteopathic Manipulative Medicine,7752.0,78,248.30034055738403,81.7155211559467,62.38537022716891
MO,Gynecological Oncology,7721.0,142,356.90424944980913,108.23226784105879,81.05505893021319
ND,Critical Care (Intensivists),7713.0,117,460.85683910287173,129.07779981821432,100.72596784642563
PA,Oral Surgery (Dentist only),7703.0,190,215.9710450472529,96.11762560076103,68.81383876410173
WA,Undefined Physician type,7696.0,83,197.01406574902182,69.96531834668174,51.184907744181004
WA,Thoracic Surgery,7687.0,269,924.3260686862392,290.7487225184582,227.64588526053578
MO,Hospice and Palliative Care,7685.0,121,244.33879505458168,95.14864931657462,74.03161873779285
KY,Osteopathic Manipulative Medicine,7661.0,29,83.08876125826015,29.822579297848062,23.087897141340097
KY,Cardiac Surgery,7646.0,122,1034.6805192258971,302.8171658372909,237.9531153535018
UT,Obstetrics & Gynecology,7567.0,225,206.99304744257037,91.38559270500957,65.87879344532105
NE,General Practice,7566.0,49,152.59265529885423,75.37281522497528,56.82295796950255
WV,Audiologist,7565.0,121,95.65985062781111,34.50502048915281,24.606350297378174
ID,Pediatric Medicine,7564.0,44,34.08640269699167,11.86997620300218,10.536283712263156
ND,Independent Diagnostic Testing Facility (IDTF),7528.0,37,96.79327842713603,19.99534404887702,16.384242826793464
PR,Orthopedic Surgery,7469.0,213,252.93591779354827,111.42711072418389,81.85087026356152
ID,Hand Surgery,7468.0,135,282.8088805571996,86.23924343857848,63.372332619009654
RI,Audiologist,7462.0,70,77.05798311441141,30.207908067461673,21.74954435811604
AK,Certified Registered Nurse Anesthetist (CRNA),7457.0,232,1090.5742939511867,173.16690760295523,137.24588842710835
VA,Licensed Professional Counselor,7337.0,108,184.53806596694426,85.58411203501772,66.83234700835872
LA,Cardiac Surgery,7299.0,122,700.79338265548,228.77551171446007,179.26614056725862
VT,Obstetrics & Gynecology,7295.0,174,148.81849074684152,76.83711994513241,55.27675531187725
ZZ,Physician Assistant,7248.0,38,50.71341473509382,20.43989790277151,15.398152593890467
MS,Pediatric Medicine,7246.0,74,149.48369445222067,66.88226745864955,50.354750206880304
CO,Hematology,7244.0,39,196.91097321928936,61.56941882917131,48.27525676385382
WA,Cardiac Surgery,7243.0,158,626.9113930696756,205.00147452699633,160.71302637035595
AZ,Licensed Professional Counselor,7217.0,75,288.02460302090344,103.64511846929847,82.11308022730996
WI,Osteopathic Manipulative Medicine,7207.0,39,98.90127376163072,33.479095324079175,25.09089912588263
NE,Hospice and Palliative Care,7198.0,62,311.41125868347194,94.60494998527767,74.93933314799646
MN,General Practice,7171.0,95,219.47363129267424,74.86803653600441,60.03366754986239
NM,Pharmacy,7162.0,72,104.49273526903141,77.18809131514702,77.18809131514702
IN,Hematology,7092.0,45,279.7289819510364,97.82602227857643,73.22406796421349
TN,Registered Dietitian or Nutrition Professional,7092.0,51,92.66947264539156,30.0265750141262,27.234478285440357
ND,Neurosurgery,7075.0,153,859.5168339213689,257.5581851588387,201.83140212046632
NY,Oral Surgery (Dentist only),7068.0,151,380.2549533104686,171.54946519529233,132.43952603300835
MO,Anesthesiology Assistant,7064.0,381,1198.7562089458436,94.40201443953949,75.24813420166916
NC,Colorectal Surgery (Proctology),7045.0,206,634.1599985802112,196.01307452094815,149.71553016321047
VI,Physician Assistant,7035.0,103,217.63473774052355,59.075124378093655,38.88474342567288
MO,Colorectal Surgery (Proctology),7033.0,226,384.29969003283423,126.90301293925278,96.40661737499936
KS,Advanced Heart Failure and Transplant Cardiology,7025.0,97,240.73950177850162,84.76105765165124,64.8412896795715
AR,Nuclear Medicine,7025.0,65,412.83793309692464,132.48137508838406,105.20904910942814
MT,Infectious Disease,7013.0,111,285.0628832167231,108.10543989702211,84.1500299443455
OK,Colorectal Surgery (Proctology),7000.0,172,425.753271428915,146.91920428570265,113.71696857143814
AE,Ophthalmology,6969.0,11,334.8190558158416,223.5813933129736,173.42732673210705
MD,Sleep Medicine,6969.0,110,342.33797531964046,124.42500932741828,93.34130434778565
RI,Hand Surgery,6956.0,74,160.70705865439538,47.870907130256874,34.80322455428633
NE,Hematology,6955.0,99,262.2517613227894,100.52090726079584,76.41316750543407
DC,Neurosurgery,6950.0,138,763.451690646896,256.72114820229456,200.19832805736476
VT,Otolaryngology,6910.0,106,98.65358466022316,62.37413169323374,43.87410853835166
OR,Geriatric Medicine,6906.0,96,255.08008977709935,81.60457862683103,60.65510136103924
WY,"Psychologist, Clinical",6888.0,36,241.84725464546892,104.00333333380618,79.16030052276814
OR,Portable X-Ray Supplier,6879.0,46,81.44247710366652,56.10633958381019,43.85242331741615
DE,Critical Care (Intensivists),6853.0,84,410.2697446374988,109.24716474528185,85.88491755388091
RI,Opioid Treatment Program,6844.0,21,194.18240210480684,189.16939508939566,184.55635154930098
MT,Neurosurgery,6841.0,194,758.9636909810037,239.3137918444042,186.53745212693462
OK,Micrographic Dermatologic Surgery,6839.0,96,676.8609913731104,283.25362626069193,222.1163050150485
MD,Certified Clinical Nurse Specialist,6838.0,51,130.9002047377622,91.61384615401974,69.56371014924919
MN,Sleep Medicine,6838.0,148,479.9012357409371,130.40250365616657,96.92756800234001
AL,Hospice and Palliative Care,6826.0,77,191.44433050107733,92.41302812779533,72.3279460883913
FL,Undefined Physician type,6778.0,55,590.6574166411895,199.37774859895688,157.26487754490316
IA,Micrographic Dermatologic Surgery,6776.0,86,937.5278719057752,248.48145956273785,192.87552243200105
TX,Geriatric Psychiatry,6736.0,49,199.5799614010674,87.61547505930508,66.53249999984486
ID,Plastic and Reconstructive Surgery,6732.0,80,261.43243909766136,61.71167855021155,46.44532679737304
AK,General Practice,6730.0,96,236.07938335830013,95.81278454680238,69.08635066853192
GU,Dermatology,6714.0,27,349.0675945782008,105.92289395180008,79.2240899611454
FL,Home Infusion Therapy Services,6701.0,5,59.13049097141711,22.761341590708998,18.079908968738994
FL,Undersea and Hyperbaric Medicine,6696.0,45,365.9369459378674,117.7831152925914,92.94452509024015
ME,Endocrinology,6693.0,84,329.11504557048005,132.80546690498093,101.49529956754584
RI,Geriatric Medicine,6675.0,119,253.29818127340988,108.46823820269711,83.19599550589453
MO,Surgical Oncology,6674.0,191,585.1375696741869,170.826766556822,131.30454899613636
DC,Thoracic Surgery,6666.0,91,978.5723297325923,334.10267926960154,261.4747884790351
ID,Infectious Disease,6645.0,85,270.61420767460345,105.35784800557863,82.63267569595772
MO,Thoracic Surgery,6626.0,249,1259.8804286139614,321.9984983397321,253.7528961670083
OR,Hematology,6613.0,71,273.7924724026229,82.60044004226961,63.53494631775699
HI,Registered Dietitian or Nutrition Professional,6607.0,20,59.54684122913924,26.624454366824427,26.133926139206295
CT,Colorectal Surgery (Proctology),6605.0,221,493.64474337614047,136.55180015155474,105.03558213481499
HI,Pain Management,6595.0,56,158.40634116774834,77.65282335103852,59.26570887054067
AL,Geriatric Medicine,6579.0,103,154.49769721837146,62.2431858943529,48.19805593536957
WV,Thoracic Surgery,6578.0,158,676.27394800871,163.84396929170845,127.99906506538166
HI,"Psychologist, Clinical",6570.5,74,211.9340872081105,114.03545087906033,87.12844380204966
PR,Chiropractic,6560.0,37,42.89221951218933,39.75271798777881,28.67057774394009
CT,Speech Language Pathologist,6556.0,48,139.93666412487096,75.86270286756178,59.402748627186085
NH,Speech Language Pathologist,6548.0,20,106.40893860713653,50.676081246163406,40.16115913248304
TN,Colorectal Surgery (Proctology),6537.0,166,389.9919779715894,123.36837081249733,91.78655040523924
ID,Interventional Pain Management,6533.0,106,673.3339002003149,115.7323312413274,87.43458900967006
TN,Hospice and Palliative Care,6532.0,91,270.5098851807655,106.89067360684446,83.17336956516671
NH,Geriatric Psychiatry,6508.0,54,150.90096342999692,95.92330362650193,72.24511831598569
MO,Licensed Professional Counselor,6502.0,65,135.05017686858275,56.78206705641387,44.15373423559428
IN,Registered Dietitian or Nutrition Professional,6495.0,76,71.56591224017521,29.886520400245573,26.89469745954457
PA,Certified Clinical Nurse Specialist,6485.0,42,131.26808943672043,82.75944333196361,63.1465304551138
MO,Undersea and Hyperbaric Medicine,6485.0,35,162.34340786486382,61.427646877677105,47.325770238961454
DC,Ambulatory Surgical Center,6484.0,20,433.5583775456971,121.78563232586461,101.311610117135
WI,Hematology,6456.0,93,311.02142967885794,67.71431691435026,51.534687112691095
VA,Surgical Oncology,6446.0,184,512.217033819749,155.9049162273517,119.89461061126683
IL,Osteopathic Manipulative Medicine,6437.0,66,408.97257262737884,79.22383253076597,60.03011496012674
KY,Licensed Professional Counselor,6411.0,62,184.39386991117456,60.38635626274338,47.02055529553976
AK,Peripheral Vascular Disease,6384.0,76,1263.699248123733,123.94880482499813,93.89215225580962
ND,Endocrinology,6380.0,52,161.28197492111755,77.760225705471,57.506684952898276
LA,Licensed Professional Counselor,6373.0,42,194.54977561628903,90.91798838917275,71.9841440453077
SD,Interventional Pain Management,6369.0,39,128.69582509035772,42.62027162827194,32.59769351546404
CT,Plastic and Reconstructive Surgery,6352.0,160,446.25594458409114,140.37811555403516,106.27983784615931
WI,Advanced Heart Failure and Transplant Cardiology,6350.0,103,434.09767244155717,70.47685826769298,54.09756220482427
DC,Hospice and Palliative Care,6309.0,68,306.4522111270214,127.88726898100983,101.62220795727262
IA,Plastic and Reconstructive Surgery,6291.0,132,747.4052503578681,414.4727594958342,324.63007629917996
PA,Maxillofacial Surgery,6290.0,138,196.6308426073717,98.71386963435657,71.2103672493618
MI,Cardiac Surgery,6284.0,168,815.0703787399009,260.9003532787716,203.7349633992668
NM,Certified Clinical Nurse Specialist,6277.0,73,228.32396527004332,85.40108491276321,63.19229249635121
ND,Licensed Clinical Social Worker,6272.0,63,218.55274872452804,87.08322544674331,65.28055325262659
AK,Critical Care (Intensivists),6267.0,91,986.066539013512,170.64566299610175,135.11531993017599
PR,Podiatry,6259.0,112,79.7379629334325,74.0525259626924,52.094502316677406
VT,Vascular Surgery,6223.0,126,121.18238791532042,45.59575767318158,33.23339546845872
AK,"Psychologist, Clinical",6216.0,49,364.41328828900095,137.19149614005283,105.67163610058442
NY,Maxillofacial Surgery,6216.0,97,310.1608204630922,105.59985521189833,79.88815797903703
NH,Hospice and Palliative Care,6214.0,113,368.32626005739314,108.42920180203863,84.17395236593933
UT,Speech Language Pathologist,6207.0,68,124.9434348319172,59.155888512943285,46.37558401791847
KS,Sleep Medicine,6197.0,83,328.91631434587623,113.02033564641438,84.43845086287284
OK,Sleep Medicine,6153.0,48,216.8263107428409,95.2521160408066,68.65182025061254
IN,Anesthesiology Assistant,6140.0,248,788.291457655575,73.10335667757883,57.91640553741482
CA,Home Infusion Therapy Services,6129.0,4,47.50260075076342,28.289189100753468,22.46960352432077
WA,Public Health or Welfare Agency,6124.0,17,76.3804719127972,72.11155453901877,72.11155453901877
MS,Critical Care (Intensivists),6103.0,66,334.6534114365132,127.98397345585363,100.28322792038398
MT,Sports Medicine,6074.0,30,64.90623971079684,26.341855449491504,19.61668916700148
NM,Osteopathic Manipulative Medicine,6059.0,60,122.53838587230105,60.72350387828099,44.17084997532035
ND,Infectious Disease,6050.0,59,311.3968595040529,99.62630413216397,78.01467768594905
AZ,Advanced Heart Failure and Transplant Cardiology,6010.0,55,249.217772046614,61.07796672169265,46.62192512483015
AK,Vascular Surgery,6001.0,124,1361.84720213104,185.19826862214197,142.2239026834054
KY,Colorectal Surgery (Proctology),5996.0,147,247.63875917267762,107.43771681117524,84.6377384923615
NC,Surgical Oncology,5989.0,200,547.0817198188834,148.474267823988,114.21566037731975
GA,Gynecological Oncology,5966.0,130,453.7869594370461,141.09324840752146,106.54194435172779
WY,Nephrology,5945.0,57,426.31315559352277,146.0408528183656,111.8077779648312
CT,Hospice and Palliative Care,5939.0,109,337.97106415221384,122.36997305982742,97.01381545721216
HI,Hand Surgery,5925.0,59,135.77832742609544,65.71702278493368,48.85336033742594
AK,Licensed Clinical Social Worker,5909.0,43,274.86817227882045,133.7163564056057,102.32508038549382
OK,Cardiac Surgery,5883.0,157,957.682087370198,266.44822029632576,208.85302566696018
ME,"Psychologist, Clinical",5883.0,57,191.38535611062147,106.82321264712596,81.99422913423491
KS,Colorectal Surgery (Proctology),5824.0,144,385.6656936815855,136.87054773344778,105.14450721178622
NJ,Cardiac Surgery,5820.0,123,1855.5932027490928,377.9740463925221,298.2288676978587
KY,Nuclear Medicine,5800.0,107,421.16301724246364,100.69388448231221,79.00773103387131
TX,Dentist,5790.0,86,278.9932297061839,94.72702763375682,71.57525734012594
AZ,Pharmacy,5786.0,81,97.90180262692844,73.38875216042602,73.38875216042602
ND,Obstetrics & Gynecology,5778.0,129,172.4924108686857,63.65488923503029,49.04744375217359
WV,Undefined Physician type,5777.0,28,225.60456984594083,84.46648779657535,63.848128786527774
WA,Colorectal Surgery (Proctology),5771.0,218,524.189823254416,163.46088372935316,125.67424709751846
WA,Licensed Professional Counselor,5743.0,81,263.8161117887035,98.9665488428276,76.42830402226603
MT,Obstetrics & Gynecology,5731.0,181,249.4426435180157,104.9008148663653,77.54813645098302
LA,Colorectal Surgery (Proctology),5708.0,187,419.36522599839526,118.9605063069865,92.50514891388963
MN,All Other Suppliers,5703.0,59,93.5990794308569,76.66038576169088,76.66038576169088
NE,Critical Care (Intensivists),5695.0,83,360.9659174713526,107.70327655864743,83.892402107443
VI,Emergency Medicine,5677.0,76,135.89997533863644,72.67391932446182,45.68562973391678
IL,Undefined Physician type,5675.0,38,515.2967400885127,196.8336158591613,153.78078942745316
MD,Surgical Oncology,5658.0,147,519.7802226943554,174.12303287386408,133.74907917967323
DC,Medical Oncology,5643.0,70,303.3966064150431,121.59229842262343,93.16147439390342
MA,Public Health or Welfare Agency,5641.0,61,55.009319269666015,53.906598120851804,53.906598120851804
OR,Thoracic Surgery,5626.0,175,1226.3862513333513,325.1921205116373,256.88087273376374
MA,Adult Congenital Heart Disease,5623.0,73,348.675040014896,78.3166334695664,60.60617108328588
PR,Infectious Disease,5622.0,114,122.46909462840414,108.815530060336,85.22754357892673
DC,Certified Registered Nurse Anesthetist (CRNA),5617.0,181,1344.1078191183283,117.80969556717108,93.7733861491004
AZ,Surgical Oncology,5617.0,148,558.9518176958704,163.86472850257806,126.66697169301584
ID,Public Health or Welfare Agency,5602.0,11,66.75231524503856,64.162634773618,64.162634773618
MN,Gynecological Oncology,5595.0,133,375.9018391418191,78.69821983897604,61.33586773915862
MT,Pediatric Medicine,5577.0,44,106.67675273440989,44.320358615865146,35.039589384968046
GA,Hematology,5577.0,93,361.44924511409255,81.35030482351709,61.55530213393848
IA,Hematology,5541.0,62,365.2857967883806,96.94260963700164,73.35825843699206
IA,Licensed Professional Counselor,5534.0,90,199.25452475625949,83.08774304295248,62.76817491870564
LA,Nuclear Medicine,5526.0,85,299.21733260893035,44.08429786452993,33.92856134628285
KY,Micrographic Dermatologic Surgery,5518.0,24,163.86908481495468,83.58933127913978,66.2169028633413
OK,Registered Dietitian or Nutrition Professional,5517.0,40,61.05251042233061,26.98188870753834,26.508026101034442
RI,Pain Management,5487.0,76,433.5759066903525,84.35504829585037,65.34027701841806
SC,Pediatric Medicine,5481.0,75,112.516511585339,50.72886152155402,39.55412880851475
MI,Licensed Professional Counselor,5480.0,58,163.75492518262408,79.49418065721258,61.5738120438719
PR,Allergy/ Immunology,5478.0,18,15.309118291423987,13.339395764935396,9.81126871119573
RI,Infectious Disease,5467.0,114,285.11914761303075,113.46345527708945,88.4296689226029
PR,Interventional Pain Management,5465.0,40,66.67423970729237,56.9501756632685,42.50322415359188
AL,Pediatric Medicine,5447.0,76,134.2040664582479,66.48354323504999,50.52629520836798
IA,Pediatric Medicine,5428.0,42,169.76522844417576,60.03198968398262,46.99430176879882
NY,Hematopoietic Cell Transplantation and Cellular Therapy,5428.0,66,366.59193072938467,103.13505895353391,80.11030582111238
SD,Nuclear Medicine,5422.0,72,204.6224640354113,44.58495573582615,33.54467539651034
AK,Pulmonary Disease,5414.0,69,473.0668636869431,109.48885112712024,81.64932951595554
GU,Physician Assistant,5402.0,101,144.03791373555114,69.16469085549106,49.86223991112219
IN,Gynecological Oncology,5398.0,116,398.4646813644531,136.75010744713654,103.01195072267285
ID,Obstetrics & Gynecology,5388.0,199,204.21545471382296,83.56945991110464,61.08068114318604
DC,Hand Surgery,5388.0,55,171.98899406074796,68.03189680788655,50.536872679954264
OK,Pediatric Medicine,5369.0,64,380.81806109075694,98.3106723777771,75.92597690433506
NE,Plastic and Reconstructive Surgery,5360.0,110,414.4646828357384,109.54328731340071,80.02916231344604
TX,Addiction Medicine,5357.0,32,389.44988613043313,106.26585215494262,91.76945491838026
GU,Emergency Medicine,5303.0,62,663.3455930558137,110.96512917176302,82.69004714338504
MA,Mammography Center,5299.0,7,424.20739762219284,69.9832477825503,67.88788450653709
TX,Undefined Physician type,5277.0,60,245.2448303963593,80.13809550877046,59.46979154829538
AP,Internal Medicine,5273.0,35,213.91062014018905,95.6835918833722,73.61608761591714
VT,Endocrinology,5261.0,60,150.34489640693803,80.26057783704961,57.77556928341627
NH,Radiation Therapy Center,5252.0,21,897.402816069802,287.0973762375208,228.55728293979456
WV,Neurosurgery,5242.0,166,755.5198397560054,229.69827355936968,181.96785768804997
SD,Neurosurgery,5242.0,154,618.891942006856,179.66277565795096,138.91091568083098
MO,Registered Dietitian or Nutrition Professional,5231.0,36,70.6373752628677,27.211127891547314,23.23554578472942
SC,Neuropsychiatry,5228.0,58,252.1842004591622,115.66312739093993,87.67389441479514
ID,Pharmacy,5215.0,64,202.8856011505461,72.83007094921552,72.83007094921552
CT,Gynecological Oncology,5213.0,130,463.63510646442967,137.29001726443371,105.40102628011434
XX,Physical Therapist in Private Practice,5198.0,8,38.846671796826854,21.290759907612138,16.583863024347153
MN,Plastic and Reconstructive Surgery,5192.0,184,540.9516332818043,113.77041409882722,85.02883089371677
WY,Certified Registered Nurse Anesthetist (CRNA),5190.0,151,1002.6268998099343,131.85100963373353,105.81432755294529
AE,Nurse Practitioner,5189.0,28,198.32800154172097,76.70103102724418,59.518666409792274
CO,Licensed Professional Counselor,5165.0,84,241.2561897383839,89.65597095820851,69.51178896418261
AR,Hospice and Palliative Care,5161.0,55,193.41455338039916,91.7407963566489,70.68140282887076
VT,Critical Care (Intensivists),5147.0,77,342.64925976278647,100.1967728779387,77.9634252966717
AL,Gynecological Oncology,5140.0,91,504.46134436152255,119.20490856010855,92.45356809354125
AR,Advanced Heart Failure and Transplant Cardiology,5134.0,60,213.18211920520258,87.98785936924678,68.26180366223433
MT,Portable X-Ray Supplier,5133.0,40,158.5704831480797,57.803080069842,42.05592246327407
DC,Opioid Treatment Program,5132.0,7,225.794460249924,221.37722914955143,216.33273187930823
PR,Obstetrics & Gynecology,5118.0,159,98.17192262621376,84.18775107467592,61.16316334504271
UT,Nuclear Medicine,5094.0,78,191.46110914796918,57.344839026455304,43.98360620325512
DC,Centralized Flu,5078.0,49,92.86704805102087,86.30217999158684,86.30217999158684
SC,Licensed Professional Counselor,5069.0,65,209.00360820677648,92.2156717297901,72.63820082854824
NH,Critical Care (Intensivists),5064.0,80,507.4446149292778,133.37160347484715,104.64353278021743
MT,Interventional Pain Management,5064.0,40,97.16301342821545,35.717450631968596,26.53888033168874
UT,Undersea and Hyperbaric Medicine,5049.0,38,212.7155872452638,68.72209546433412,53.54734402847296
CA,Certified Clinical Nurse Specialist,5049.0,59,389.44622697604075,94.10512576725154,70.47991285404287
VT,Audiologist,5035.0,57,98.09450844051976,30.67884210519464,19.389489573001807
CO,Hospice and Palliative Care,5032.0,92,287.48075119246244,88.82265699541335,69.8490162958583
NE,Colorectal Surgery (Proctology),5031.0,139,485.5294613398549,116.93694295342974,90.22766249250832
VI,Urology,5007.0,38,317.502810067679,138.6154923105654,100.49372877936442
IA,Thoracic Surgery,5001.0,138,1074.9986502706422,306.1158868229374,242.44137572543352
MI,Radiation Therapy Center,4994.0,27,1461.9002803364137,196.74379455372707,156.55230676679076
WY,Geriatric Medicine,4994.0,33,113.54675610752241,64.7328414092545,49.49866239457505
SC,Osteopathic Manipulative Medicine,4980.0,33,468.3343373497378,219.9856204876787,170.80367068223555
MS,Nuclear Medicine,4975.0,56,245.67718592964823,43.21355376859643,33.73724020088416
CT,Thoracic Surgery,4963.0,146,966.6929941559026,229.61101349975533,180.80607293957863
CT,Geriatric Psychiatry,4945.0,31,180.23957532799758,93.7633710816556,69.60752072785056
IA,Hospice and Palliative Care,4938.0,86,339.58271162411705,107.19891656500769,83.48170919402592
MT,Micrographic Dermatologic Surgery,4928.0,58,609.6312134812731,167.7785227276791,128.92882913971715
WI,Anesthesiology Assistant,4918.0,262,1571.2663664100082,79.53632370889346,62.51340178945933
NJ,Geriatric Psychiatry,4907.0,33,268.0871326677171,102.98649480320074,78.03574485459323
AL,Cardiac Surgery,4903.0,155,951.7834060780169,274.9963104224946,217.0421007552137
VA,Geriatric Psychiatry,4881.0,26,149.4741774233223,111.80297480004816,85.39626920696998
CO,Anesthesiology Assistant,4873.0,234,1082.4971926941023,92.60619946633737,73.17251795605992
TN,Addiction Medicine,4872.0,32,145.75764162536944,77.96004310296732,58.83090311970817
WI,Cardiac Surgery,4868.0,137,2563.846865248423,263.12354560343385,207.3128903042458
PR,Psychiatry,4836.0,77,102.11697270450992,76.1029177002868,51.588974359094706
AK,Audiologist,4825.0,45,125.47962487045429,34.95362487044062,24.43937616567544
AL,Sleep Medicine,4808.0,63,339.0411813643212,116.13250415972004,84.3996027453567
NC,Undefined Physician type,4807.0,57,220.14681714176993,76.64967547314558,58.739794050215224
WV,Sports Medicine,4790.0,49,164.25215031296355,56.775941544818075,41.86082254696476
KY,Hospice and Palliative Care,4790.0,90,226.4701732778574,97.83451357009636,77.23732150300847
RI,Pharmacy,4779.0,51,97.93651391534883,73.82889725897823,73.82889725897823
RI,Certified Clinical Nurse Specialist,4774.0,48,148.96167574364873,86.92012568043822,64.33994763305468
WA,Surgical Oncology,4762.0,127,365.4982423360722,119.92999580030916,93.46775724465498
WV,Advanced Heart Failure and Transplant Cardiology,4751.0,21,79.16876868001557,23.097541570159418,17.60662176382959
WA,Slide Preparation Facility,4742.0,6,138.75137072964995,41.88075073787283,31.49548291836862
VT,Licensed Professional Counselor,4695.0,42,184.9990010655819,91.88934611299489,70.83383173590053
NC,Certified Clinical Nurse Specialist,4677.0,21,90.33440239495361,55.30474877071478,41.86163994016784
NH,Interventional Pain Management,4665.0,29,189.26228724691597,89.77484030186315,66.60871382659313
MN,Nuclear Medicine,4655.0,70,288.1147153598582,51.00239527326194,39.43615682057317
ND,Undefined Physician type,4639.0,78,232.82396637180167,61.17296615650817,47.24919163616383
MN,Thoracic Surgery,4619.0,198,2222.1697185431244,331.761868369366,263.4785906034389
NM,Sleep Medicine,4610.0,34,244.37700650774406,80.94824511922451,60.53228633410391
RI,Advanced Heart Failure and Transplant Cardiology,4609.0,82,226.13571924479237,73.473106964389,54.82133434581836
CT,Osteopathic Manipulative Medicine,4608.0,49,169.58945529490973,78.27557291681269,57.19062500036495
LA,Undersea and Hyperbaric Medicine,4607.0,33,191.3722292168218,70.06238767111961,55.12540264834643
MA,Gynecological Oncology,4598.0,119,561.5086885603637,147.4114919529774,112.62170943920096
MN,Home Infusion Therapy Services,4586.0,4,154.46314217348012,38.86692106389511,30.834590056360447
MO,Radiation Therapy Center,4580.0,21,2606.0606986899847,208.07887991321462,165.02804366779193
WY,Audiologist,4576.0,49,106.67527534961452,29.772021416170016,19.853085664405768
OK,Thoracic Surgery,4563.0,128,885.1353846153244,308.8491935122847,242.4056695162299
SD,Obstetrics & Gynecology,4551.0,140,144.60335091191607,92.94559876979064,70.33182816947982
TX,Maxillofacial Surgery,4521.0,108,394.4803605396262,139.06182481766123,106.34775270932406
VA,Public Health or Welfare Agency,4484.0,106,63.6360950045116,62.3648795716657,62.34683541466303
ID,Sleep Medicine,4475.0,77,317.2532960890782,101.21255418995777,74.86902346356335
ND,Medical Oncology,4471.0,45,240.63296801627823,104.15961529782285,78.44565645240283
AL,Colorectal Surgery (Proctology),4451.0,136,413.05931700762727,136.97951022251831,106.57399011428151
CT,Registered Dietitian or Nutrition Professional,4448.0,31,79.74100719453327,33.10236510787837,31.190134892015063
CT,Licensed Professional Counselor,4446.0,52,138.23856949978182,73.22410481360144,56.75033738187382
NE,Thoracic Surgery,4436.0,158,1114.9527727680832,319.0564337252308,252.35798016214042
AL,Nuclear Medicine,4432.0,55,1141.3636055957918,310.2812229267614,246.76625902405613
SC,Preventive Medicine,4412.0,30,137.02309610175374,63.28038304642812,45.79402765196242
CA,Maxillofacial Surgery,4394.0,94,539.6212221207305,198.68536640928485,152.3782294036357
AR,Micrographic Dermatologic Surgery,4382.0,43,365.97607485676826,145.98788680947985,111.10334778633131
IL,Slide Preparation Facility,4380.0,5,90.87659360732535,38.27825114165001,28.888641552171002
OK,Peripheral Vascular Disease,4379.0,43,238.4110527522841,59.96921899956818,44.48426353056675
LA,Hospice and Palliative Care,4379.0,68,232.6992464031537,103.5367481164049,81.59926010447181
ND,Audiologist,4372.0,59,84.03352698995333,28.27602470269236,18.997129460123375
RI,Speech Language Pathologist,4343.0,19,92.10024176834953,50.6211029244467,39.29195256737094
ZZ,Physical Therapist in Private Practice,4342.0,19,69.88093044681598,26.396377245620915,20.34925379978443
HI,Certified Registered Nurse Anesthetist (CRNA),4340.0,106,2050.278834101355,114.58970506889861,91.65119585249862
AK,Infectious Disease,4330.0,38,158.73169514901062,124.23918706747877,97.36875288696373
MS,Sleep Medicine,4328.0,39,249.24722735695937,109.64526571029043,78.40459565628771
NE,Licensed Professional Counselor,4321.0,43,187.10439944480768,80.25272853458875,62.51461235830247
XX,Occupational Therapist in Private Practice,4314.0,5,48.475519239611955,24.38820584119819,19.180913305619843
ME,Critical Care (Intensivists),4307.0,67,458.18726491735987,111.68786394246482,87.94035987943658
CO,Colorectal Surgery (Proctology),4297.0,130,564.0545869210323,147.13841517328257,113.15034209912314
DC,Optometry,4290.0,68,166.71236596751098,101.82846386980209,65.38266899768186
MS,Gynecological Oncology,4279.0,43,158.64828230876185,72.46572563683925,52.96192334666305
WY,Speech Language Pathologist,4272.0,19,105.22197799557046,47.97323033705056,36.548967696483615
MA,Osteopathic Manipulative Medicine,4270.0,53,297.6778454329438,86.87510070333842,64.49629976607451
IA,Hematopoietic Cell Transplantation and Cellular Therapy,4264.0,32,261.02814258867966,82.5595989685985,64.01685975613556
SD,Pharmacy,4250.0,31,81.43199058784612,73.70343294127929,73.70343294127929
DC,Hematology,4247.0,27,218.81735107072285,92.77071815525052,70.4375111842889
AR,Cardiac Surgery,4240.0,120,817.6798349055537,316.7802900924442,250.18210141413834
RI,Independent Diagnostic Testing Facility (IDTF),4239.0,23,1178.0972446395547,515.2644255714757,409.1307525365487
HI,Osteopathic Manipulative Medicine,4224.0,19,208.3248413815014,116.19772727177981,87.56520359939061
GA,Registered Dietitian or Nutrition Professional,4223.0,45,70.86523561430073,27.762289841362303,27.030771963042152
ND,Pharmacy,4222.0,57,90.34125059161867,65.81137375638419,65.81137375638419
MP,Family Practice,4206.0,27,253.06406799802306,94.38672610542606,72.68063242969474
RI,Micrographic Dermatologic Surgery,4198.0,68,1158.0388280158759,237.80583849386272,185.94606479302908
OK,Nuclear Medicine,4186.0,19,184.09746774966078,43.33042522687602,32.05720258020041
VT,Interventional Radiology,4183.0,80,401.21754721547,61.536268228685394,46.59656944764411
NE,Surgical Oncology,4176.0,123,449.6412595797749,133.6271408047186,103.60200670492864
PR,Certified Registered Nurse Anesthetist (CRNA),4172.0,92,1628.667881109662,142.21623681644655,113.44040747858845
SC,Registered Dietitian or Nutrition Professional,4167.0,30,75.6427261820727,28.181881449438926,24.240009599194167
ME,Speech Language Pathologist,4127.0,23,127.86917615701962,61.62124787973709,47.98684516598256
SC,Peripheral Vascular Disease,4112.0,18,446.3479182877723,178.52038667466903,137.19437986505835
NH,Micrographic Dermatologic Surgery,4107.0,47,1295.7002678297656,229.61720233726248,178.05016557151887
MO,Opioid Treatment Program,4082.0,17,290.8691817728662,174.4704140138023,170.49713620786403
AP,Emergency Medicine,4081.0,50,644.238296983187,104.24364126372863,81.93491791291066
MT,Pain Management,4079.0,56,527.808041186295,89.36420200999952,67.24311841131086
NJ,Marriage and Family Therapist,4073.0,25,291.1146280377707,75.7434691875394,60.01451264429841
DC,Anesthesiology Assistant,4058.0,201,824.5159980284869,114.43172991647585,90.5285805815796
CT,Pediatric Medicine,4050.0,95,223.1359259263615,99.95441234503585,77.05517283964062
WY,Undefined Physician type,4041.0,38,618.414006434051,142.3925587723068,109.29201435252126
AR,Thoracic Surgery,4040.0,133,814.0927549509206,258.01559158522696,202.54904208010925
ND,General Practice,4039.0,36,77.19187917832879,28.786145085404133,21.120849220099235
ZZ,Diagnostic Radiology,4028.0,81,289.8805858986058,50.66836643507833,38.575148957329816
NY,Home Infusion Therapy Services,4024.0,8,234.83418240503602,111.79391401532902,88.95131212771645
SD,Micrographic Dermatologic Surgery,4018.0,41,509.48366849224993,243.26645096977828,188.73653310048155
AL,Peripheral Vascular Disease,3994.0,48,219.88657987053782,87.54411116688665,67.29906860245244
IN,Licensed Professional Counselor,3992.0,61,149.28756262537726,74.74687875735646,57.99534819638928
OR,Advanced Heart Failure and Transplant Cardiology,3986.0,59,291.84821876573255,83.42004766677418,62.14946061203234
GU,Neurology,3980.0,19,82.27442713702412,74.97130150873217,59.16938442297965
PA,Home Infusion Therapy Services,3977.0,3,136.25642695181088,24.777042997607243,19.593376917672867
VA,Certified Clinical Nurse Specialist,3965.0,45,175.3079041618043,81.44358385917401,60.333904161535685
VI,Nephrology,3962.0,30,265.28821554771764,116.6269333663342,86.04193084344375
ZZ,Pathology,3929.0,47,244.11147874796893,49.17771697640245,38.699801476218454
NV,Thoracic Surgery,3922.0,123,792.1099439051994,250.50116012266702,196.94322284585482
NY,Undersea and Hyperbaric Medicine,3919.0,46,225.361278387285,64.0310946669828,48.812156162268025
AK,Opioid Treatment Program,3901.0,10,347.478036400323,242.6983593956657,238.83743655223992
SC,Cardiac Surgery,3899.0,125,2887.849061296553,399.8200487295094,315.96566812199944
MI,Registered Dietitian or Nutrition Professional,3896.0,38,68.41559291581494,28.513236653015657,27.960012833716377
OK,Plastic and Reconstructive Surgery,3882.0,72,307.5482998455646,96.80493302394711,73.22827408553279
AK,Obstetrics & Gynecology,3881.0,131,567.0593893323942,126.3847822724996,91.4506467407853
NV,Sleep Medicine,3872.0,38,605.3662190081855,189.4855371906263,143.19185692157927
NM,Neurosurgery,3854.0,115,668.1031811107317,207.57664504392372,160.00279709377244
DC,Chiropractic,3851.0,16,57.41437548703065,39.137374707807844,28.61278628909582
CA,Peripheral Vascular Disease,3850.0,57,181.1107610382465,60.68416103955532,44.67298181818922
IN,Pediatric Medicine,3847.0,65,203.32615024700544,100.28288796430674,76.71825838363503
DC,Audiologist,3844.0,61,109.97866805414334,33.55032518203278,23.88673257019849
SC,Nuclear Medicine,3797.0,19,35.58084803792468,19.33267052955399,14.991933105135267
XX,Nurse Practitioner,3767.0,30,192.62942925391266,92.46043536011548,71.44461906007304
WI,Licensed Professional Counselor,3750.0,54,276.60461333294666,90.30029600030491,69.33007200003787
MA,Preventive Medicine,3741.0,29,192.61454156857042,96.3504517513034,76.44659182022427
IA,Clinic or Group Practice,3740.0,2,2.807486631016043,0.11759625665668448,0.09369251334973262
DE,Thoracic Surgery,3730.0,79,975.6687131362198,232.30430026766595,182.38965951701263
UT,Neuropsychiatry,3725.0,49,191.78504697990445,65.11868993281422,48.77102818791893
KS,Cardiac Surgery,3722.0,118,1195.9379231605474,369.74037882918543,292.5031515306491
OK,Osteopathic Manipulative Medicine,3716.0,67,113.90222820253935,64.06330462858307,49.21769106588913
WY,Psychiatry,3713.0,53,231.39684621612176,93.11474010345462,69.84672771333639
XX,Podiatry,3705.0,14,123.4709851560162,67.81233198362399,51.098280701639325
WA,Radiation Therapy Center,3695.0,11,1057.7997293640053,211.67264411217562,168.37906360047901
OR,Registered Dietitian or Nutrition Professional,3695.0,40,133.1240405946141,41.93088227341163,35.33769147506062
VT,Nephrology,3686.0,51,361.78287032228974,125.89378458990234,98.34424579404556
WV,Medical Oncology,3681.0,51,253.77719913026215,100.6673213798916,74.94965498482016
NC,Nuclear Medicine,3681.0,55,448.46427601195325,88.99246672117653,68.59383048077393
WY,Obstetrics & Gynecology,3665.0,79,129.7543492498756,58.882420190781446,42.91146521135116
ME,Pharmacy,3651.0,49,118.45009312525636,80.52748288121144,80.52748288121144
ID,Registered Dietitian or Nutrition Professional,3646.0,43,67.02742731759847,31.097273724640974,28.34082556228031
AZ,Neuropsychiatry,3637.0,27,501.21135551296675,126.11083860225872,98.20520208983936
NM,Critical Care (Intensivists),3636.0,63,664.858569856121,168.86847084727776,132.73922167278576
WI,Certified Clinical Nurse Specialist,3635.0,61,397.4094910584147,63.775086657667345,48.06210729024869
NJ,Oral Surgery (Dentist only),3634.0,78,253.02743258154155,123.80614199291122,91.62898734195296
OK,Surgical Oncology,3626.0,57,510.2107004959131,130.01156922227938,98.4219084392369
OR,Colorectal Surgery (Proctology),3625.0,136,453.2351062068447,125.16304275843622,94.42106206882464
NH,Licensed Professional Counselor,3623.0,46,210.9060447144963,83.06926856169225,63.976748550963016
AR,Colorectal Surgery (Proctology),3593.0,83,345.41497355982466,135.90027553635753,103.87211522435004
TN,All Other Suppliers,3591.0,2,2347.5430799199944,2112.8852380776943,1676.7162238737956
ID,Thoracic Surgery,3589.0,91,525.2895096129744,147.56535246560796,115.15806074141115
HI,Undefined Physician type,3576.0,52,419.2284060393761,114.40661912832302,83.89482102883197
KS,Thoracic Surgery,3572.0,113,1065.2268337074488,352.52309070731553,278.1296864487458
TX,Marriage and Family Therapist,3560.0,15,155.71222471910113,74.20244943872726,58.92198876398399
NV,Hospice and Palliative Care,3560.0,21,366.41601123595507,107.25191292220646,84.77197752789607
NV,Advanced Heart Failure and Transplant Cardiology,3546.0,34,175.55640158013142,83.65734348637358,63.12871122389496
VA,Radiation Therapy Center,3545.0,14,1512.3368575353202,198.26832157963383,157.655602258565
OK,Marriage and Family Therapist,3537.0,14,109.67585807164828,87.38232682990275,69.35099802071815
SC,Surgical Oncology,3524.0,104,482.41092508406473,152.54138762774414,117.80763904654296
LA,Certified Clinical Nurse Specialist,3524.0,53,250.82185016948583,83.2561889897134,63.54400113529807
IN,Addiction Medicine,3508.0,19,150.8888255407423,63.83265108354019,51.26852907586898
NY,Certified Clinical Nurse Specialist,3502.0,14,139.77166761878698,95.01506853175614,72.84083952029212
WA,Adult Congenital Heart Disease,3498.0,78,160.99222412798744,54.11798742143659,40.605057175618775
UT,Advanced Heart Failure and Transplant Cardiology,3479.0,36,182.93343202081317,73.44338890461636,55.428427709121785
HI,Portable X-Ray Supplier,3470.0,33,108.15149567773804,68.63466570534538,52.82074063447386
IL,Dentist,3465.0,37,186.3530418474938,77.74476479059018,58.59185281375441
NJ,Certified Nurse Midwife,3459.0,81,134.3385371496551,56.59150043360729,46.65569817870615
OH,Undefined Physician type,3455.0,47,661.1267380587933,265.2506396526684,207.6019247469153
MN,Surgical Oncology,3441.0,38,199.49317058986864,60.30531531569474,47.279168846426735
KY,Surgical Oncology,3439.0,113,426.68362896188717,143.60657458561286,111.66792963077347
GU,Urology,3433.0,41,502.96042528415643,127.91152344779066,94.30425575293731
LA,Sleep Medicine,3432.0,29,257.1197552447669,132.26497377455362,98.51879953361772
NH,Thoracic Surgery,3429.0,125,2035.5419218406737,316.189416740142,249.4932429276629
DE,Geriatric Medicine,3420.0,47,257.0009502930152,90.26159649198391,67.75709649070555
VT,Ambulatory Surgical Center,3415.0,24,2354.683314787701,896.9236222461609,719.886289895063
DE,Hematology,3404.0,40,233.3922796705928,86.66535840210693,65.50867215031005
OH,Oral Surgery (Dentist only),3398.0,52,272.62602707492465,98.21399941175606,74.41334608624076
NV,Plastic and Reconstructive Surgery,3389.0,62,325.61913248760925,108.05964296238218,83.03556801436885
SD,Peripheral Vascular Disease,3383.0,52,109.4159060010006,95.24239136843039,74.78344368888992
HI,Speech Language Pathologist,3381.0,21,140.66076012987875,71.73238095233008,56.03782904463975
WY,Pain Management,3381.0,44,539.6575244005022,77.54530020721192,58.24994084586621
IN,Nuclear Medicine,3370.0,43,203.64094955491396,72.83782492577078,57.149545994087354
GU,General Surgery,3369.0,56,154.34298901811994,130.41557732248327,84.54026120510635
CA,Unknown Supplier/Provider Specialty,3362.0,16,514.4478405700356,226.2133700173489,179.3643575270913
MD,Medicare Diabetes Preventive Program,3362.0,9,60.8542534205699,25.043343248066627,25.043343248066627
OR,Speech Language Pathologist,3359.0,32,175.53398035093954,69.05597201550015,52.93816612084728
GU,Nephrology,3351.0,19,138.02241718897972,133.42146225014562,104.09840942913728
IA,General Practice,3333.0,49,295.97989799025953,76.14434443438431,53.84554755476982
AE,Physical Therapist in Private Practice,3317.0,16,45.286855592485374,25.69086222490021,19.50990352729861
RI,Sleep Medicine,3315.0,20,228.94690799393422,100.25293816046064,75.56895324286124
WY,Neurosurgery,3311.0,63,1230.284633040309,194.91845665984386,151.83371186964482
MT,Critical Care (Intensivists),3310.0,61,461.7650000002731,121.92300302059763,95.61146223549459
OH,Preventive Medicine,3297.0,33,376.3205944791629,76.02263572926934,59.287521989687285
NH,General Practice,3295.0,25,160.6160485585912,76.18339301840729,60.59819726815387
VI,Occupational Therapist in Private Practice,3286.0,11,123.96500304321363,24.480401703979364,18.541625075739987
KY,Hematology,3284.0,59,268.9485383677345,103.5784196096687,79.68924177833617
DC,Sports Medicine,3280.0,31,156.86165853636857,80.87103353673707,64.58411890237478
VI,Neurology,3264.0,43,345.66701593183825,134.14140931414195,92.76613664195784
UT,Micrographic Dermatologic Surgery,3260.0,57,532.9340490783461,196.37766564449916,151.8457944791603
IA,Colorectal Surgery (Proctology),3256.0,101,373.53700859893115,124.20060810843133,94.15207616691094
RI,Neurosurgery,3242.0,108,887.1653300430598,244.61685070963787,190.63512646538163
NV,Colorectal Surgery (Proctology),3222.0,61,317.8715083794091,129.40813159518467,97.85978274395562
MT,Opioid Treatment Program,3202.0,10,237.15660524656155,180.44116177484383,176.9918582137692
PR,Hospitalist,3197.0,31,348.58649984417895,107.49274006894683,85.08677197398312
SD,Medical Oncology,3165.0,24,265.3487203796196,93.41821485081074,69.92299526060285
WA,Undersea and Hyperbaric Medicine,3162.0,21,256.08712840091175,75.37039215642251,58.662492093717894
ID,Osteopathic Manipulative Medicine,3157.0,58,237.6592366178834,89.45314539051685,67.1138359201114
NC,Hematopoietic Cell Transplantation and Cellular Therapy,3156.0,45,327.5228136880133,100.50835234472243,77.28835551335646
AK,Licensed Professional Counselor,3146.0,22,290.2590591228004,128.62515257481311,102.09990782023839
WV,Pediatric Medicine,3144.0,49,263.71554707313675,86.95528944033256,65.70228053424778
OK,Undefined Physician type,3144.0,13,21.72169211194847,11.604090330958524,7.809192111990013
VI,Diagnostic Radiology,3141.0,69,355.1649156321187,59.12766953211276,48.76865966259328
KS,Preventive Medicine,3141.0,9,148.62082139436484,75.26651384901974,59.02804520828845
WI,Hematopoietic Cell Transplantation and Cellular Therapy,3139.0,30,239.04001274291178,63.45193692233482,48.57909843884295
HI,Interventional Cardiology,3122.0,52,229.871108263934,77.30643497767248,59.658513773443566
XX,Diagnostic Radiology,3104.0,58,168.99259020618555,37.7438885309403,27.77510309279652
ND,Pediatric Medicine,3086.0,45,184.51812702533118,74.56401490592054,54.09932274785924
FL,Marriage and Family Therapist,3076.0,29,188.0359687907666,79.93337126154259,62.414629388825425
MT,General Practice,3069.0,56,144.21621375025092,67.5477060931085,50.107878787741086
GA,Osteopathic Manipulative Medicine,3062.0,40,107.71978445458818,35.9495460483242,25.52397126057622
NH,Sleep Medicine,3040.0,34,399.2822368424931,91.69975328942301,66.20154276303191
NH,Hematology,3015.0,45,373.28258706458377,107.96494859055953,81.37414593670016
AZ,Home Infusion Therapy Services,3006.0,2,67.8944510976996,24.76489687286028,19.66775116462974
LA,Surgical Oncology,2989.0,72,409.6057745058702,152.4997992643128,115.75867848734157
MT,Geriatric Medicine,2983.0,28,193.47837747275898,81.09940999029735,56.576563861747566
VT,Infectious Disease,2974.0,69,282.2981977134906,99.8100537995881,77.47280430407567
PR,"Psychologist, Clinical",2964.0,33,127.01224021528712,88.01259446715318,67.08854925809109
CT,Surgical Oncology,2945.0,86,592.310112054345,162.68293718157554,125.71624448230907
VI,Otolaryngology,2933.0,32,92.31462325265197,83.60397204198084,57.155424480085166
TX,Adult Congenital Heart Disease,2920.0,32,238.25924657606782,100.06178767262969,76.38647945201181
MS,Thoracic Surgery,2917.0,98,1545.0154748025025,368.3371443284768,293.3784676050912
IA,Nuclear Medicine,2916.0,51,563.9200960206481,89.71369684457098,68.46401920422943
MO,Geriatric Psychiatry,2912.0,28,193.21135989039357,72.19398694994024,52.24220810433977
LA,Registered Dietitian or Nutrition Professional,2903.0,21,66.91335170494798,31.639617636872888,28.366527729910093
PA,Undersea and Hyperbaric Medicine,2901.0,27,275.8738366086512,90.4529955195636,69.30711134066632
VT,Geriatric Medicine,2899.0,34,178.79579165274646,91.4075646777935,70.43595377722146
WV,Portable X-Ray Supplier,2889.0,21,68.28723779842367,41.81669435816372,32.68085496719498
AL,Preventive Medicine,2879.0,30,136.9261896489514,55.88523445594446,39.73251128861737
MA,Dentist,2862.0,53,278.0975087350664,84.71345562558001,61.768934311661006
AP,Physical Therapist in Private Practice,2847.0,16,89.90551457669125,27.680410959166494,20.888482613211803
UT,Opioid Treatment Program,2844.0,13,197.7474050635225,193.8802777785021,189.13073136499787
AE,Family Practice,2840.0,57,517.5350281690835,73.61777464797656,57.381489436374046
AR,Surgical Oncology,2835.0,64,638.2767266320001,186.6098624328861,144.8707830687513
AP,Physician Assistant,2833.0,59,181.186809036409,49.61252735608804,35.73131309575104
MS,Cardiac Surgery,2832.0,63,803.6577542366471,189.3346822028277,148.16644067738224
CO,Registered Dietitian or Nutrition Professional,2829.0,27,78.22223753998445,33.57664545778897,30.099621774559207
WI,Gynecological Oncology,2826.0,93,963.4285138005625,135.543708421805,103.81251238534325
GU,Radiation Therapy Center,2816.0,9,553.5628373600497,236.9265802567081,188.57337003034235
PA,Dentist,2805.0,26,200.10383244251693,40.88253832439679,30.63542245968859
PR,Anesthesiology,2797.0,81,368.57531998494386,175.1472148730007,136.3044404721037
AL,Surgical Oncology,2796.0,87,537.4881974246151,145.9640379114771,111.88795779742239
NJ,Preventive Medicine,2794.0,12,178.35953113922977,123.15489978640372,96.77761274305297
NC,Peripheral Vascular Disease,2790.0,48,558.4720430105198,134.2535698918108,102.30852688164936
DC,Pharmacy,2780.0,26,104.76543165412072,78.34150719390216,78.34150719390216
HI,Sleep Medicine,2770.0,18,370.6772707580729,131.56638628142997,99.37905054170658
VA,Neuropsychiatry,2765.0,41,630.2536564184514,125.69649547943509,96.13735985547841
MP,Ambulance Service Provider,2751.5,5,83.6425586043976,79.00743594462097,60.349224059783865
FL,Maxillofacial Surgery,2748.0,83,329.8508733624021,121.20152110601565,91.39444323123253
MS,Osteopathic Manipulative Medicine,2747.0,21,522.5489625060575,89.13296323235319,67.62369129920877
CT,Nuclear Medicine,2741.0,62,400.02228018945925,82.85333090116654,63.79695001814147
AK,Hand Surgery,2732.0,36,574.1606881412702,118.57426793542005,88.71602855096536
UT,Thoracic Surgery,2732.0,98,727.578429721164,243.63264641256512,191.97169472858053
WY,Vascular Surgery,2728.0,63,718.1270821106269,125.22534824015139,95.68391129021481
NY,Radiation Therapy Center,2719.0,16,3534.7774917253378,255.3498197874568,203.30466347813274
OH,Maxillofacial Surgery,2718.0,42,154.61865709990948,66.13781456918986,48.23270787340702
WY,Hand Surgery,2718.0,34,398.7884473877079,85.7037969095592,65.19201986773164
PR,General Surgery,2713.0,84,188.87160707673831,105.49825285661518,77.68093254726583
ID,Geriatric Medicine,2713.0,27,125.63619609337451,62.76158864726944,45.95444894965647
AK,Endocrinology,2696.0,33,344.88111275975814,121.67071216752507,89.91525222601432
ID,Peripheral Vascular Disease,2695.0,28,243.47940630617884,76.87092393304415,53.60048237475139
DE,Colorectal Surgery (Proctology),2695.0,66,418.22279777367345,136.9592096475566,108.64290538068869
AK,Neurosurgery,2692.0,74,3420.0289747313295,283.7459472521564,222.20482540868943
WY,Pulmonary Disease,2683.0,49,266.82804323543047,91.36610510652065,71.02108088024059
HI,Licensed Clinical Social Worker,2675.0,21,184.43579812973832,103.13884112066354,78.8555588785609
ZZ,Internal Medicine,2663.0,17,791.4932782576943,112.96497559181037,87.9934960566549
MN,Undefined Physician type,2659.0,22,332.16051146999246,147.481523129323,115.64717939130037
OK,Hematology,2658.0,17,172.56734386689502,75.51627915797215,58.53682091781077
WY,Licensed Professional Counselor,2649.0,31,219.71054737676937,104.2012344292786,80.34624386553115
IA,Gynecological Oncology,2644.0,72,633.9039334345658,131.87144099856428,101.37932677746082
WV,Gynecological Oncology,2644.0,45,417.60020045385556,134.4431467470212,103.2339977306658
VA,All Other Suppliers,2640.0,18,79.00905681865189,74.64901136391742,74.64901136391742
IN,Surgical Oncology,2635.0,78,316.67969639450854,128.9769943078429,99.07014041748464
MN,Osteopathic Manipulative Medicine,2633.0,19,92.07928978360728,73.44848841607939,54.26104443576643
VA,Undersea and Hyperbaric Medicine,2631.0,7,141.0684150513113,67.81752565585138,51.662957050619525
VA,Addiction Medicine,2612.0,31,201.80657733596476,90.96786370537481,70.83292496111409
KY,Registered Dietitian or Nutrition Professional,2610.0,27,78.85045210738085,29.59847126450958,26.942068965665136
DC,Surgical Oncology,2607.0,36,370.1715151512658,96.47602991936824,74.10972765635174
ME,Neurosurgery,2607.0,102,451.2480820861834,171.08307633283928,130.5745070966066
IN,Preventive Medicine,2605.0,28,206.01275623770522,77.60671784981186,67.1101458735708
AL,Registered Dietitian or Nutrition Professional,2592.0,22,51.188881172860725,25.868969907468365,25.45694444452855
AR,Plastic and Reconstructive Surgery,2566.0,75,693.7640101332723,213.98532735753466,162.58388542489362
IN,Radiation Therapy Center,2564.0,13,914.9697776911075,165.9283112319688,131.68888845491577
MD,Certified Nurse Midwife,2557.0,89,158.84530308963826,67.52323034802781,53.8526202580583
OH,Undersea and Hyperbaric Medicine,2553.0,16,214.30708969821387,80.95200940096083,62.92555033309596
MN,Cardiac Surgery,2550.0,114,3772.341262730047,520.8434980404196,415.6813215683791
IL,Certified Nurse Midwife,2545.0,40,155.48960314353715,82.70192534222828,60.40965029463615
MI,Addiction Medicine,2544.0,28,200.07193396216903,106.78520833436046,77.70670990534042
VT,Certified Registered Nurse Anesthetist (CRNA),2539.0,91,949.130854670575,115.08890114198307,92.14708546693069
CO,Gynecological Oncology,2533.0,85,509.08217133772445,138.22300039493527,104.67710225006986
MT,Osteopathic Manipulative Medicine,2526.0,30,134.7640300876453,85.27114410175099,62.333444180959226
WY,Pharmacy,2524.0,36,128.19496038055703,72.85950079230547,72.85950079230547
SC,Anesthesiology Assistant,2517.0,118,1261.2515097333373,101.11874056360588,80.2618077073957
MI,Oral Surgery (Dentist only),2510.0,76,364.1925896419323,163.51265737023417,124.66675298831646
MD,Cardiac Surgery,2501.0,64,1652.441495402699,461.7276569390452,366.24885645712317
RI,Gynecological Oncology,2499.0,56,408.95980392142854,113.43569427830971,87.5688115247239
IL,Peripheral Vascular Disease,2496.0,39,563.4261939100088,171.48940705052843,134.04868990420087
IL,Oral Surgery (Dentist only),2495.0,36,143.40661322666932,78.14840480917755,56.93482565122004
SD,Speech Language Pathologist,2492.0,13,116.24558587483949,59.54998796145264,45.50564606757705
WI,Surgical Oncology,2473.0,92,1055.7678487662313,160.79978568544482,123.09365143546624
VI,Optometry,2471.0,31,238.9194658033185,82.61222177327723,46.932950222519025
SD,Osteopathic Manipulative Medicine,2448.0,15,29.76260212429248,15.094313725457926,10.600792483651716
TX,Peripheral Vascular Disease,2441.0,12,1171.300368701352,363.97236787138013,287.74431790520566
ME,Micrographic Dermatologic Surgery,2420.0,46,909.5057851207735,273.8425867772873,213.44162396716325
NY,Medical Toxicology,2419.0,35,700.7718065206553,165.8382968164627,130.64150475442585
ND,Hand Surgery,2412.0,49,519.9422678268573,122.85817993303304,92.06263266923797
MN,Oral Surgery (Dentist only),2393.0,51,254.2310906811701,100.41031759257166,72.84941078141873
OR,Radiation Therapy Center,2391.0,13,1511.4090338770388,222.11619824432998,176.9140526970602
CT,Sleep Medicine,2390.0,37,515.9343514643975,113.81166108727194,84.38523012507072
NY,Certified Nurse Midwife,2383.0,90,182.41023080121568,67.02230381858203,54.66500209818741
OH,Clinic or Group Practice,2379.0,48,64.25630517000293,42.244888608895664,42.244888608895664
KY,Radiation Therapy Center,2375.0,14,1192.9402105263157,196.88530105236083,156.05534736826695
OR,Surgical Oncology,2366.0,78,560.9968300938292,154.68602282407778,119.38566779343407
AE,Physician Assistant,2364.0,46,423.9372419646705,81.4857571910186,60.680270727509054
CT,Marriage and Family Therapist,2363.0,7,132.06540837917902,74.86070672886078,59.570067710893355
AR,Sleep Medicine,2362.0,21,211.90389500424217,110.51563928944623,82.13914902559823
HI,Neurosurgery,2359.0,57,535.1037939797668,169.1624925818046,131.28194573946374
SC,Hematopoietic Cell Transplantation and Cellular Therapy,2351.0,19,266.489578902399,98.62311782260952,76.72026797153211
NY,Preventive Medicine,2344.0,49,247.33060580218086,89.00825938553234,67.91545221850619
IL,Home Infusion Therapy Services,2340.0,4,65.43230769259658,45.29152564066752,36.08509401716923
WA,Geriatric Psychiatry,2337.0,26,286.6523748384168,90.1890243899923,68.35868634964486
IA,Peripheral Vascular Disease,2334.0,41,233.60505569880377,90.4556212510964,66.36538131962939
VA,Dentist,2325.0,30,166.37273118230493,64.03333333351918,45.08146666659759
NY,All Other Suppliers,2319.0,9,93.09344545012289,83.20984044810781,83.20984044810781
CO,Surgical Oncology,2315.0,75,583.8618228952009,166.61386177090023,129.4616976242648
ME,Colorectal Surgery (Proctology),2314.0,38,442.2566983583103,187.77826274796845,143.6932627490888
OH,Certified Nurse Midwife,2312.0,63,142.12670847732136,62.59331747418469,47.85614186846938
KS,Surgical Oncology,2303.0,57,543.0670864112162,182.90588362996007,142.99614415942034
CA,Hematopoietic Cell Transplantation and Cellular Therapy,2299.0,30,354.9204001740387,135.91575467571943,105.7112092219491
CO,Neuropsychiatry,2284.0,29,361.58178633927366,169.94558231200745,131.24644045432882
RI,Hospice and Palliative Care,2280.0,52,295.5172368417324,108.08429824533201,84.48221929845131
CT,Advanced Heart Failure and Transplant Cardiology,2274.0,40,288.9786455586227,85.77112576941455,68.02267370221377
VA,Home Infusion Therapy Services,2273.0,4,89.6615222162213,42.72124065096436,33.902221733372635
GA,Certified Nurse Midwife,2272.0,31,138.02395686690846,66.95690140850571,48.843547535341685
IA,Surgical Oncology,2271.0,68,460.5169528835438,128.50633641594936,98.45198150607486
MS,Opioid Treatment Program,2265.0,9,322.28347902881234,160.59883885308474,156.31151434906272
KS,Gynecological Oncology,2264.0,36,407.5521201413737,116.97767667895008,88.51716431114752
SD,Licensed Professional Counselor,2255.0,22,187.6151618622439,96.40052328157162,75.39302882471486
MT,Gynecological Oncology,2250.0,46,277.69113333298935,121.32225777807244,93.59808444458622
MN,Marriage and Family Therapist,2249.0,37,244.2562205424322,102.08851044885904,79.08267229876168
MP,Ophthalmology,2247.0,22,619.4865331607467,163.67157543390653,117.05513573629149
UT,Hospice and Palliative Care,2245.0,52,226.3105434297684,93.86079732779064,72.7219643650334
IN,Hematopoietic Cell Transplantation and Cellular Therapy,2240.0,18,245.6708080360893,100.33116964200224,78.08807142874464
NE,Gynecological Oncology,2228.0,38,275.2544883303528,80.87387791731149,60.15414272886265
WI,Preventive Medicine,2222.0,27,235.8676867689199,73.60669666985598,59.22590008984497
IL,Hematopoietic Cell Transplantation and Cellular Therapy,2205.0,14,376.5596371883175,101.10528344737506,77.4889342396263
WA,Addiction Medicine,2199.0,21,247.34772623863213,107.97160527537653,82.38628922231719
VI,General Practice,2195.0,15,93.29672437374492,85.80277904218893,51.687608200576726
KY,Clinic or Group Practice,2180.0,10,8.415032110158716,7.488467889853211,7.442082568752293
VT,Hand Surgery,2180.0,44,484.4486972474519,123.21965596422757,92.43240825652867
VI,Chiropractic,2176.0,11,53.02469669128952,40.04399816167785,26.8147104776875
OK,Hospice and Palliative Care,2165.0,27,238.77528868362586,97.64701154727481,76.02979214778291
XX,Family Practice,2165.0,28,182.4416258660508,81.29762586713612,65.12935334858324
PA,Marriage and Family Therapist,2160.0,16,159.62614814823147,77.49241666709398,61.42894444439352
GA,Addiction Medicine,2160.0,25,259.8289120377481,107.28070370420325,83.46450925919538
SC,Certified Clinical Nurse Specialist,2159.0,17,142.83117183914172,88.32715609004076,66.27881889755722
IA,Preventive Medicine,2153.0,15,184.63446353848119,73.19289363669948,55.42640501619182
TX,Radiation Therapy Center,2150.0,6,728.7,200.5680465138744,159.8279302317242
IA,Geriatric Medicine,2145.0,17,225.9282051279049,102.36553846189231,74.61685314670024
PA,Undefined Physician type,2144.0,59,301.298507462555,101.62070895526259,79.69282649236987
VA,Oral Surgery (Dentist only),2141.0,35,154.57253152690146,57.095941148983094,40.06016347494545
MT,Thoracic Surgery,2141.0,84,1639.439075199559,386.3906492296394,305.4729472224886
LA,Gynecological Oncology,2138.0,50,356.8906922356174,135.93248830667073,103.66597287228343
MD,Maxillofacial Surgery,2136.0,46,313.4367977526826,129.1427153566325,95.0409082400178
OH,Neuropsychiatry,2131.0,14,126.51665884618065,39.79107461274285,30.74929141252389
PR,Interventional Cardiology,2123.0,57,177.41237870945747,93.60625529906402,63.594173339907734
SD,Cardiac Surgery,2115.0,42,182.3864066189546,170.81765957492482,135.17639243507716
WI,Colorectal Surgery (Proctology),2114.0,91,629.7976821190114,95.68215704868732,72.18043046356622
TN,Nuclear Medicine,2110.0,30,457.027999999972,59.72376303342095,47.676251184839906
MS,Hospice and Palliative Care,2105.0,20,255.08517814737294,102.8329596205069,81.75201900203943
WA,Oral Surgery (Dentist only),2098.0,63,631.4141992372427,284.692259295174,222.70540991421836
ID,Certified Clinical Nurse Specialist,2096.0,20,264.90648854923666,99.94927958003483,77.52320610685162
DC,Micrographic Dermatologic Surgery,2093.0,24,573.4850644984377,256.6411227903287,200.51130434806993
OR,Licensed Professional Counselor,2092.0,37,269.49020076516734,93.60253346106693,73.17606118557123
VT,Osteopathic Manipulative Medicine,2091.0,15,212.9478718310713,76.98203252021521,57.36164036354232
MI,Geriatric Psychiatry,2089.0,28,232.02010531243178,116.68453326874773,89.28002393509237
NM,Thoracic Surgery,2082.0,40,959.8080307401998,324.9922766567027,253.29703650259032
WY,Endocrinology,2077.0,34,230.79324025061243,66.11887337536928,50.88749638892489
DC,Colorectal Surgery (Proctology),2076.0,48,361.60115606970135,138.88578998046722,103.80873314035357
PR,Clinical Cardiac Electrophysiology,2074.0,56,68.06126325911572,66.49237222719296,46.37090646078611
ID,Intensive Cardiac Rehabilitation,2058.0,2,250.01700680478135,118.22735665915451,93.87285228370263
AZ,Certified Nurse Midwife,2056.0,32,228.24762159509436,69.69743677048785,51.02894941610895
IA,Opioid Treatment Program,2054.0,6,174.41111976630964,169.4023076909557,165.73705453018306
OK,Addiction Medicine,2052.0,12,149.60759259252438,75.5001315795419,61.90167154004045
PA,Addiction Medicine,2049.0,41,207.0442069298292,86.15473889654221,63.80023914106637
MI,Undersea and Hyperbaric Medicine,2039.0,29,203.36696419792398,73.44470819026091,56.293815595941545
DC,Nuclear Medicine,2025.0,41,251.8271604937383,78.27035061799654,60.09813333332691
NJ,Medical Genetics and Genomics,2025.0,2,272.14567901488886,34.24291851819999,26.647856790244447
AP,Nurse Practitioner,2021.0,20,202.27806036531518,83.65015338907888,61.35619990085799
TX,Neuropsychiatry,2017.0,19,269.7202825974541,107.658824987942,82.84339613239266
MI,Maxillofacial Surgery,2015.0,62,151.4426749378258,89.29267990052934,64.5120496278258
AE,Internal Medicine,2012.0,15,231.5850745534493,109.97991550612026,91.42135685959444
KY,Gynecological Oncology,2010.0,46,284.4702985077761,118.04814427875273,88.50286567208757
AR,Opioid Treatment Program,2008.0,5,110.81160856526495,108.6303984064278,106.7655776902475
LA,Hematology,2004.0,12,137.53942115829344,67.89048403032385,51.35516467075324
MD,Neuropsychiatry,1995.0,35,325.821052631619,137.2423258144376,108.71884711733634
MT,Certified Clinical Nurse Specialist,1980.0,18,201.8828282825202,90.03670201979394,68.08848989896465
IN,Undefined Physician type,1976.0,19,727.8031376518219,381.670607287708,303.7793016193709
ID,Critical Care (Intensivists),1976.0,48,400.2773582983451,130.50859817791195,102.6183451422244
NJ,Epileptologists,1969.0,13,1311.7839309331082,310.04346368309297,239.7438344324388
MT,Sleep Medicine,1955.0,34,381.7886189271765,101.52907416864961,77.16732992316624
DE,Certified Nurse Midwife,1949.0,16,65.77881990758851,33.17189327867471,29.028481272534993
MD,Preventive Medicine,1943.0,28,143.13821410187853,79.72207411287236,70.86306742215801
WY,Hospice and Palliative Care,1937.0,16,277.9747289620547,102.49957150274962,69.04151264856996
CO,Radiation Therapy Center,1934.0,6,2495.270449844881,554.5141209887031,442.0249999956701
LA,Osteopathic Manipulative Medicine,1932.0,26,403.88871635610764,93.488038302033,71.28855590088831
WV,Plastic and Reconstructive Surgery,1917.0,57,295.3314397495258,93.7309754826025,67.64594679182525
KS,Opioid Treatment Program,1901.0,4,214.56770120988955,210.36975276097633,205.54019463394846
ID,Independent Diagnostic Testing Facility (IDTF),1900.0,32,425.9133947367074,63.061705263443216,44.98922105233926
OH,Adult Congenital Heart Disease,1898.0,44,377.4114857746896,78.03195995853872,58.88480505794615
CA,Licensed Professional Counselor,1895.0,21,195.802422163762,85.43522955167651,65.01059102908971
SD,Pediatric Medicine,1892.0,21,91.66461416490803,56.927441860379325,40.65980972518023
MS,Clinic or Group Practice,1892.0,14,81.62403805439767,70.06445031617652,47.02329809713784
MD,Addiction Medicine,1889.0,24,192.10806776054525,95.19223927939491,69.12880889352425
MT,Licensed Professional Counselor,1887.0,24,236.88293587820877,99.68942766235612,78.31710121888925
MS,Licensed Professional Counselor,1886.0,30,154.75809119842737,84.21969777325238,63.07735418876087
MD,Peripheral Vascular Disease,1875.0,26,949.8421333333173,227.75840533398275,179.76720000016215
MD,Osteopathic Manipulative Medicine,1873.0,24,258.2235451148948,110.2838868133182,79.60047517442926
MI,Surgical Oncology,1866.0,77,461.06689174740893,176.71128617380117,135.22107717078885
SD,Plastic and Reconstructive Surgery,1865.0,58,252.31187131392866,114.60907774841053,85.91369437033512
FL,Certified Nurse Midwife,1859.0,69,190.83429263060086,68.99144163525492,52.297638515328615
WA,Home Infusion Therapy Services,1854.0,4,149.01877022615318,81.14055555473732,64.5586138073905
NM,Pediatric Medicine,1854.0,34,135.80912621337055,73.1156256740488,51.233122977182255
MS,Preventive Medicine,1848.0,18,165.7218614716293,83.81257034521991,61.889442640458874
DC,Pain Management,1846.0,23,843.2439057426055,135.39263271979524,105.13573131038731
NV,Preventive Medicine,1838.0,19,273.93301414343796,81.50093035977204,69.83331882503536
HI,Micrographic Dermatologic Surgery,1832.0,19,563.245300217904,233.12816047925295,182.567450872543
CT,Cardiac Surgery,1825.0,69,2799.710684925982,524.0740438352756,416.97782465873973
KS,Public Health or Welfare Agency,1815.0,14,77.45033608801984,73.7086501385416,73.7086501385416
NH,Pharmacy,1809.0,27,79.24350469863239,64.05470978414539,64.05470978414539
HI,Opioid Treatment Program,1807.0,4,222.9818040951854,184.26692861145156,180.44000553293026
MN,Maxillofacial Surgery,1801.0,56,232.7414158800322,79.77824541933272,58.16035535795492
MA,Neuropsychiatry,1798.0,34,484.9954282533315,119.72341490585539,90.69774749740378
MT,Speech Language Pathologist,1794.0,18,147.85273690216778,74.65738015597881,57.69495540683333
DE,Hospice and Palliative Care,1782.0,47,302.1690628507744,112.38704825968631,85.70620650889506
NV,Unknown Supplier/Provider Specialty,1774.0,8,167.71927846674183,50.42574971785457,38.664047350554675
GU,Endocrinology,1773.0,13,105.75998872110661,100.95439932399803,68.12007896206345
DE,Cardiac Surgery,1773.0,59,1201.2138014659076,224.35886632741432,176.13838127585007
TN,Preventive Medicine,1772.0,19,271.2042889388228,79.12080135400846,59.081230248360775
ZZ,Emergency Medicine,1766.0,24,1097.0002718008777,118.68283691932518,90.73365232241473
IL,Maxillofacial Surgery,1756.0,47,256.41505694758945,82.52252277928247,58.57126423691743
PR,Occupational Therapist in Private Practice,1753.0,8,39.35861380495322,26.27250427861837,20.445333713616087
VI,Podiatry,1751.0,12,122.07850371298035,80.41322672760994,56.480411193643064
NH,Plastic and Reconstructive Surgery,1746.0,48,290.7388774344508,90.73178694153036,67.0081443298276
MP,Internal Medicine,1742.0,18,142.09449483484443,93.6331859920379,55.22219288144231
WA,Preventive Medicine,1740.0,18,203.2738735620885,78.31543678189006,56.36308045986879
RI,Registered Dietitian or Nutrition Professional,1736.0,20,63.455069124025925,28.433237327164168,28.121244239601385
PA,Neuropsychiatry,1731.0,18,221.20681686973427,105.65642980906124,76.86184286493643
CO,Cardiac Surgery,1730.0,47,943.4614971093514,290.55660693684337,228.91563005714914
ME,Plastic and Reconstructive Surgery,1723.0,55,184.50159605337436,73.86695298939246,54.09679628539512
NM,Geriatric Psychiatry,1723.0,13,197.30702263451536,86.39690075404236,64.01651189799071
DC,Registered Dietitian or Nutrition Professional,1721.0,18,94.81231841931377,33.90576990112609,33.1174549679756
NM,Surgical Oncology,1718.0,43,275.47031431883005,114.1142433060873,88.3034807917206
MA,Home Infusion Therapy Services,1713.0,2,72.2707530646871,27.880326912028025,22.101704611682425
GU,Otolaryngology,1710.0,11,108.83255555602105,92.00781286589473,58.60159649110819
MN,Addiction Medicine,1710.0,23,263.1163742689532,97.02305847974738,79.9721578944228
AL,Licensed Professional Counselor,1710.0,25,166.7265906434351,72.14141520538129,55.65332748542807
DC,Gynecological Oncology,1706.0,36,450.6992965996424,149.8494607267204,112.2637104334273
MO,Adult Congenital Heart Disease,1698.0,21,150.81154299140164,55.326595995480616,41.32031802151902
AL,Maxillofacial Surgery,1687.0,52,699.2542975697766,141.39195020694476,109.55994072286046
WV,Interventional Pain Management,1682.0,26,401.09690844074316,161.79101070181153,121.64073127253934
HI,Hospice and Palliative Care,1677.0,25,162.93320214627846,93.30871794800477,67.58601669670317
DC,General Practice,1675.0,27,173.10662089567816,86.86409552195259,58.32305671706066
NV,Licensed Professional Counselor,1672.0,15,180.05477870903707,81.25580143477272,64.09895933023026
GA,Maxillofacial Surgery,1659.0,37,294.35531042834657,95.18192284555636,70.13297769731103
NH,Registered Dietitian or Nutrition Professional,1658.0,14,135.62665862624246,37.56627864895115,31.998908323125452
MN,Neuropsychiatry,1653.0,21,250.8250453719298,73.85954627935511,57.95129461611615
NC,Oral Surgery (Dentist only),1651.0,26,275.84517867875894,94.802295578447,65.31717141117868
LA,Geriatric Medicine,1648.0,34,234.73058252498177,82.1153216024096,58.62637135923483
ND,Sleep Medicine,1646.0,21,336.07594167601275,102.00906439888153,75.46887606276549
PR,Ambulatory Surgical Center,1644.0,33,1051.4661313876643,839.0936313842396,660.7825851587592
AK,Speech Language Pathologist,1638.0,12,263.80180097678266,93.47263125787241,72.5328937727375
NJ,Neuropsychiatry,1633.0,22,594.2755664420514,165.6226209459755,127.38477648308879
DE,Micrographic Dermatologic Surgery,1628.0,19,1204.968409092374,546.9984766614717,433.49683046707736
OR,Addiction Medicine,1614.0,20,259.78686493260227,97.61525402731289,72.66254027226518
NV,Undefined Physician type,1614.0,26,344.0291201984201,149.4709355645892,117.72441759637063
NV,Maxillofacial Surgery,1611.0,30,557.9419366857294,226.9532402237393,177.76185599021355
SC,Geriatric Psychiatry,1609.0,20,209.44561839565569,93.3903169682747,70.38701678060534
NY,Marriage and Family Therapist,1597.0,10,150.61347526628677,79.90438948064936,63.450807765013145
OR,Certified Clinical Nurse Specialist,1597.0,24,263.5497808390482,89.05363180978397,64.01660613636005
ME,Sleep Medicine,1594.0,25,290.6831869515019,85.00436637366136,62.892365119216436
VT,Certified Clinical Nurse Specialist,1594.0,18,195.30456712639273,95.71266624751256,69.33436010075471
MT,Plastic and Reconstructive Surgery,1593.0,32,168.4906403016384,92.12271186421846,69.18654739489517
ZZ,Family Practice,1591.0,37,436.6568007499246,101.07260842214167,70.83164676317939
ND,Certified Clinical Nurse Specialist,1588.0,28,259.86870277005664,89.65048488685139,64.07054156184257
HI,Clinical Cardiac Electrophysiology,1588.0,18,200.94899244329974,59.71823677554124,45.55824937040095
NY,Dentist,1581.0,36,389.45934218836436,139.20396584491905,106.749848197426
PA,Peripheral Vascular Disease,1577.0,28,1038.1699429294736,238.87089409798793,183.99343690498216
IL,Adult Congenital Heart Disease,1562.0,28,361.9955185659411,136.52843789944384,104.50606914282587
SD,General Practice,1557.0,27,235.21434810482918,73.79291586368683,54.31173410432749
IL,Undersea and Hyperbaric Medicine,1550.0,10,204.46903225869676,62.92353548406451,50.04608387103225
ID,Licensed Professional Counselor,1549.0,24,151.77466752778955,70.98522272458166,54.522007746921695
MT,Registered Dietitian or Nutrition Professional,1548.0,13,48.43540051682945,32.520626615047156,30.66023901814212
ME,Pediatric Medicine,1544.0,35,231.64637305757125,93.99931347143699,69.63102331593433
FL,Certified Clinical Nurse Specialist,1538.0,12,212.27393368050065,86.71183355041808,64.47531859557152
TN,Certified Clinical Nurse Specialist,1535.0,24,154.5726905539544,80.75246254066515,60.02158957649055
NM,Licensed Professional Counselor,1532.0,13,158.6187206276958,84.57844647621148,65.53739556143537
AZ,Orofacial Pain,1530.0,19,198.6261437909085,61.623660130545424,48.53301960789314
ND,Registered Dietitian or Nutrition Professional,1527.0,14,121.6882776686444,34.93373935814341,29.906129665914868
MS,Registered Dietitian or Nutrition Professional,1526.0,12,58.05439056359109,25.56994757534076,23.941985583103538
NM,Plastic and Reconstructive Surgery,1525.0,38,501.4602491803017,125.08758688523935,91.31570491750543
MD,Undersea and Hyperbaric Medicine,1523.0,8,159.68811556147077,79.94130006595995,61.73636244235457
ND,Portable X-Ray Supplier,1520.0,14,119.0572105263671,61.94645394859869,48.335335526258554
WY,Registered Dietitian or Nutrition Professional,1509.0,17,75.22577203427304,32.00692511599271,30.073598409594435
IL,Addiction Medicine,1509.0,25,226.26326706462095,102.92752816352885,77.22117958891053
VT,Anesthesiology Assistant,1506.0,66,644.7899070396813,88.45981407703852,68.57953519266468
DC,Sleep Medicine,1490.0,23,381.3107382547382,114.59301342248993,86.3901677850047
OH,Addiction Medicine,1482.0,27,128.41578272523617,87.9879554664079,61.9610998649118
SD,Critical Care (Intensivists),1470.0,25,693.9644013646823,152.13951700632586,119.21353061192583
SC,Dentist,1463.0,17,313.2706766918182,56.705194804883384,42.9130963768434
NC,Anesthesiology Assistant,1460.0,54,745.2119862975823,75.29882876699384,59.41290410940549
VI,Hematology-Oncology,1450.0,11,171.29407586128966,88.99307586102124,68.17822068937228
CT,Certified Nurse Midwife,1448.0,52,94.69544198890883,52.19959944777714,41.26449585601167
CO,Medical Toxicology,1447.0,36,618.675093296441,156.66543883960884,117.7614374567277
GU,Pathology,1445.0,10,114.19890657494118,33.49722491351349,26.979328719855918
IA,Registered Dietitian or Nutrition Professional,1430.0,15,119.17552447550977,36.92146853137762,31.049419580367132
HI,Public Health or Welfare Agency,1423.0,7,115.88142656391426,82.43414617019324,82.43414617019324
RI,Addiction Medicine,1423.0,22,94.08292340243851,65.2502108225532,48.35990161637864
RI,Colorectal Surgery (Proctology),1421.0,43,332.5207600276003,102.68503166807109,77.29255453911964
OH,Oral and Maxillofacial Pathology,1420.0,16,169.22605633802817,76.88523943715423,57.155669014210076
HI,Advanced Heart Failure and Transplant Cardiology,1416.0,30,351.248552259661,131.3220550838404,101.03776836115466
DE,Advanced Heart Failure and Transplant Cardiology,1414.0,13,309.94814710014714,84.7604667601913,66.11847241932779
CA,Certified Nurse Midwife,1408.0,50,181.06597301194526,77.53759943158167,61.11973721577415
ID,Hospice and Palliative Care,1408.0,22,190.79190340890338,80.92449573900781,64.1345880686804
IL,Geriatric Psychiatry,1407.0,9,231.40653873489694,119.93784648017484,91.29934612456859
AL,Undersea and Hyperbaric Medicine,1405.0,5,296.5470604982206,56.101345195283976,43.479124555088255
NH,Colorectal Surgery (Proctology),1402.0,45,573.9707560630385,130.73945078438018,100.16619828767618
VT,Surgical Oncology,1396.0,21,234.00429799357377,85.5414398281003,62.7835171921003
NV,Pharmacy,1393.0,26,78.32819813367767,69.7677027999756,69.7677027999756
AZ,Preventive Medicine,1389.0,17,228.3549892011296,93.75173506006983,68.41611951043124
MP,Optometry,1388.0,16,77.50508645512609,75.74512968238761,39.55172910661672
NE,Registered Dietitian or Nutrition Professional,1387.0,19,88.8890699350995,27.653590483052636,27.290583994234318
AZ,Public Health or Welfare Agency,1384.0,15,107.51689306329263,78.02219653244798,78.02219653244798
WV,Osteopathic Manipulative Medicine,1381.0,25,173.37110065153078,77.03235336730782,57.265068790848154
ND,Hematology,1378.0,11,104.07547169732584,64.95461538410814,49.61346879496009
DC,Speech Language Pathologist,1374.0,14,110.25243813710335,63.94053857357496,50.560371178917755
SD,Gynecological Oncology,1372.0,19,393.42291545158014,144.69639212812098,109.56277696801678
MD,Geriatric Psychiatry,1369.0,14,197.04487947315414,93.91086924825858,73.39170197244631
DE,Registered Dietitian or Nutrition Professional,1365.0,12,61.731934065950185,24.251172161128206,24.251172161128206
MD,Hematopoietic Cell Transplantation and Cellular Therapy,1363.0,15,308.3323550990462,119.38140132079236,90.78003668508363
AR,Registered Dietitian or Nutrition Professional,1361.0,19,84.11155033063189,31.788324761228512,27.713365172753857
OR,Medicare Diabetes Preventive Program,1359.0,7,41.98270787343635,25.324238410596028,25.324238410596028
AA,Physical Therapist in Private Practice,1339.0,5,70.30171769977595,26.278887229367438,20.07588498873861
CO,Preventive Medicine,1338.0,12,794.5913901126382,276.42077727989914,219.44197309282958
LA,Home Infusion Therapy Services,1337.0,1,731.90756171,325.28005984,257.78426328
AA,Optometry,1322.0,12,137.43682299546597,88.48571104407338,57.11398638420121
NE,Sleep Medicine,1317.0,16,313.7904328023386,98.64600607437055,73.45016704698178
DE,Sleep Medicine,1315.0,9,188.62357414400836,96.17943726065398,70.27860076051103
MS,Oral Surgery (Dentist only),1311.0,13,111.16323417254155,51.740602593398314,35.72791762022601
MI,Certified Clinical Nurse Specialist,1309.0,31,204.92632543967915,76.80693659306539,56.733246753095116
VA,Certified Nurse Midwife,1306.0,36,130.391286370487,61.60244257285053,47.65934150078699
AE,Emergency Medicine,1302.0,21,1124.4015360949693,123.50966973767127,91.70731182706376
NJ,Dentist,1300.0,22,984.8385461578953,614.5971230740116,487.6608769212523
WY,Osteopathic Manipulative Medicine,1298.0,10,227.06121725490846,76.70115562379291,49.35112480761186
DE,Osteopathic Manipulative Medicine,1292.0,5,86.74148606811146,76.46917182657508,59.46867647086532
AE,Occupational Therapist in Private Practice,1285.0,6,60.23494163424124,31.15466147846148,24.276941634471594
ME,General Practice,1276.0,23,80.25783699071474,27.129561128559565,21.215689655217087
GU,Pulmonary Disease,1276.0,19,145.4959404381544,56.701316614957996,42.418119121822336
NM,Geriatric Medicine,1271.0,17,166.26126671911092,70.96296616815815,50.575523210070806
MO,Preventive Medicine,1268.0,13,202.52883280866718,50.01099369089274,38.96570189277129
AZ,Intensive Cardiac Rehabilitation,1268.0,2,225.0,123.60293375589906,97.18167192396136
MT,Cardiac Surgery,1268.0,26,662.7869479513171,215.01089116701735,166.9121451096743
OK,Anesthesiology Assistant,1261.0,52,822.7463124488818,71.7845440125456,56.65773195875733
SD,Portable X-Ray Supplier,1261.0,15,103.68789849288501,53.14549563851435,40.46296589994497
GA,Adult Congenital Heart Disease,1256.0,22,135.68218152885987,39.93262738836378,29.730055732522853
KS,Licensed Professional Counselor,1250.0,23,181.61383199970402,96.8177199992,74.90994399995681
ZZ,Ophthalmology,1250.0,14,434.391999999664,186.33907999988,140.8377039999648
AR,Gynecological Oncology,1244.0,30,425.3697749194968,158.87668006474675,122.05940514451287
OK,Preventive Medicine,1241.0,9,121.55036261079775,41.78936341664384,31.6340128926801
VT,Colorectal Surgery (Proctology),1235.0,45,397.5612469611757,77.02999999999507,57.41204858303013
PR,Audiologist,1234.0,53,45.100267423004055,36.79229335500972,25.463492706667992
AP,Pathology,1234.0,15,183.74392220607373,52.57004051869206,41.485186385898785
IA,Oral Surgery (Dentist only),1232.0,20,252.1550324668831,74.96888798693459,54.49803571422144
NY,Adult Congenital Heart Disease,1231.0,30,836.1575954500812,167.89668562092768,132.23764419210397
ZZ,Gastroenterology,1231.0,27,574.4427294879237,98.0149390742965,75.79913891121852
ND,Plastic and Reconstructive Surgery,1227.0,47,398.34718826390224,121.06336593326732,90.33189079043929
SD,Independent Diagnostic Testing Facility (IDTF),1224.0,15,530.8972303929248,121.59436274467974,92.0545669939518
DE,Licensed Professional Counselor,1222.0,25,210.78755319202946,102.4167021281113,79.66820785596481
ID,Radiation Therapy Center,1216.0,9,1905.1628289689309,192.18531250082233,153.03060032861185
MD,Home Infusion Therapy Services,1207.0,1,38.016155758,36.861516156,28.719892295
PR,Radiation Oncology,1200.0,26,273.3580333318192,179.847933333235,141.38998333236165
MT,Hospice and Palliative Care,1198.0,28,282.6732053421202,116.88940734489735,92.27112687858263
OR,Geriatric Psychiatry,1196.0,5,255.22826086956522,98.46296822845486,75.23511705681187
CT,Mammography Center,1192.0,2,314.71895973,94.49295302200001,94.49295302200001
TN,Licensed Professional Counselor,1189.0,21,134.57457527320102,77.11282590456435,58.35999158968125
PA,Preventive Medicine,1187.0,22,198.6199326023926,95.10989890480035,67.09944397621736
ME,Surgical Oncology,1185.0,34,408.96810126712404,144.75112236305822,111.30341772121689
NM,Speech Language Pathologist,1184.0,10,193.74800675668328,84.24364020075252,65.97565878378968
VT,Pharmacy,1183.0,12,85.49029585910311,78.42890109882924,78.42890109882924
VI,Obstetrics & Gynecology,1181.0,16,106.73285351396697,80.8147671459602,61.955994919759526
NV,Undersea and Hyperbaric Medicine,1177.0,9,850.7553101107306,154.96338997356415,121.68597281097706
OR,Cardiac Surgery,1169.0,45,1884.7103421737004,503.20153977859536,399.46915312563647
ID,Undersea and Hyperbaric Medicine,1164.0,14,137.13745704296133,55.683969071993985,43.04420103098969
NE,Geriatric Psychiatry,1158.0,10,260.414438686209,103.72218480107513,73.03974956822194
NM,Portable X-Ray Supplier,1154.0,15,128.28599653263953,118.64288561497314,87.25214038033361
GU,Ambulatory Surgical Center,1152.0,21,5103.246710070156,985.9413889080556,778.5821180573611
HI,Certified Clinical Nurse Specialist,1136.0,18,184.47801056266727,70.98502640826497,49.64776408459507
ID,Opioid Treatment Program,1132.0,3,224.78110424022438,214.04372791801057,209.03186396174732
TN,Clinic or Group Practice,1131.0,4,75.81747126437489,68.88431476569407,68.88431476569407
PR,Optometry,1126.0,36,107.54559502663676,69.54063055042629,46.85678508010009
VT,Neuropsychiatry,1123.0,5,221.46037399917628,67.14405164753428,49.320062333199466
ID,Oral Surgery (Dentist only),1122.0,9,230.75615864435827,104.87366310146255,79.03672905545989
VT,Independent Diagnostic Testing Facility (IDTF),1113.0,15,235.99397124867926,219.2724977529919,162.43762803201258
IN,Clinic or Group Practice,1112.0,10,343.1762230215998,79.35440647480486,79.19791366904947
WV,Hospice and Palliative Care,1111.0,35,255.69198019827724,113.40246624682268,87.58661566167508
WA,Medicare Diabetes Preventive Program,1110.0,5,28.28108108108108,27.47266666666667,27.47266666666667
KY,Portable X-Ray Supplier,1110.0,12,146.1498288277883,51.42193693717568,37.75278378405225
VT,Neurosurgery,1108.0,38,544.5803068598358,141.08534296009566,109.2333483757852
NV,Cardiac Surgery,1104.0,37,1151.0201992750092,347.6518931161078,274.32936594137135
AR,Geriatric Psychiatry,1087.0,7,266.00899723997236,134.50590616395215,97.04873965009935
TN,Geriatric Psychiatry,1085.0,13,270.7622119835945,90.77330875490507,68.6112350235069
AL,All Other Suppliers,1079.0,16,71.65453197370064,58.330055607,58.330055607
NH,Cardiac Surgery,1078.0,39,6139.663265292719,479.60092764352595,381.0650834881391
AL,Home Infusion Therapy Services,1072.0,2,257.5972014923134,64.48977611929664,51.22234141776586
TN,Maxillofacial Surgery,1072.0,39,276.29477611940297,104.31848880629217,75.08809701492704
CO,Oral Surgery (Dentist only),1071.0,29,970.5642016776005,441.771932772253,347.4036227836228
UT,Colorectal Surgery (Proctology),1067.0,45,361.249306466701,122.75124648562416,90.87791002817058
WA,Certified Nurse Midwife,1067.0,37,206.70343017797188,83.44632614797283,61.942511715030925
GU,Podiatry,1066.0,16,232.54929643390994,77.5528048782017,56.627682926751405
ID,Neuropsychiatry,1066.0,9,179.06754221388368,88.67434333868574,62.5785459658818
MT,Mammography Center,1065.0,2,119.83004694944508,56.880995305098594,56.880995305098594
WI,Oral Surgery (Dentist only),1059.0,20,294.76298394695,94.88131255905476,68.50884796932577
NV,Marriage and Family Therapist,1053.0,14,281.7426400754891,104.83736942189648,82.37361823357931
DE,Gynecological Oncology,1053.0,29,609.6940170933902,204.15725545990884,157.01656220403135
KS,Marriage and Family Therapist,1052.0,11,197.40114068443916,89.15340304157985,69.18771863137547
NC,Geriatric Psychiatry,1052.0,13,187.1777566553517,92.8830228140998,71.94971482895436
MT,Hematology,1050.0,7,290.39714285714285,93.8435904758362,72.09808571462379
VT,Hospice and Palliative Care,1047.0,20,270.3713371538491,91.36455587403344,72.19424068742312
NV,Intensive Cardiac Rehabilitation,1046.0,2,180.0,125.18565965465584,99.38090822190154
AR,Undersea and Hyperbaric Medicine,1038.0,9,141.01830443159923,63.53747591481503,49.72074181115511
UT,Gynecological Oncology,1030.0,24,475.28505825158254,191.95682524250972,144.6766990300136
ME,Hematology,1022.0,15,282.55024462017616,111.56786692655187,82.65221135140607
AP,Family Practice,1017.0,25,272.96017698728616,69.5413569323127,53.26521140600393
NE,Opioid Treatment Program,1016.0,5,168.56836614080316,165.2950885825689,160.47790354317127
PR,Vascular Surgery,1011.0,31,234.88818991110386,116.67750741820673,86.56455984161127
ND,Cardiac Surgery,1011.0,40,1629.9262908021562,449.403016813364,355.8795351128919
AA,Hospitalist,1010.0,6,675.5277227707228,107.2164752474693,83.99372277211188
DC,Cardiac Surgery,1005.0,33,2211.3027860696634,800.357840796589,641.2380796026458
AE,Neurology,1002.0,8,8084.261477045909,53.81581836359881,42.876377245463075
LA,Neuropsychiatry,1001.0,9,193.56527472527472,96.9534865133956,76.493706294004
FL,Dentist,996.0,11,209.35240963853414,78.51505020047489,56.65123493966767
VI,General Surgery,993.0,20,200.52518630444612,114.39679758394765,80.2095065455992
HI,Thoracic Surgery,987.0,36,847.1892401194884,267.96998986851065,212.24795339561194
GU,Anesthesiology,983.0,18,162.51643947125942,121.17361139365127,88.88500508732808
AR,Home Infusion Therapy Services,977.0,3,763.9639918125281,45.681985670302964,35.79746161689355
PA,Adult Congenital Heart Disease,969.0,21,177.63880288955832,35.9406088751065,26.584200206500718
MA,All Other Suppliers,958.0,7,81.23059499050417,75.71557411262734,75.71557411262734
NH,Gynecological Oncology,957.0,20,697.9707418976519,113.953416927837,82.00196447229143
AA,Emergency Medicine,956.0,12,1066.2698744736956,122.97526150722217,95.355564853041
LA,Oral Surgery (Dentist only),955.0,23,240.29109947645028,88.29586387458953,60.871068062801044
ID,Gynecological Oncology,954.0,26,329.0493710703983,124.28115304013104,91.65451781973165
VT,Hematology,951.0,20,172.252365931449,107.87327024270661,79.99318612062565
OR,Certified Nurse Midwife,945.0,41,289.02554497402116,83.3115661372127,64.46179894162222
WI,Oral and Maxillofacial Pathology,940.0,11,183.36494680990532,41.77396808508616,33.19861702128351
AK,Pediatric Medicine,938.0,14,503.62172707924304,128.19291044800852,100.58020255886888
WA,Peripheral Vascular Disease,935.0,24,156.07486631016042,68.93490909072983,49.61680213909283
IL,Medicare Diabetes Preventive Program,934.0,5,28.7569593145439,27.851306209850105,27.851306209850105
RI,Thoracic Surgery,931.0,27,2213.171858219274,349.6068421042191,276.28876477039955
DC,Osteopathic Manipulative Medicine,923.0,7,233.258938243727,96.05738894819933,76.57394366206609
ME,Gynecological Oncology,921.0,26,342.00765472531594,140.73028230203042,108.71844734026274
WY,Plastic and Reconstructive Surgery,916.0,15,356.7007641921398,74.13888646341964,54.181331877340824
NM,Registered Dietitian or Nutrition Professional,915.0,13,73.51326775911913,31.524273224096174,28.377530054710384
KS,Undersea and Hyperbaric Medicine,914.0,7,345.128008747221,64.45422319499016,50.51560175055142
UT,Registered Dietitian or Nutrition Professional,908.0,11,65.32984581498458,30.26268722462996,29.229162995523126
ME,Pain Management,905.0,24,354.11190055227627,92.80716022091933,67.47114917128133
MN,Dentist,902.0,23,283.69401330353656,110.17180709500667,78.78445676303217
WA,Neuropsychiatry,899.0,13,347.91167964393213,123.39694104585428,87.15016685190434
GU,Cardiology,899.0,3,112.30812013345941,30.50370411557542,23.27098998901079
SC,Oral Surgery (Dentist only),887.0,19,164.7302367525806,74.98072153338332,56.02193912066967
LA,Maxillofacial Surgery,887.0,26,322.92671927887034,108.09655016879685,81.64127395721938
KS,Oral and Maxillofacial Pathology,886.0,5,275.99699774222915,74.9257110608657,50.49027088028781
PR,Colorectal Surgery (Proctology),882.0,32,182.19901360535147,114.61121315207143,83.89257369623526
VT,Addiction Medicine,879.0,5,195.5631399317406,77.63237770092606,66.46612059149716
IA,Osteopathic Manipulative Medicine,873.0,9,266.20603665578466,92.67928980507789,70.22636884317411
VI,Audiologist,870.0,12,30.58704597707356,29.764356321806897,19.979781609010345
MD,Oral Surgery (Dentist only),869.0,30,643.4428768697468,236.11252013951716,183.5182048330009
NV,Oral Surgery (Dentist only),867.0,26,274.2205305650819,75.11950403722953,55.54831603223229
TN,Neuropsychiatry,866.0,10,246.1963048498845,83.0667667448568,63.86226327905196
CA,Epileptologists,864.0,12,319.35508101850695,148.00879629585765,110.50494212967824
NM,Anesthesiology Assistant,860.0,43,1041.537209299384,89.04203488428371,71.2117790700093
NM,Hospice and Palliative Care,860.0,18,247.32441860372091,91.69070930234419,68.37660465110349
VT,General Practice,856.0,15,102.77978971950934,59.67984813202687,45.409883177497655
MA,Certified Nurse Midwife,856.0,34,163.33644859836332,64.70394859808529,49.44285046733178
ME,Undersea and Hyperbaric Medicine,856.0,7,294.3271028016764,75.59322429907944,55.99282710263143
AL,Osteopathic Manipulative Medicine,853.0,6,451.909202811864,93.86245017547128,73.00534583748887
WI,Certified Nurse Midwife,849.0,26,208.1601884569317,62.41799764534051,47.36779740933463
GU,Optometry,844.0,21,144.79908767908768,108.14742891008531,65.45611374411138
SD,Thoracic Surgery,835.0,33,2141.3282634726947,391.38731736582514,309.886886228085
MP,Nurse Practitioner,832.0,10,224.84657451926438,71.61864182701201,49.00003605779326
DE,Independent Diagnostic Testing Facility (IDTF),828.0,25,4836.5398550745895,324.4323429951425,250.14635265726207
VI,Endocrinology,827.0,5,134.09619104963724,126.44250302072551,83.21623941870496
CO,Adult Congenital Heart Disease,827.0,24,315.2950423215357,55.14648125766155,40.79452236981669
NV,Surgical Oncology,827.0,32,378.00314389319226,129.37986698900363,98.67409915341717
NJ,Public Health or Welfare Agency,823.0,7,66.00280680438397,64.55195625757958,64.55195625757958
MS,Neuropsychiatry,822.0,4,205.28832116776155,83.91884428212651,65.37621654576643
UT,Certified Clinical Nurse Specialist,819.0,7,163.91086691094017,73.62262515269599,58.2778754580354
NY,Intensive Cardiac Rehabilitation,819.0,2,138.7843711829182,135.82224664190477,107.28330891141637
MN,Undersea and Hyperbaric Medicine,816.0,12,596.0502450977182,108.40542892247304,82.91023284278188
HI,Gynecological Oncology,815.0,22,446.2883435575337,158.80331288314235,119.58808588922454
LA,Preventive Medicine,814.0,9,349.53931203955773,110.01013513460073,76.61348894264619
NH,Pediatric Medicine,813.0,26,179.63910209032596,58.330319803194215,44.089569495773674
MN,Preventive Medicine,808.0,24,505.72230197951734,132.49242574302104,104.15126237658664
GA,Geriatric Psychiatry,807.0,7,297.0751301118216,91.48162329567411,67.3708674102119
OR,Preventive Medicine,807.0,19,243.73234200732216,111.56204460960348,91.20234200712888
VI,Mass Immunizer Roster Biller,805.0,6,70.61686956474908,69.17381366497764,69.17381366497764
ND,Opioid Treatment Program,802.0,2,298.399289276808,238.12688278860352,233.5359975079177
CA,Medical Genetics and Genomics,799.0,25,469.6525031293367,156.09100125035795,120.06197747185607
NC,Undersea and Hyperbaric Medicine,797.0,5,314.9435382685069,41.806499372931,33.03514429079172
WV,Cardiac Surgery,794.0,30,1101.2420528972418,340.06270780622293,268.98899244464104
UT,Cardiac Surgery,794.0,37,1158.9298866526449,309.7389168771295,244.00542821148628
NC,Home Infusion Therapy Services,791.0,2,88.84050568913274,30.342579014088493,23.93379266769912
RI,Preventive Medicine,790.0,7,215.76455696202532,46.19254430367468,33.87683544282658
TN,Unknown Supplier/Provider Specialty,789.0,8,248.15001267468952,82.89168567823575,60.947237008599494
ZZ,Nurse Practitioner,786.0,18,214.25604325643764,71.91223918541985,53.04206106821501
NC,Preventive Medicine,785.0,20,170.41642038147899,82.90417834362547,61.32194904468025
ME,Certified Clinical Nurse Specialist,785.0,7,164.15050955208918,78.60704458603949,53.85729936311974
FL,Mammography Center,781.0,4,255.54289372599231,87.28460947305891,87.28460947305891
PA,Certified Nurse Midwife,779.0,34,117.62708600724903,52.57427471107189,44.792657252858795
NY,Addiction Medicine,777.0,12,274.9068339756268,82.98519948534106,64.24519948505149
OR,Public Health or Welfare Agency,776.0,5,87.64742268063402,68.7454768054433,68.7454768054433
GU,Certified Registered Nurse Anesthetist (CRNA),775.0,25,409.67988387042584,138.52812903354064,110.76254193584775
ZZ,"Psychologist, Clinical",770.0,8,208.96233766233766,89.11918181806753,67.97868831224027
MS,Surgical Oncology,765.0,20,309.2156862745098,121.90423529382927,93.73245751628811
UT,Surgical Oncology,764.0,29,496.7671989526702,178.05485602040707,139.48388743357722
IA,Undersea and Hyperbaric Medicine,762.0,6,252.31102362271656,70.94879265140158,52.859238845083986
AK,Gynecological Oncology,762.0,14,1330.366141732861,244.2013517104331,187.65154855711418
HI,Colorectal Surgery (Proctology),759.0,15,653.662279311502,162.92479578424243,127.65696969693018
GU,Chiropractic,757.0,2,62.95904887714663,41.99038309134214,24.958507265751653
MN,Peripheral Vascular Disease,756.0,9,373.4060846574947,80.33355820217196,62.290793651685185
ID,Speech Language Pathologist,754.0,13,138.30371352793765,76.23576923090981,58.458315649859415
VI,Interventional Pain Management,753.0,10,125.28353253856466,76.59155378419071,54.51160690600053
ND,Colorectal Surgery (Proctology),753.0,23,425.94156706455647,98.63586985316974,79.26362549762734
AK,Plastic and Reconstructive Surgery,751.0,24,829.5752596537017,253.1451797605446,196.120479360229
NV,Certified Clinical Nurse Specialist,747.0,6,224.64257028149933,92.12807229100402,67.62630522069344
VI,Dermatology,747.0,15,99.68908969217001,89.49254350749746,58.36236947767603
GU,Gastroenterology,744.0,16,657.5094085995968,132.94522849509005,103.49190860187768
NE,Oral Surgery (Dentist only),742.0,11,137.56947439369273,68.57730458262668,47.512439353053914
RI,Surgical Oncology,742.0,23,350.576819407965,113.26690026981267,86.74338274939892
MA,Maxillofacial Surgery,741.0,32,313.5114709853576,90.30257759769097,64.2443454794197
NJ,Addiction Medicine,740.0,17,443.5594594601622,129.4020000008554,98.95918918811218
GA,Dentist,736.0,13,264.55388586986277,69.86176630401265,49.562771739239
AZ,Dentist,735.0,18,652.2350068026898,332.3880544221927,259.7893333324027
NH,Undersea and Hyperbaric Medicine,728.0,10,119.93269230829257,49.21107142863599,37.259697802252745
NY,Oral and Maxillofacial Pathology,727.0,9,470.2751031618707,94.43953232378819,68.87462173284732
NC,Maxillofacial Surgery,727.0,26,423.2242090801692,128.32220082524483,98.00929848752737
IA,Marriage and Family Therapist,725.0,13,192.44640000034482,87.20680000008414,66.69340689658345
MN,Unknown Supplier/Provider Specialty,725.0,5,128.62758620699586,25.47063448299862,19.062717241576273
NJ,Maxillofacial Surgery,723.0,30,321.05269709533883,93.89629322357123,67.54739972334163
MN,Certified Nurse Midwife,713.0,29,289.97531556848526,97.27603085578541,68.49145862579805
AZ,Peripheral Vascular Disease,713.0,8,2502.088359046283,1241.3166339452764,983.9103506311502
ZZ,Nephrology,711.0,7,298.2011251758087,115.82839662338115,85.45046413622644
OR,Maxillofacial Surgery,707.0,26,336.31152758161244,79.6550636491075,57.897256011216406
NE,Home Infusion Therapy Services,707.0,2,400.0,67.71169731276804,53.43865629446393
OR,Marriage and Family Therapist,705.0,9,214.38510638282267,76.80134751853191,60.25875177352581
AE,Diagnostic Radiology,703.0,17,205.25308677134853,40.894438122393026,29.763342816419488
WA,Dentist,696.0,19,311.64339080461207,194.7395833334598,152.14053161009238
UT,Undefined Physician type,689.0,22,276.8454426706531,102.15490565908128,78.7880406392119
MI,Medicare Diabetes Preventive Program,687.0,2,25.085880640588066,24.5,24.5
GA,Oral Surgery (Dentist only),686.0,25,166.55518950501167,76.38221574299578,55.24094752185597
DE,General Practice,686.0,9,245.7616472302478,116.9792128285233,84.4217055401895
MI,Undefined Physician type,681.0,10,152.48164464023495,59.853171805459624,44.0010279
ND,Speech Language Pathologist,681.0,7,171.20365638844345,76.89035242290015,58.64415565365492
AL,Oral Surgery (Dentist only),680.0,29,218.37352941258234,95.87460294104912,70.75575000035059
CT,Home Infusion Therapy Services,678.0,1,225.0,190.00184366,150.29979351
WY,Clinical Cardiac Electrophysiology,676.0,10,141.34150887575444,41.072514792869526,23.912795858093787
MO,Mammography Center,671.0,3,203.20417287630403,86.05941877861997,84.60266766084946
ME,Cardiac Surgery,668.0,38,1790.1190119756768,513.9043263442021,411.07288922189366
VT,Thoracic Surgery,666.0,17,1570.0060060043484,291.21177177280333,228.94687687647146
WY,Pediatric Medicine,663.0,8,332.3777978883861,92.4900754144374,72.94612368040724
MP,Physician Assistant,657.0,17,391.5818112633181,62.622222222079145,43.391080669793
WV,Independent Diagnostic Testing Facility (IDTF),657.0,9,487.83783866103494,85.15295281528462,63.45907153732268
HI,Surgical Oncology,657.0,20,460.54185692586,166.1424353129574,127.28143074513699
ME,Hematopoietic Cell Transplantation and Cellular Therapy,655.0,6,320.14961832061067,116.24155724946566,92.15427480894657
ID,Surgical Oncology,654.0,19,733.1882262923242,221.67345565753365,173.263318041552
CT,Neuropsychiatry,654.0,10,308.6926605508563,109.664495412737,84.91960244601223
PR,Geriatric Medicine,650.0,15,102.12947692363845,99.30240000017847,61.677646153798456
IL,Unknown Supplier/Provider Specialty,648.0,4,160.66358024691357,28.29770061720062,19.934429012584875
WY,Critical Care (Intensivists),647.0,10,525.3213137559227,176.66431220924883,139.70729520726584
RI,Hematology,646.0,5,291.76934984520125,93.43399380845666,68.86589783291177
OR,Unknown Supplier/Provider Specialty,646.0,3,133.3328173366873,56.70758513881114,44.04303405614241
CO,Certified Nurse Midwife,645.0,23,174.70271317786978,84.78139534909147,63.01852713136124
OH,Geriatric Psychiatry,644.0,10,155.26552795024534,81.81521739162578,59.82742235986646
ZZ,Otolaryngology,644.0,14,255.30900621121117,98.69680124308384,72.31897515509628
NC,Dentist,643.0,16,257.7200622080871,82.10158631415148,58.165007775828464
AR,Adult Congenital Heart Disease,641.0,10,153.32449298020438,48.549282371369884,38.63357254296521
AK,Colorectal Surgery (Proctology),641.0,25,869.3541341656786,181.95507020160218,135.41494539706085
DC,Licensed Professional Counselor,640.0,6,129.01028125013437,76.047234375125,59.5844062499375
MD,Clinic or Group Practice,640.0,7,120.56790624922186,109.97712499893593,75.67170312515
CO,Medicare Diabetes Preventive Program,637.0,5,106.47414442765309,25.095384615384614,25.095384615384614
AZ,Marriage and Family Therapist,636.0,10,221.3364779871698,99.38438679212894,76.50735849055503
ND,Hospice and Palliative Care,636.0,9,324.46069182369496,92.92097484370913,72.30938679149999
TN,Radiation Therapy Center,634.0,5,5032.056798083912,241.38138801209146,191.28064668776025
DE,Surgical Oncology,632.0,17,470.88806962064865,104.32612341790824,79.7297310133845
OH,Radiation Therapy Center,631.0,5,505.0206022186846,189.6269730574168,150.69511885944533
NH,Marriage and Family Therapist,629.0,8,126.68044515168522,77.53642289349285,60.429443561001584
ME,Advanced Heart Failure and Transplant Cardiology,628.0,6,550.8455413992357,140.26380573311783,110.34124203687739
MI,Anesthesiology Assistant,627.0,36,586.7248803818501,72.29122807023924,58.14020733651515
VI,Anesthesiology,626.0,14,722.730031955,134.41124600505592,111.74993610373481
RI,Geriatric Psychiatry,625.0,5,248.767359998768,88.03201599986721,69.01982399951041
NV,Addiction Medicine,624.0,1,300.0,125.17206730999999,89.664214744
IN,Oral Surgery (Dentist only),621.0,24,293.1462801927842,53.86259259250886,38.463735909822866
UT,Slide Preparation Facility,621.0,1,32.74826087,32.239871176,25.016360709
VT,Certified Nurse Midwife,619.0,9,128.51534733460258,86.22851373171244,69.81867528270276
PR,Independent Diagnostic Testing Facility (IDTF),612.0,15,165.91290849629002,154.6880882350253,115.24831699295098
GU,Undefined Physician type,611.0,9,298.3112602280524,50.3015384614108,39.741440261757774
SC,Medicare Diabetes Preventive Program,610.0,3,66.99508196721311,26.474459016393443,26.474459016393443
KY,Certified Nurse Midwife,607.0,24,102.07084019776441,49.26668863244645,40.13245469518781
CT,Addiction Medicine,606.0,19,306.3778877887492,97.96777227630528,75.10665016483995
IN,Undersea and Hyperbaric Medicine,603.0,4,185.61691542288557,65.25439469327198,49.08404643467662
WV,Surgical Oncology,601.0,22,477.1285357735441,148.56966722063729,116.12710482443761
RI,Neuropsychiatry,594.0,5,187.63804713804714,55.63772727298822,43.991161616062286
HI,Pediatric Medicine,594.0,14,271.55186868723905,106.69138047143771,84.85814814862964
ME,Thoracic Surgery,590.0,24,1593.4093220336713,328.1747627095542,259.55352542265086
WV,Hand Surgery,582.0,15,106.86769759496735,43.679725085994164,32.30298969069743
ZZ,Urology,582.0,10,737.9991408931271,102.93817869442749,75.7077147765938
MN,Geriatric Psychiatry,581.0,6,163.50430292378658,82.39846815954562,60.5307917385043
AK,Hospice and Palliative Care,580.0,8,814.5293103448275,191.01231034355175,146.5813965519621
NH,Oral Surgery (Dentist only),579.0,12,390.6887392038687,97.27476683943696,73.1716234890829
NV,Geriatric Psychiatry,578.0,8,267.7612456747405,95.35968858058132,75.49152249144983
MT,Surgical Oncology,577.0,18,584.5511265157019,186.6068284222825,145.0011265161248
MO,Addiction Medicine,572.0,7,111.04818181788112,70.68959790224825,53.78062937057168
MI,Certified Nurse Midwife,572.0,16,114.08566433566433,80.25755244734265,62.51012237785838
DE,Home Infusion Therapy Services,569.0,1,225.0,173.70339192,137.47588752
VT,Geriatric Psychiatry,567.0,5,333.7142857136684,115.73756613795416,85.4919929466455
VI,Ambulatory Surgical Center,567.0,11,8929.712310405643,803.2665432109876,633.3912874771958
PA,Epileptologists,564.0,13,207.8244680851064,68.3571276590337,54.11285460968794
TN,Peripheral Vascular Disease,562.0,13,323.5111209958185,117.32745551595909,86.61128113890409
ME,Registered Dietitian or Nutrition Professional,558.0,8,76.94444444374909,27.619516129080644,27.327562724048388
RI,Licensed Professional Counselor,554.0,12,290.84445848409746,93.81805054068231,71.20454873631769
TX,Certified Nurse Midwife,552.0,19,169.44235507245833,79.78536231908878,56.41619565220833
IN,Mammography Center,549.0,2,378.5227686697632,52.116029143870676,52.116029143870676
AL,Anesthesiology Assistant,548.0,24,548.2239051080292,68.29242700745074,54.74970802904562
ID,Unknown Supplier/Provider Specialty,546.0,11,138.51831501773628,62.83446886498021,44.895347985313734
FL,Medical Genetics and Genomics,546.0,20,565.6666666665934,165.8444688637784,125.62952380882417
OR,Adult Congenital Heart Disease,545.0,14,175.93211009052348,60.418311927149176,45.160348623830096
HI,Nuclear Medicine,545.0,11,286.104587154789,86.28990825856881,66.25972477066422
DE,Maxillofacial Surgery,545.0,15,304.9211009177707,158.2202568801468,112.60744954146239
PR,Hand Surgery,538.0,13,99.37585501814871,83.52966542821468,60.02977695167007
OR,Neuropsychiatry,537.0,11,306.04540037243015,131.0701489751862,96.97279329649349
AZ,Addiction Medicine,536.0,6,157.49067164136196,106.55856343386193,81.8209514921847
AE,General Surgery,535.0,10,334.5738317757009,125.53327102759253,99.44691588825421
NJ,Undefined Physician type,534.0,6,328.4503932584269,106.98417602818914,77.94352059912546
TN,Marriage and Family Therapist,533.0,10,140.46547842477298,71.35392120067917,55.343227016833026
NM,Peripheral Vascular Disease,532.0,10,549.6729323306768,255.8650751920733,195.30693609016544
NC,Medical Toxicology,531.0,10,458.474576269887,144.49653484131298,115.97152542434914
LA,Hematopoietic Cell Transplantation and Cellular Therapy,530.0,11,266.499999999849,95.18200000011508,72.53111320802074
OK,Dentist,525.0,8,210.89333333333335,90.19908571417906,64.95354285695046
AP,Optometry,525.0,10,112.43809523809524,79.60693333395999,53.06864761902666
XX,Licensed Clinical Social Worker,525.0,3,251.23809523809524,110.8987428575238,83.64403809491618
KS,Neuropsychiatry,524.0,16,195.57061068776719,64.86874045809924,48.87406488574809
NE,Dentist,523.0,9,248.2791586998088,75.25045889200574,53.103021032609945
OH,Dentist,519.0,16,267.2832369940655,65.69524084770828,49.794836223531604
AP,Licensed Clinical Social Worker,516.0,3,150.58511628178297,87.95445736338566,68.95306201518798
UT,Certified Nurse Midwife,516.0,20,246.33720930227133,100.41034883779999,73.90976744186861
IN,Geriatric Psychiatry,514.0,5,223.3466926070039,96.86344357942023,75.15583657554475
KY,Oral Surgery (Dentist only),506.0,24,182.05632411077866,91.81996047441304,66.6925098815079
ME,Licensed Professional Counselor,505.0,12,203.14554455556436,61.96000000001584,47.3853861386198
MD,Adult Congenital Heart Disease,504.0,7,283.2043650801587,95.28984126950792,73.48765872891667
AK,Surgical Oncology,503.0,14,702.5606361837376,182.0723658055666,142.0131212720477
VI,Pulmonary Disease,499.0,11,109.06192384781563,96.22118236457516,73.69434869711422
AK,Thoracic Surgery,499.0,21,2525.4927454894387,181.97298597222863,141.74969939926794
PR,Surgical Oncology,496.0,12,93.4502016127621,91.9844959675746,65.44112903240445
AL,Geriatric Psychiatry,495.0,7,136.43434343434345,83.41783838468686,65.20404040397172
VI,Gastroenterology,494.0,11,1523.093117408907,171.1359109312834,130.21834008175304
IA,Cardiac Surgery,491.0,23,2844.101833015173,553.2196944995194,439.59018329913846
MT,Preventive Medicine,491.0,6,443.80244399185335,143.0179837051039,111.60562118172096
MT,Undefined Physician type,488.0,7,215.5143442630328,96.292520490067,70.01196721323093
GU,Pharmacy,488.0,6,99.81575819743934,76.81661885235451,76.81661885235451
NM,Certified Nurse Midwife,488.0,17,186.71413934434426,76.88909836075614,56.102008196647546
AP,Otolaryngology,487.0,9,241.53659137577003,100.21390143780698,69.70749486602054
WV,Licensed Professional Counselor,485.0,10,267.4056907216495,101.3546597944,78.32698969065774
NH,Medicare Diabetes Preventive Program,484.0,2,25.0,24.5,24.5
ID,Colorectal Surgery (Proctology),484.0,19,258.98553719022726,99.81985537128719,74.98799586727891
GU,Medical Oncology,484.0,12,283.2141528924008,82.18933884294628,61.237004132169425
AP,General Surgery,482.0,12,338.9253112033195,113.5092116182365,85.78856846500207
IA,Unknown Supplier/Provider Specialty,482.0,6,98.51867220021578,93.31767634747511,64.6373651454336
SD,Preventive Medicine,480.0,5,92.08595833355334,65.69150000005396,41.811999999976464
ND,Osteopathic Manipulative Medicine,479.0,7,1612.8893528183507,314.2561795419165,244.9548851776952
NM,Oral Surgery (Dentist only),478.0,17,1426.6822803396656,549.4641841014121,435.32326359582214
MS,Advanced Heart Failure and Transplant Cardiology,476.0,9,302.3298319329832,93.54491596633697,73.72863445320986
MA,Marriage and Family Therapist,476.0,8,222.16058823672273,92.45386554541807,71.627394957729
ID,Cardiac Surgery,471.0,21,1302.5780254791507,384.7469426782399,304.41951167715285
CO,Unknown Supplier/Provider Specialty,469.0,3,111.86567164179104,31.818400852718554,23.21748400859488
AE,Certified Registered Nurse Anesthetist (CRNA),466.0,9,997.3133047141845,93.72341201864378,72.67120171670386
ND,Undersea and Hyperbaric Medicine,466.0,4,349.2381974256009,92.3262017169206,71.92066523634763
NM,Marriage and Family Therapist,464.0,6,239.80603448284484,80.79329741405172,64.37338362071552
NC,Certified Nurse Midwife,462.0,22,112.57716450216235,55.25504328981385,41.334090909136364
MP,Physical Therapist in Private Practice,461.0,5,36.807375271149674,29.305314533553148,19.46082429494143
OR,Oral Surgery (Dentist only),461.0,14,2141.794555318547,1011.392841637731,799.4441648524142
FL,Clinic or Group Practice,460.0,4,75.43526086869565,64.38995652034782,51.122086956469566
PR,Pain Management,460.0,14,121.07126086976086,115.04484782534784,88.62649999980435
ZZ,Anesthesiology,459.0,18,1708.5977559990195,153.85459694914815,121.85355119911111
ND,Thoracic Surgery,459.0,23,2066.8804357137037,406.6289542499586,322.4616122008214
HI,Geriatric Psychiatry,457.0,10,221.67833698118162,132.53916849080525,95.92645514267394
VT,Sleep Medicine,456.0,9,302.0899122800219,92.96475877178509,68.44524122804167
UT,Geriatric Psychiatry,454.0,4,226.8993171814427,109.66385462538545,76.86588105753303
WI,Geriatric Psychiatry,452.0,6,358.32743362685835,98.89794247897566,68.80741150457742
WI,Epileptologists,452.0,7,252.9823008870354,83.60287610584734,59.405309734351775
AL,Public Health or Welfare Agency,446.0,3,92.98811659192825,91.12762331838564,91.12762331838564
FM,Psychiatry,446.0,5,210.9641255606054,106.68872197426457,84.28672645723319
GU,Audiologist,446.0,3,26.8821300448565,25.21860986542601,15.915470852154709
ND,Geriatric Medicine,442.0,6,306.447963800905,95.83610859803167,72.18361990954752
ME,Nuclear Medicine,440.0,2,1108.0,115.63711363422728,92.96704545461364
WV,Preventive Medicine,439.0,8,80.47599088838268,70.29298405392483,70.29298405392483
MO,Certified Nurse Midwife,439.0,15,136.02050113770068,65.84526196000911,50.928200455630986
CO,Dentist,437.0,10,440.3844393571625,101.07375286181922,76.41816933595882
AL,Certified Clinical Nurse Specialist,433.0,7,162.24480369515013,101.92935335035565,78.11593533506235
UT,Marriage and Family Therapist,432.0,9,272.212962962963,112.63504629650463,88.04613425942131
CO,Geriatric Psychiatry,422.0,3,324.43763033175355,104.48054502352132,80.355331753436
SD,Colorectal Surgery (Proctology),420.0,14,1142.5595238109524,268.26483333575715,207.3641904751238
ZZ,Dermatology,419.0,11,606.6419093072315,238.76525059674225,187.12513126501432
KS,Maxillofacial Surgery,416.0,16,141.44711538427643,68.29860576898317,45.808533653867784
LA,Undefined Physician type,414.0,11,195.7233091788406,92.90980676389371,72.61862318845894
OR,Undersea and Hyperbaric Medicine,413.0,6,314.47457627118644,76.18566585891524,58.49779661016876
VA,Maxillofacial Surgery,413.0,18,329.7312348667554,95.5258837770678,70.19418886205568
SC,Marriage and Family Therapist,411.0,4,155.57177615564478,110.64683698435525,87.4184428222701
WV,Maxillofacial Surgery,411.0,18,401.2554744526034,129.85092457403894,100.70411192191727
NE,Radiation Therapy Center,410.0,5,3255.3587804878052,262.6030731708439,209.22619512320486
VI,"Psychologist, Clinical",409.0,6,252.60092909625916,144.67300733545233,110.18354523122248
FL,Oral and Maxillofacial Pathology,409.0,3,177.23716381418092,63.03300733522739,48.85100244525183
WI,Neuropsychiatry,409.0,12,1158.0562347188263,117.72136919308069,90.03356968153301
CO,Epileptologists,404.0,17,497.2499999999752,104.65408415757673,80.51428217878713
IL,Clinic or Group Practice,400.0,3,30.2724,28.510700000135003,16.145300000309998
NC,Clinic or Group Practice,399.0,13,79.59401002502706,69.78147869665263,56.437744361324306
MN,Medicare Diabetes Preventive Program,398.0,3,29.35678391988191,28.34120603015075,28.34120603015075
MD,Undefined Physician type,396.0,14,130.3055555559596,90.7217424250101,74.30669191948637
SC,Addiction Medicine,393.0,2,136.70483460559797,78.80972009937405,58.82603053420356
GA,Hematopoietic Cell Transplantation and Cellular Therapy,390.0,9,489.47200000107694,105.13025641119744,78.49728205044359
HI,Plastic and Reconstructive Surgery,389.0,20,249.45532133727505,110.60223650324164,82.33884318756299
AK,Geriatric Medicine,388.0,6,567.0773195876288,129.09726804123713,98.13845360824743
AR,Preventive Medicine,385.0,4,103.93246753246753,61.07028571428832,40.58953246654546
WI,Clinic or Group Practice,381.0,17,70.91317585264567,66.83052493426771,65.47643044608661
NV,Certified Nurse Midwife,381.0,13,125.81385826772966,80.20884514477166,62.46824146994488
VI,Registered Dietitian or Nutrition Professional,379.0,3,89.92084432717678,27.89517150383905,27.89517150383905
MI,Oral and Maxillofacial Pathology,378.0,4,241.95767195865082,91.49743386310847,70.98560846548148
TN,Certified Nurse Midwife,378.0,19,89.60582010563492,49.88047619062963,42.05944444441534
ID,Geriatric Psychiatry,378.0,2,127.43386243386243,83.24161375652382,63.454126984052905
NY,Medicare Diabetes Preventive Program,376.0,2,42.659574468085104,28.253191489361704,28.253191489361704
ND,Licensed Professional Counselor,376.0,8,247.7187499997447,82.94268617171011,63.53962765947606
NH,Certified Clinical Nurse Specialist,375.0,5,153.33866666621333,94.20231999995201,64.20631999979467
PA,Medical Toxicology,368.0,9,317.61956521733697,132.02127717421033,100.31010869653532
NV,Pediatric Medicine,367.0,5,294.5286103542234,94.57659400560765,72.46893732986376
NM,Addiction Medicine,365.0,5,165.80695890180823,88.80517808223095,70.01865753411973
AR,Medical Toxicology,364.0,9,250.6620879095549,109.08282967157142,80.6512637373022
WA,Marriage and Family Therapist,363.0,5,208.0220385663912,98.0376033051405,74.50829201102204
DE,Medicare Diabetes Preventive Program,360.0,3,43.660666666666664,28.093333333333334,28.093333333333334
VT,Registered Dietitian or Nutrition Professional,360.0,3,60.05,27.36213888912222,27.36213888912222
AE,Pathology,358.0,7,207.74301675977654,35.852150837709495,28.408687151016203
AL,Neuropsychiatry,355.0,7,204.53487323932396,92.66554929552113,65.36247887297465
KS,Geriatric Psychiatry,355.0,3,79.09476056338028,55.47287323965634,43.017154929588735
AP,Hospitalist,353.0,6,262.60339943218133,102.99926345556372,81.36507082145326
ND,Interventional Pain Management,352.0,10,432.8295454553694,89.16133522651135,66.54022727289488
NY,Epileptologists,352.0,10,686.6931818181819,165.5967897719602,131.1846306812784
WI,All Other Suppliers,351.0,4,77.44965811896296,75.9008831908661,75.9008831908661
NC,Mammography Center,350.0,2,556.672857145,82.418457143,82.418457143
AL,Adult Congenital Heart Disease,349.0,10,224.51862464160456,73.85438395447278,48.876389684744986
DC,Addiction Medicine,348.0,2,162.29439654982758,124.69284483121262,92.53951149403449
AK,Preventive Medicine,347.0,5,96.50432276657061,64.49778098016714,45.149365994213255
SD,Hematology,347.0,3,307.6657060518732,116.950691639683,91.782219020634
GA,All Other Suppliers,347.0,10,200.7607492795735,61.97060518722766,61.97060518722766
HI,Cardiac Surgery,343.0,18,1311.665247812828,442.1576967883499,350.0671136974606
MI,Adult Congenital Heart Disease,341.0,11,156.70087976502055,43.501085043834024,30.03126099709032
AP,Certified Registered Nurse Anesthetist (CRNA),339.0,8,334.7756637170797,192.60474926322715,153.9900295001003
NV,Medical Genetics and Genomics,337.0,6,440.81305637982194,93.87836795036054,54.95379821956409
MD,Orofacial Pain,335.0,2,197.40298507462686,145.7653432806567,106.67519403408956
VA,Medical Toxicology,334.0,5,659.5294610944311,115.15502994241169,87.06215569068263
GU,Pain Management,332.0,8,49.07391566284458,47.12111445778162,37.55123493979608
KY,Anesthesiology Assistant,332.0,14,919.5753012055723,94.23969879565662,73.99328313343976
AL,Medical Genetics and Genomics,332.0,9,233.9156626506024,88.03996987972891,66.19698795231325
MN,Epileptologists,328.0,11,874.2804878053659,237.48234755988415,180.75841463419513
WI,Dentist,327.0,2,158.45565749235473,89.6305198776789,63.740061161752294
ID,Nuclear Medicine,326.0,10,168.79447852754296,58.33898773005552,46.027300613482204
TX,Medical Genetics and Genomics,325.0,8,441.1630769230769,181.62639999904,147.08403076959692
WV,Hematology,322.0,5,316.85403726708074,130.35633540604348,93.81546583857454
WV,Public Health or Welfare Agency,321.0,5,69.75906542102804,63.46158878445483,63.46158878445483
WY,Certified Nurse Midwife,320.0,8,119.49512500026563,58.85059375023125,41.54459375015937
FL,Medicare Diabetes Preventive Program,320.0,3,48.0,24.446437499862498,24.446437499862498
ND,Oral Surgery (Dentist only),319.0,14,181.91316614539184,58.97341692801881,38.34391849524765
KY,Home Infusion Therapy Services,318.0,1,225.28301887,168.17716981,133.13735849
KY,Maxillofacial Surgery,317.0,14,151.16719242907254,73.05993690880756,53.03829652992429
ME,Addiction Medicine,314.0,6,98.63694267460828,73.53108280236943,51.203312102019105
VA,Marriage and Family Therapist,314.0,5,163.328025476879,81.7144267516688,63.378694267515925
OH,Medical Genetics and Genomics,312.0,8,367.7499999977564,91.47096153803847,67.03096153772115
DE,Oral Surgery (Dentist only),309.0,12,201.12679611485436,75.62362459503818,57.3336893202602
CO,Marriage and Family Therapist,308.0,4,270.49675324675326,80.63603896119805,64.17600649326623
ID,Addiction Medicine,308.0,4,385.7456168819481,224.06269480363636,171.98555194588312
VI,Infectious Disease,307.0,7,126.45084690527686,118.02019543807816,76.21087947850162
PR,Neurosurgery,304.0,12,109.81407894824014,99.3011513162138,73.58825657901974
NY,Medical Genetics and Genomics,304.0,14,569.8421052631579,132.52759868383552,99.01088815789473
MO,Neuropsychiatry,302.0,9,199.46026490152317,80.99205298013244,61.04192052969205
AK,Mammography Center,298.0,2,369.8926174495973,62.63838926184564,62.63838926184564
VI,Psychiatry,295.0,5,143.49152542494915,61.96355932174915,43.39725423762576
WV,Registered Dietitian or Nutrition Professional,294.0,6,72.42119047610885,26.870442176874146,26.870442176874146
DE,Marriage and Family Therapist,293.0,3,160.66894198027302,72.51010238855972,56.11634812314676
AE,Orthopedic Surgery,292.0,9,201.8664383561644,49.29825342465959,39.191164383579455
NM,Preventive Medicine,292.0,9,238.69787671222943,109.26982876724522,75.9307534244452
OK,Undersea and Hyperbaric Medicine,289.0,5,107.49134948096886,57.52747404850865,44.16027681653288
MN,Medical Toxicology,289.0,3,502.41868511989617,159.23487889242213,121.8023529428858
MS,Hematology,287.0,7,210.77351916376307,116.1534146340906,92.56198606263415
FL,Unknown Supplier/Provider Specialty,287.0,1,300.0,143.3961324,112.76780488
AZ,Undersea and Hyperbaric Medicine,286.0,6,236.4307342652797,60.37860139813986,46.58073426563287
SD,Registered Dietitian or Nutrition Professional,286.0,4,81.8575174824056,28.872692307860138,28.872692307860138
WI,Medicare Diabetes Preventive Program,284.0,2,63.38028169014085,24.5,24.5
NH,Adult Congenital Heart Disease,278.0,6,221.4999999996403,35.31816546756295,24.398057554030217
VT,Gynecological Oncology,277.0,7,450.25270758184115,167.76606498397112,129.1236823121769
PR,Licensed Clinical Social Worker,277.0,2,56.8913357400722,45.81407942236101,34.39371841119133
IN,Maxillofacial Surgery,276.0,15,160.7355072469203,68.524021739279,47.16144927523188
AE,Preventive Medicine,274.0,5,168.92700729887227,76.91514598443067,76.91514598443067
PR,Thoracic Surgery,274.0,4,161.14770073138322,158.9124087574635,109.56094890674818
AL,Medical Toxicology,271.0,6,365.8044280442804,134.2976752775646,97.4595571957749
NE,Maxillofacial Surgery,267.0,15,181.2629213483146,70.4365168537738,51.205056179783526
VI,Plastic and Reconstructive Surgery,267.0,6,251.6928838930337,87.20284644181274,62.67808988778653
MO,Public Health or Welfare Agency,267.0,2,56.87067415730337,55.73265917602996,55.73265917602996
MD,Dentist,265.0,8,309.0145283023019,99.69656603830566,76.2669056606566
RI,Pediatric Medicine,265.0,5,691.896679244717,130.52867924586792,99.14169811158867
NY,Peripheral Vascular Disease,264.0,2,467.424242425,289.0441287848674,230.29575757505683
ID,Certified Nurse Midwife,264.0,11,140.9772727271212,64.24784090901895,46.1596969698144
NV,Dentist,261.0,5,248.27586206896552,67.50245210786207,53.593141762827585
MI,Medical Genetics and Genomics,260.0,5,134.82307692356923,54.124730769230766,38.988461538630766
VA,Epileptologists,257.0,8,341.9182879377432,112.83443579855253,89.81723735322959
OK,Public Health or Welfare Agency,255.0,6,58.373058823807845,55.271764706760784,54.17486274592941
WV,Addiction Medicine,253.0,5,66.47430830034386,48.437075098974304,32.964664031668775
WV,Colorectal Surgery (Proctology),252.0,12,228.1031746031746,93.92936507905954,71.46269841270238
WI,Addiction Medicine,251.0,7,243.61115537804778,81.38498007854184,55.20498007983148
AE,Optometry,246.0,7,130.28455284560164,84.40426829279676,57.125609756231704
WA,Medical Genetics and Genomics,245.0,12,385.97502040924905,136.622897958,102.0241224490204
AZ,Medicare Diabetes Preventive Program,244.0,2,25.0,24.5,24.5
CA,Medicare Diabetes Preventive Program,242.0,2,25.0,24.5,24.5
SD,Geriatric Medicine,242.0,8,347.9669421487603,121.41289256053719,88.94938016500413
AP,Anesthesiology,242.0,9,911.4380165245042,150.38347107380991,119.02785123969007
MI,Neuropsychiatry,241.0,9,272.2562240661826,78.8223651456722,60.22921161841038
TN,Oral Surgery (Dentist only),241.0,12,265.76348547763484,98.00639004094606,71.43477178402905
NY,Unknown Supplier/Provider Specialty,241.0,2,265.4356846473029,29.218008298850624,21.604854771439832
GA,Marriage and Family Therapist,239.0,3,146.0041841004184,87.71774058657323,69.06903765721758
UT,Addiction Medicine,238.0,5,335.31802520903364,110.7311764722815,82.80218487418487
AK,Sleep Medicine,237.0,7,676.405063301266,153.0259915627004,117.92894514659493
LA,Certified Nurse Midwife,237.0,6,45.09282700414346,27.083670886004217,22.65772151901688
WI,Marriage and Family Therapist,236.0,6,320.61016949211864,95.10911016937712,74.91372881363135
MO,Maxillofacial Surgery,234.0,13,138.44444444418804,68.08517094006838,49.91833333336325
PR,Speech Language Pathologist,234.0,4,136.98282051247864,82.03461538486324,60.54747863252137
AR,Osteopathic Manipulative Medicine,231.0,3,1383.03463207697,130.69792207763638,100.08298701227274
CT,Oral Surgery (Dentist only),230.0,11,130.59130434734783,69.92991304318696,48.77008695648695
AA,Internal Medicine,227.0,8,129.08370044052865,48.68537444930837,39.629251101290755
XX,Chiropractic,226.0,2,46.68141592920354,28.979955752486724,17.967212389265487
SC,Maxillofacial Surgery,225.0,10,195.38222222195557,85.22591111104,63.00075555572
RI,Undefined Physician type,224.0,8,754.3080357162679,227.2281250001875,177.67910714330804
XX,Anesthesiology,224.0,4,745.1339285717858,189.7019196462366,149.6114285678482
NJ,Clinic or Group Practice,223.0,2,127.03614349775785,110.24623318332735,81.69278026997308
MI,Hematopoietic Cell Transplantation and Cellular Therapy,222.0,4,140.64864864891894,116.72977477518018,91.29801801792793
MT,Colorectal Surgery (Proctology),221.0,10,421.56108597361543,123.59809954790046,107.67425339333485
AZ,Medical Genetics and Genomics,220.0,6,453.85909090996364,144.6143636346773,105.02818181646819
KS,Osteopathic Manipulative Medicine,220.0,4,109.13181818,80.06104545504546,55.06686363608182
AE,Anesthesiology,219.0,9,1492.3105022958905,182.40726027582647,142.07557077652967
ID,Marriage and Family Therapist,218.0,2,300.0,110.96674312133027,86.6227981656055
CT,Preventive Medicine,218.0,6,280.2110091743119,149.20022935559635,113.3812844041697
MO,Dentist,214.0,3,130.7700467296729,54.235233644728964,42.67542056116822
NC,Marriage and Family Therapist,212.0,6,195.14622641509433,67.95905660371226,50.767830188509436
AK,Registered Dietitian or Nutrition Professional,211.0,4,168.70900473936965,51.29677725154502,43.44336492908057
ZZ,Preventive Medicine,210.0,6,301.2738095238095,68.51333333323811,50.88623809524762
GU,Hand Surgery,210.0,9,241.96119047782855,112.7727619043162,73.22733333404761
ZZ,Medical Oncology,209.0,2,265.8893779936842,89.93028708121054,63.713540669842104
ZZ,Certified Registered Nurse Anesthetist (CRNA),207.0,8,864.8550724705797,125.21516908028985,101.03299516773428
VT,Plastic and Reconstructive Surgery,207.0,11,136.19323671497102,87.24101449329467,64.57420289860386
VT,Cardiac Surgery,206.0,9,1615.8058252483106,308.2007766955243,241.71966019421845
UT,Mammography Center,206.0,2,299.7718446582524,52.969902912359224,52.969902912359224
CO,Medical Genetics and Genomics,206.0,6,528.9846601941747,117.26956310667963,86.70116504893204
NH,Preventive Medicine,205.0,6,321.890243902439,113.43760975592,92.12273170656927
SC,Medical Toxicology,204.0,5,450.676470589951,139.46676470421616,107.4192647049451
OK,Geriatric Psychiatry,203.0,2,230.960591136404,123.57389162192118,87.62339901472907
PA,All Other Suppliers,201.0,9,114.7413432832189,72.25597014920397,72.25597014920397
IN,Certified Nurse Midwife,200.0,10,134.5400000001,72.276100001115,52.576049999975005
MO,All Other Suppliers,199.0,4,275.2397487429648,83.65809045095477,83.65809045095477
PA,Medicare Diabetes Preventive Program,196.0,1,25.0,24.5,24.5
ZZ,Plastic and Reconstructive Surgery,195.0,6,578.8111282047693,169.0087179489487,131.13420512780513
RI,Certified Nurse Midwife,194.0,10,114.3257731959433,59.18350515454639,45.04061855674227
CO,Maxillofacial Surgery,192.0,7,323.39078125,132.36020833359373,92.22182291646875
ND,Surgical Oncology,191.0,10,413.5942408367539,98.3319895284576,77.23429319423299
DC,Certified Clinical Nurse Specialist,191.0,3,197.42455497481677,142.9554973802618,111.41073298759163
GA,Clinic or Group Practice,183.0,4,86.85147540982514,85.11437158601093,85.11437158601093
NV,Hematology,181.0,4,216.15469613082874,104.04033149153038,81.01917127134254
MO,Oral Surgery (Dentist only),178.0,6,123.8314606744382,77.49921348369439,56.37589887637304
KY,Marriage and Family Therapist,176.0,4,199.43920454585225,82.5493181831534,65.20409090895454
ZZ,Pulmonary Disease,176.0,4,976.7840909094886,174.54659091164206,138.68801136198863
IA,Medicare Diabetes Preventive Program,175.0,1,25.0,24.5,24.5
MS,Dentist,175.0,5,141.3942857156,59.50171428577143,43.709257142925715
NE,Cardiac Surgery,174.0,10,7939.204137929425,470.1447701152529,372.51816092045976
NM,Colorectal Surgery (Proctology),173.0,10,239.09248554884394,109.20543352548555,84.8597687860867
AZ,Epileptologists,172.0,4,473.5465116280232,166.20732558439533,127.04750000128487
PR,Advanced Heart Failure and Transplant Cardiology,172.0,4,70.36761628006396,69.3884302333372,47.55726744202907
AL,Addiction Medicine,170.0,2,140.41176470588235,70.69523529529413,48.71617647032353
DE,Addiction Medicine,170.0,2,155.7058823529412,74.10776470556472,51.93829411787059
SD,Public Health or Welfare Agency,170.0,4,93.30588235294118,66.50041176470589,66.50041176470589
WY,Thoracic Surgery,169.0,7,1437.4497041422485,388.58130177453256,306.8966863913077
MS,Orofacial Pain,168.0,4,137.61904761904762,98.13553571535715,76.70125000074404
PR,Medical Oncology,168.0,2,147.9702380952381,69.9973214286012,54.254761904791664
WI,Maxillofacial Surgery,165.0,9,264.22787878633335,92.22163636352727,59.6823030299394
AZ,Certified Clinical Nurse Specialist,164.0,6,785.7926829292683,107.00829268097561,81.16743902485366
UT,Licensed Professional Counselor,163.0,8,244.68779141091412,97.33748466155828,71.898343558227
ME,Maxillofacial Surgery,162.0,5,156.43679012320987,135.52820987703703,98.01925925839507
WA,Certified Clinical Nurse Specialist,159.0,3,185.47169811320754,75.70031446578616,54.27754716973585
PR,Hospice and Palliative Care,154.0,3,114.44538961032467,112.63629869896106,88.50279220785715
GU,Registered Dietitian or Nutrition Professional,154.0,2,53.275324675324676,31.293571428350653,31.293571428350653
AE,Licensed Clinical Social Worker,153.0,1,110.0,57.912810458,43.461699346
MP,General Surgery,149.0,6,445.46355704697993,171.83335570422147,135.625033556953
AE,Psychiatry,146.0,4,197.6027397260274,127.53308218958905,94.55568493175343
UT,Oral Surgery (Dentist only),144.0,4,181.84027777777777,79.02069444419445,55.37576388872083
TX,Public Health or Welfare Agency,142.0,4,54.186760563577465,53.10422535216902,53.10422535216902
IN,Marriage and Family Therapist,141.0,5,244.39716312056737,83.40950354458155,64.54170212751065
ZZ,General Practice,140.0,2,184.14971428571428,91.93485714105,73.2486428575
DC,Oral Surgery (Dentist only),140.0,6,122.41428571421427,44.70357142873571,32.02442857137286
SD,Addiction Medicine,139.0,5,332.48920863309354,102.56748201385612,80.7235971222446
OH,Medical Toxicology,139.0,4,560.3597122302158,127.90812949446043,94.33762589894964
PR,Plastic and Reconstructive Surgery,137.0,6,100.86861313827738,83.02321167875913,56.310218978021894
WA,Maxillofacial Surgery,136.0,7,203.1066176470588,71.34073529396323,52.77970588196324
KS,Certified Nurse Midwife,136.0,7,86.71367647058823,50.78125000003676,43.33558823536765
MA,Anesthesiology Assistant,134.0,6,730.3320895511941,72.04985074677612,58.464999999686576
GU,Independent Diagnostic Testing Facility (IDTF),132.0,2,1171.5909090689395,400.34287878916666,305.4039393934091
MA,Hematopoietic Cell Transplantation and Cellular Therapy,131.0,2,477.22137404580155,110.85061069053435,84.99946564853434
AL,Undefined Physician type,131.0,6,882.6946564885496,143.39839694854962,113.97778625949618
PR,Gynecological Oncology,131.0,3,102.33557251908397,85.08595419854963,60.96335877909923
SC,Certified Nurse Midwife,130.0,4,202.1846153846154,86.96230769218462,59.62623076941538
AE,Pulmonary Disease,129.0,2,459.25581395465116,186.20124031255816,146.60263565930234
NH,Unknown Supplier/Provider Specialty,127.0,3,149.38582677165354,32.28362204766142,25.691889763771652
MS,Maxillofacial Surgery,126.0,4,96.82222222174605,79.67452380943651,60.38714285734921
AA,Physician Assistant,123.0,3,957.7642276422764,100.15414634138212,78.5720325205935
MD,Anesthesiology Assistant,122.0,4,898.5983606540165,71.74098360627869,60.39762295095902
NM,Cardiac Surgery,121.0,6,1513.6148760284298,502.31090908856197,404.16074379735534
GA,Undefined Physician type,120.0,5,387.19166666666666,125.66075000193334,96.36083333328334
RI,Medicare Diabetes Preventive Program,119.0,1,25.0,24.5,24.5
AK,Pharmacy,116.0,4,66.02008620675862,59.944482758448274,59.944482758448274
PR,Critical Care (Intensivists),115.0,1,211.27895652,200.47495652,159.72921739
LA,Clinic or Group Practice,114.0,3,113.6842105263158,66.2693859651579,52.79894736847369
NH,Anesthesiology Assistant,114.0,6,1495.5350877085964,176.46473684139474,145.85149122876317
OR,Orofacial Pain,113.0,5,341.7610619472567,101.32539822988495,76.18433628377876
PR,Registered Dietitian or Nutrition Professional,109.0,2,33.29577981651376,28.932477064110092,28.932477064110092
SD,Unknown Supplier/Provider Specialty,109.0,1,110.0,35.287431193,21.923394495
IA,Maxillofacial Surgery,109.0,6,344.1376146788074,42.198715596266055,31.471743119366973
MT,Unknown Supplier/Provider Specialty,108.0,3,265.7962962962963,134.8729629600926,105.28185185305554
AK,Marriage and Family Therapist,108.0,1,260.0,102.25342592999999,81.748796296
IA,Certified Nurse Midwife,107.0,5,179.44897196233646,71.964672896,57.556822429691586
AK,Oral Surgery (Dentist only),107.0,4,339.4766355137383,129.1777570080561,92.77542056106542
MA,Medicare Diabetes Preventive Program,106.0,1,25.0,24.5,24.5
IN,Home Infusion Therapy Services,106.0,1,161.79245282999997,131.08424528,104.43933961999998
ID,Medicare Diabetes Preventive Program,105.0,1,25.0,24.5,24.5
HI,Marriage and Family Therapist,105.0,4,306.74285714285713,91.8793333333238,71.17180952362857
MP,Emergency Medicine,105.0,3,261.33000000000004,64.00980952384762,46.79333333341904
LA,Epileptologists,105.0,5,346.7238095238095,135.23838095230474,106.49028571411428
PR,Sleep Medicine,104.0,5,275.8495192310577,271.4563461554808,215.24394230733654
AA,Anesthesiology,96.0,4,980.0010416614583,69.49302083339585,53.51666666665625
MS,Medical Toxicology,96.0,4,376.5208333333333,135.17270833308334,105.34093750033333
ME,Clinic or Group Practice,94.0,4,77.7831914893617,72.99702127659575,72.99702127659575
SC,Clinic or Group Practice,94.0,2,33.539148936170214,26.207234042553193,26.207234042553193
VA,Medicare Diabetes Preventive Program,94.0,1,50.0,24.5,24.5
LA,Addiction Medicine,92.0,2,457.17173912978257,116.38749999795652,82.93880434513044
VI,Centralized Flu,92.0,4,127.19065217469566,122.20521739052174,122.20521739052174
CO,Addiction Medicine,92.0,3,296.8238043480435,127.95597826201087,98.29641304451089
SD,Epileptologists,91.0,3,146.4065934065934,109.89164834993406,84.28989011004394
KY,Dentist,90.0,6,192.5333333331111,77.9541111111,57.9481111111
MD,Marriage and Family Therapist,90.0,2,187.7,93.2668888887,74.4455555549
XX,Physician Assistant,90.0,4,242.7333333337778,70.51022222206667,48.14677777748889
IA,Certified Clinical Nurse Specialist,89.0,2,125.78898876423595,44.65011235955506,30.8486516854
IN,Neuropsychiatry,89.0,2,12.932584269662922,8.987303370966291,4.223932584269663
WY,Certified Clinical Nurse Specialist,89.0,2,85.95505617977528,67.99011235955057,38.929550561797754
SD,Sleep Medicine,88.0,5,385.70454545454544,72.08056818181818,57.42818181818182
AL,Clinic or Group Practice,88.0,1,200.0,139.85375,106.83204545
NE,Certified Nurse Midwife,87.0,4,277.9655172413793,96.40850574695402,62.34816091875863
AZ,Unknown Supplier/Provider Specialty,87.0,2,170.57471263988506,151.4919540245977,118.4194252921839
AA,General Surgery,86.0,3,228.86790697604653,82.01046511716278,62.987209302186045
NV,Anesthesiology Assistant,86.0,5,1107.988372086279,95.61081395402327,76.29162790738373
PR,Pharmacy,84.0,5,90.18464285736904,72.79999999928572,72.79999999928572
ME,Portable X-Ray Supplier,84.0,3,130.01154762060713,76.91023809672619,55.00321428517858
KY,Adult Congenital Heart Disease,83.0,3,238.67469879518072,102.61759036144579,83.0489156626506
KS,Anesthesiology Assistant,83.0,3,734.2771084336144,71.36349397604819,56.307590361457834
IL,Marriage and Family Therapist,82.0,2,179.8780487804878,84.21500000004878,65.09170731695122
UT,Unknown Supplier/Provider Specialty,80.0,1,220.0,120.617,86.24
PA,Medical Genetics and Genomics,80.0,2,431.4375,174.79012499750002,129.848
DC,Mammography Center,80.0,2,186.5,101.965,101.965
WV,Sleep Medicine,78.0,3,397.3974358974359,97.17641025676924,74.3664102565
MT,Oral Surgery (Dentist only),78.0,4,184.21794871692308,70.86499999994871,52.16564102564103
OK,Certified Nurse Midwife,77.0,5,95.97402597467533,50.092987012857144,39.95727272714286
ME,Certified Nurse Midwife,76.0,4,151.23684210592106,82.67736842105262,61.243026315789464
MA,Orofacial Pain,76.0,3,254.60526315789474,101.93723684210526,81.21960526315789
CT,Adult Congenital Heart Disease,75.0,5,102.90666666606667,33.45706666675466,21.668933333378668
PR,Cardiac Surgery,75.0,5,107.50120000057333,105.39306666758667,78.70759999990668
MP,Orthopedic Surgery,75.0,2,153.23,55.96026666666666,40.69213333294667
AL,Unknown Supplier/Provider Specialty,75.0,2,117.0,71.97999999980001,56.7374666666
XX,Certified Registered Nurse Anesthetist (CRNA),73.0,4,1516.9863013876713,181.2642465731507,144.42219177958904
OH,Epileptologists,72.0,3,370.52777777805557,124.88305555555556,99.5020833331111
WV,Oral Surgery (Dentist only),72.0,3,256.27777778125,46.76277777758334,35.570694444625
GA,Medical Genetics and Genomics,72.0,3,651.2155555536111,164.164722221875,106.778333330625
HI,Peripheral Vascular Disease,71.0,3,214.7887323943662,146.09577464366197,106.35591549342254
WY,Marriage and Family Therapist,71.0,1,250.0,106.61450704,80.833521127
PR,Mass Immunizer Roster Biller,71.0,4,76.9009859155352,70.38774647894367,70.38774647894367
GU,Neurosurgery,69.0,4,387.407826088116,101.01869565137682,80.84405797091304
TX,Oral and Maxillofacial Pathology,69.0,2,230.0,70.79202898560868,54.9462318842174
WY,Cardiac Surgery,69.0,3,299.9710144930435,114.3862318847826,84.13710144779711
KY,Medical Genetics and Genomics,68.0,3,423.8529411772353,136.04705882317649,102.67617646932351
OK,Neuropsychiatry,67.0,1,222.0,118.29119403,75.771492537
PA,Dental Anesthesiology,67.0,4,934.6567164220894,102.56522387916418,84.41402985208954
OH,Unknown Supplier/Provider Specialty,65.0,2,146.58461538461538,94.98276922984616,75.03830769169231
IN,Medical Genetics and Genomics,64.0,2,117.140625,62.32265625059375,49.48437500014062
WY,Allergy/ Immunology,62.0,4,317.47096774096775,101.82467742,81.81258064596774
ZZ,Optometry,60.0,4,110.7333333335,79.11650000136666,57.271833333349996
TN,Dentist,59.0,2,383.89830508474574,73.94661016942374,58.30779661054237
WY,Unknown Supplier/Provider Specialty,59.0,2,220.76118644322034,147.576949149661,108.97915254203392
NC,Addiction Medicine,57.0,3,414.42105263280706,124.61719297947367,96.08315789554386
FL,Oral and Maxillofacial Radiology,57.0,2,79.07017543842106,14.354210526387718,11.302807017668421
AR,Dentist,55.0,2,733.9090909094544,75.53236363632728,60.184181818545454
ME,Neuropsychiatry,53.0,2,364.11320754773584,150.70188679377355,121.7935849055283
MI,Dentist,52.0,2,62.00000000115385,35.269615384615385,28.09730769230769
PR,Sports Medicine,52.0,2,92.19576923076923,90.2884615393846,62.10538461496154
MI,Unknown Supplier/Provider Specialty,51.0,1,225.0,143.32411765,115.15470588
NC,Unknown Supplier/Provider Specialty,50.0,1,225.0,145.9644,116.2932
AK,Dentist,50.0,4,483.5,85.07280000034,67.78300000044001
AK,Sports Medicine,49.0,2,282.14285714285717,126.09040816367347,98.40448979367346
ME,Undefined Physician type,48.0,3,581.3750000008333,127.59166666833333,98.28125000016666
KY,Public Health or Welfare Agency,47.0,2,56.81617021306384,53.439999999702124,53.439999999702124
MS,Medical Genetics and Genomics,47.0,2,362.4255319148936,160.18574468170212,123.80531914897871
GU,Psychiatry,46.0,1,129.57282609,69.802173913,51.549565217
IL,All Other Suppliers,46.0,2,92.96,91.10000000000001,91.10000000000001
PR,Pediatric Medicine,45.0,2,117.62777777777778,91.84333333333335,55.45466666666667
AK,Certified Nurse Midwife,45.0,3,199.99999999888888,88.55888889,66.42999999999999
MS,Certified Clinical Nurse Specialist,45.0,2,965.0666666666667,89.29422222,71.26866666653333
AA,Nurse Practitioner,45.0,3,200.33177777822223,66.24155555455556,30.88622222209333
VA,Clinic or Group Practice,44.0,2,177.95454545454547,118.53454545295455,90.09818181681818
CT,Medical Genetics and Genomics,44.0,2,338.295454545,170.95863636363637,131.2743181840909
VA,Medical Genetics and Genomics,43.0,1,554.0,240.01116279,191.41860465
RI,Cardiac Surgery,42.0,2,3242.14285715,432.96047618999995,341.8264285735
OK,Medical Genetics and Genomics,42.0,2,421.37333333333333,98.80785714304763,78.72571428571429
PA,Unknown Supplier/Provider Specialty,41.0,2,139.5121951214634,29.071951219512197,23.163170731707318
HI,Medical Genetics and Genomics,40.0,2,461.19999999875,200.10775,156.53775000000002
LA,Dentist,39.0,2,128.2051282051282,22.983589743589743,16.954871794871796
HI,Addiction Medicine,38.0,1,168.0,132.61447368,90.877894737
CA,Oral Medicine,38.0,1,250.0,220.67736842,156.05105263
ND,Maxillofacial Surgery,38.0,2,162.5000000005263,69.59999999973685,53.964736841710526
MA,Oral and Maxillofacial Pathology,37.0,2,324.75675675891887,123.25216216310811,88.28945945662163
AS,Nurse Practitioner,36.0,1,1370.0,93.365,65.888333333
AZ,Medical Toxicology,36.0,1,1315.0,167.67,133.59
ME,Oral Surgery (Dentist only),36.0,2,158.88666666666666,141.03888889,105.09722222199998
PR,Hematology,36.0,1,90.818333333,89.290555556,57.25722222200001
DC,Dentist,36.0,1,334.16666667,123.59833333,90.183888889
CA,Clinic or Group Practice,35.0,1,120.0,61.277142856999994,45.992571429
CT,Maxillofacial Surgery,35.0,1,74.48,73.450571429,50.400857143
NH,Certified Nurse Midwife,35.0,2,88.0,26.577142857142857,26.577142857142857
VA,Anesthesiology Assistant,34.0,2,935.3811764502941,175.15529412029414,139.2082352935294
MD,Radiation Therapy Center,34.0,1,259.3,65.543529412,52.222058824
HI,Maxillofacial Surgery,34.0,2,216.13911765088233,90.78117647067647,68.93617647079412
OH,Prosthodontics,33.0,2,499.8181818181818,75.88363636363636,60.91484848484849
CA,Prosthodontics,32.0,2,677.3125,101.17562500000001,80.610625
AE,Cardiology,32.0,2,90.37499999875,30.654375000125,20.811249999999998
NC,Medical Genetics and Genomics,31.0,2,299.16129032064515,157.7929032264516,112.72870967703227
AR,Addiction Medicine,30.0,1,356.66666667,66.46,49.370333333
KS,Oral Surgery (Dentist only),30.0,2,115.4,89.296,69.67699999999999
MA,Peripheral Vascular Disease,30.0,2,641.0,154.76666666399996,80.5349999984
PR,Adult Congenital Heart Disease,29.0,1,14.211724138,13.308275862,10.602413793
PR,Peripheral Vascular Disease,29.0,1,109.96,108.54931034,69.118275862
CA,Medical Toxicology,28.0,1,832.0,186.21428571,134.77964286
ME,Preventive Medicine,27.0,2,50.96296296296296,9.101111111111111,9.101111111111111
SC,Orofacial Pain,26.0,2,454.07692307461537,185.1773076946154,147.54038461615386
OK,Maxillofacial Surgery,25.0,1,135.52,70.0636,53.442
HI,Oral Surgery (Dentist only),25.0,2,181.899199998,68.20600000008,47.56520000004
AE,General Practice,24.0,2,2226.083333291667,142.60500000041668,109.898333332
WI,Adult Congenital Heart Disease,23.0,2,193.52173912869566,54.233913043565224,31.898695652169568
AR,Marriage and Family Therapist,23.0,1,147.2173913,107.19434782999998,82.200434783
IN,Dentist,23.0,1,357.02956522,84.259130435,65.199565217
UT,Maxillofacial Surgery,22.0,1,150.0,105.86863636,68.826818182
WA,Oral and Maxillofacial Pathology,22.0,1,270.0,63.475,31.990909090999995
ME,Medical Genetics and Genomics,22.0,1,303.90909091,163.56181818,118.86318182
NJ,Medicare Diabetes Preventive Program,19.0,1,52.0,24.5,24.5
IL,Anesthesiology Assistant,18.0,1,821.46666667,80.358333333,60.48222222199999
HI,Licensed Professional Counselor,16.0,1,380.0,109.56875,85.87625
VI,Certified Nurse Midwife,16.0,1,225.0,89.93,44.65
MO,Medical Genetics and Genomics,16.0,1,661.0,216.04875,156.909375
MD,Medical Genetics and Genomics,16.0,1,421.0,141.35625,79.305
NM,Undefined Physician type,16.0,1,564.94,144.379375,79.0275
WY,Sports Medicine,16.0,1,319.125,159.69125,97.31875
ND,Certified Nurse Midwife,16.0,1,207.5,88.018125,56.795
NY,Oral Medicine,16.0,1,500.0,246.55,196.44
MN,Medical Genetics and Genomics,15.0,1,490.0,160.84466667,114.682
NH,Maxillofacial Surgery,15.0,1,453.2,172.55933333,138.74000000000004
VT,Oral Surgery (Dentist only),15.0,1,111.0,71.126,50.704
ME,Adult Congenital Heart Disease,15.0,1,19.666666667,7.796,4.952
AP,Psychiatry,14.0,1,446.0,110.45714286,41.574285714
MT,Certified Nurse Midwife,13.0,1,312.0,128.66846154,128.66846154
MP,Anesthesiology,13.0,1,1338.4615385,189.52692308,146.38769231
RI,Oral Surgery (Dentist only),13.0,1,135.0,111.96384614999998,83.446923077
CT,Undefined Physician type,12.0,1,74.666666667,3.0475,2.43
LA,Marriage and Family Therapist,12.0,1,441.0,114.69666667,91.8825
MS,Certified Nurse Midwife,11.0,1,212.63818182000003,73.576363636,54.18
TN,Anesthesiology Assistant,11.0,1,1271.7909091,61.759090909,49.20454545500001
NM,Dentist,11.0,1,25.0,8.65,8.65
WV,Certified Nurse Midwife,11.0,1,50.181818182,35.511818182,35.511818182
PA,Periodontics,11.0,1,275.0,171.65,136.76
VI,Certified Registered Nurse Anesthetist (CRNA),11.0,1,222.36,134.47545455,107.15727272999999
